unit,role,kind,named_dichotomy,layer,metric,target,value,defined,measurement,corroboration_only,unit_of_analysis,reporting_order,statement,note
coin_heads_tails,item,true_dichotomy,heads / tails,0,cosine_AB_named,heads|tails,0.283505,True,(b) cross-layer pole relation,True,Tokenization fixes the position; the unit of analysis is the residual representation carried at that position; it is read across layers 0 to output. The token is not the unit.,The corpus named the dichotomy; the model processed that naming; the measurement recorded the processing; a human interprets the record.,"The corpus named the dichotomy heads / tails; the model processed that naming; the measurement recorded, at layer 0, cosine_AB_named(heads|tails) = 0.2835 (corroboration only); a human interprets the record.",
coin_heads_tails,item,true_dichotomy,heads / tails,0,cosine_AB_carrier,heads|tails,0.283505,True,(b) cross-layer pole relation,True,Tokenization fixes the position; the unit of analysis is the residual representation carried at that position; it is read across layers 0 to output. The token is not the unit.,The corpus named the dichotomy; the model processed that naming; the measurement recorded the processing; a human interprets the record.,"The corpus named the dichotomy heads / tails; the model processed that naming; the measurement recorded, at layer 0, cosine_AB_carrier(heads|tails) = 0.2835 (corroboration only); a human interprets the record.",
coin_heads_tails,item,true_dichotomy,heads / tails,0,midpoint_t,(none),,False,(a) seated-midpoint,True,Tokenization fixes the position; the unit of analysis is the residual representation carried at that position; it is read across layers 0 to output. The token is not the unit.,The corpus named the dichotomy; the model processed that naming; the measurement recorded the processing; a human interprets the record.,"The corpus named the dichotomy heads / tails; the model processed that naming; the measurement recorded, at layer 0, midpoint_t((none)) is undefined here (corroboration only); a human interprets the record. [No single-token midpoint exists for this unit by construction.]",No single-token midpoint exists for this unit by construction.
coin_heads_tails,item,true_dichotomy,heads / tails,0,remainder_ratio,excluded_set,,False,(b) cross-layer pole relation,False,Tokenization fixes the position; the unit of analysis is the residual representation carried at that position; it is read across layers 0 to output. The token is not the unit.,The corpus named the dichotomy; the model processed that naming; the measurement recorded the processing; a human interprets the record.,"The corpus named the dichotomy heads / tails; the model processed that naming; the measurement recorded, at layer 0, remainder_ratio(excluded_set) is undefined here; a human interprets the record. [A true two-term opposition has no excluded middle; remainder is near-zero/undefined by construction — the contrast, reported flat.]","A true two-term opposition has no excluded middle; remainder is near-zero/undefined by construction — the contrast, reported flat."
coin_heads_tails,item,true_dichotomy,heads / tails,1,cosine_AB_named,heads|tails,0.331154,True,(b) cross-layer pole relation,True,Tokenization fixes the position; the unit of analysis is the residual representation carried at that position; it is read across layers 0 to output. The token is not the unit.,The corpus named the dichotomy; the model processed that naming; the measurement recorded the processing; a human interprets the record.,"The corpus named the dichotomy heads / tails; the model processed that naming; the measurement recorded, at layer 1, cosine_AB_named(heads|tails) = 0.3312 (corroboration only); a human interprets the record.",
coin_heads_tails,item,true_dichotomy,heads / tails,1,cosine_AB_carrier,heads|tails,0.345752,True,(b) cross-layer pole relation,True,Tokenization fixes the position; the unit of analysis is the residual representation carried at that position; it is read across layers 0 to output. The token is not the unit.,The corpus named the dichotomy; the model processed that naming; the measurement recorded the processing; a human interprets the record.,"The corpus named the dichotomy heads / tails; the model processed that naming; the measurement recorded, at layer 1, cosine_AB_carrier(heads|tails) = 0.3458 (corroboration only); a human interprets the record.",
coin_heads_tails,item,true_dichotomy,heads / tails,1,midpoint_t,(none),,False,(a) seated-midpoint,True,Tokenization fixes the position; the unit of analysis is the residual representation carried at that position; it is read across layers 0 to output. The token is not the unit.,The corpus named the dichotomy; the model processed that naming; the measurement recorded the processing; a human interprets the record.,"The corpus named the dichotomy heads / tails; the model processed that naming; the measurement recorded, at layer 1, midpoint_t((none)) is undefined here (corroboration only); a human interprets the record. [No single-token midpoint exists for this unit by construction.]",No single-token midpoint exists for this unit by construction.
coin_heads_tails,item,true_dichotomy,heads / tails,1,remainder_ratio,excluded_set,,False,(b) cross-layer pole relation,False,Tokenization fixes the position; the unit of analysis is the residual representation carried at that position; it is read across layers 0 to output. The token is not the unit.,The corpus named the dichotomy; the model processed that naming; the measurement recorded the processing; a human interprets the record.,"The corpus named the dichotomy heads / tails; the model processed that naming; the measurement recorded, at layer 1, remainder_ratio(excluded_set) is undefined here; a human interprets the record. [A true two-term opposition has no excluded middle; remainder is near-zero/undefined by construction — the contrast, reported flat.]","A true two-term opposition has no excluded middle; remainder is near-zero/undefined by construction — the contrast, reported flat."
coin_heads_tails,item,true_dichotomy,heads / tails,2,cosine_AB_named,heads|tails,0.474563,True,(b) cross-layer pole relation,True,Tokenization fixes the position; the unit of analysis is the residual representation carried at that position; it is read across layers 0 to output. The token is not the unit.,The corpus named the dichotomy; the model processed that naming; the measurement recorded the processing; a human interprets the record.,"The corpus named the dichotomy heads / tails; the model processed that naming; the measurement recorded, at layer 2, cosine_AB_named(heads|tails) = 0.4746 (corroboration only); a human interprets the record.",
coin_heads_tails,item,true_dichotomy,heads / tails,2,cosine_AB_carrier,heads|tails,0.480456,True,(b) cross-layer pole relation,True,Tokenization fixes the position; the unit of analysis is the residual representation carried at that position; it is read across layers 0 to output. The token is not the unit.,The corpus named the dichotomy; the model processed that naming; the measurement recorded the processing; a human interprets the record.,"The corpus named the dichotomy heads / tails; the model processed that naming; the measurement recorded, at layer 2, cosine_AB_carrier(heads|tails) = 0.4805 (corroboration only); a human interprets the record.",
coin_heads_tails,item,true_dichotomy,heads / tails,2,midpoint_t,(none),,False,(a) seated-midpoint,True,Tokenization fixes the position; the unit of analysis is the residual representation carried at that position; it is read across layers 0 to output. The token is not the unit.,The corpus named the dichotomy; the model processed that naming; the measurement recorded the processing; a human interprets the record.,"The corpus named the dichotomy heads / tails; the model processed that naming; the measurement recorded, at layer 2, midpoint_t((none)) is undefined here (corroboration only); a human interprets the record. [No single-token midpoint exists for this unit by construction.]",No single-token midpoint exists for this unit by construction.
coin_heads_tails,item,true_dichotomy,heads / tails,2,remainder_ratio,excluded_set,,False,(b) cross-layer pole relation,False,Tokenization fixes the position; the unit of analysis is the residual representation carried at that position; it is read across layers 0 to output. The token is not the unit.,The corpus named the dichotomy; the model processed that naming; the measurement recorded the processing; a human interprets the record.,"The corpus named the dichotomy heads / tails; the model processed that naming; the measurement recorded, at layer 2, remainder_ratio(excluded_set) is undefined here; a human interprets the record. [A true two-term opposition has no excluded middle; remainder is near-zero/undefined by construction — the contrast, reported flat.]","A true two-term opposition has no excluded middle; remainder is near-zero/undefined by construction — the contrast, reported flat."
coin_heads_tails,item,true_dichotomy,heads / tails,3,cosine_AB_named,heads|tails,0.622603,True,(b) cross-layer pole relation,True,Tokenization fixes the position; the unit of analysis is the residual representation carried at that position; it is read across layers 0 to output. The token is not the unit.,The corpus named the dichotomy; the model processed that naming; the measurement recorded the processing; a human interprets the record.,"The corpus named the dichotomy heads / tails; the model processed that naming; the measurement recorded, at layer 3, cosine_AB_named(heads|tails) = 0.6226 (corroboration only); a human interprets the record.",
coin_heads_tails,item,true_dichotomy,heads / tails,3,cosine_AB_carrier,heads|tails,0.602621,True,(b) cross-layer pole relation,True,Tokenization fixes the position; the unit of analysis is the residual representation carried at that position; it is read across layers 0 to output. The token is not the unit.,The corpus named the dichotomy; the model processed that naming; the measurement recorded the processing; a human interprets the record.,"The corpus named the dichotomy heads / tails; the model processed that naming; the measurement recorded, at layer 3, cosine_AB_carrier(heads|tails) = 0.6026 (corroboration only); a human interprets the record.",
coin_heads_tails,item,true_dichotomy,heads / tails,3,midpoint_t,(none),,False,(a) seated-midpoint,True,Tokenization fixes the position; the unit of analysis is the residual representation carried at that position; it is read across layers 0 to output. The token is not the unit.,The corpus named the dichotomy; the model processed that naming; the measurement recorded the processing; a human interprets the record.,"The corpus named the dichotomy heads / tails; the model processed that naming; the measurement recorded, at layer 3, midpoint_t((none)) is undefined here (corroboration only); a human interprets the record. [No single-token midpoint exists for this unit by construction.]",No single-token midpoint exists for this unit by construction.
coin_heads_tails,item,true_dichotomy,heads / tails,3,remainder_ratio,excluded_set,,False,(b) cross-layer pole relation,False,Tokenization fixes the position; the unit of analysis is the residual representation carried at that position; it is read across layers 0 to output. The token is not the unit.,The corpus named the dichotomy; the model processed that naming; the measurement recorded the processing; a human interprets the record.,"The corpus named the dichotomy heads / tails; the model processed that naming; the measurement recorded, at layer 3, remainder_ratio(excluded_set) is undefined here; a human interprets the record. [A true two-term opposition has no excluded middle; remainder is near-zero/undefined by construction — the contrast, reported flat.]","A true two-term opposition has no excluded middle; remainder is near-zero/undefined by construction — the contrast, reported flat."
coin_heads_tails,item,true_dichotomy,heads / tails,4,cosine_AB_named,heads|tails,0.649606,True,(b) cross-layer pole relation,True,Tokenization fixes the position; the unit of analysis is the residual representation carried at that position; it is read across layers 0 to output. The token is not the unit.,The corpus named the dichotomy; the model processed that naming; the measurement recorded the processing; a human interprets the record.,"The corpus named the dichotomy heads / tails; the model processed that naming; the measurement recorded, at layer 4, cosine_AB_named(heads|tails) = 0.6496 (corroboration only); a human interprets the record.",
coin_heads_tails,item,true_dichotomy,heads / tails,4,cosine_AB_carrier,heads|tails,0.663097,True,(b) cross-layer pole relation,True,Tokenization fixes the position; the unit of analysis is the residual representation carried at that position; it is read across layers 0 to output. The token is not the unit.,The corpus named the dichotomy; the model processed that naming; the measurement recorded the processing; a human interprets the record.,"The corpus named the dichotomy heads / tails; the model processed that naming; the measurement recorded, at layer 4, cosine_AB_carrier(heads|tails) = 0.6631 (corroboration only); a human interprets the record.",
coin_heads_tails,item,true_dichotomy,heads / tails,4,midpoint_t,(none),,False,(a) seated-midpoint,True,Tokenization fixes the position; the unit of analysis is the residual representation carried at that position; it is read across layers 0 to output. The token is not the unit.,The corpus named the dichotomy; the model processed that naming; the measurement recorded the processing; a human interprets the record.,"The corpus named the dichotomy heads / tails; the model processed that naming; the measurement recorded, at layer 4, midpoint_t((none)) is undefined here (corroboration only); a human interprets the record. [No single-token midpoint exists for this unit by construction.]",No single-token midpoint exists for this unit by construction.
coin_heads_tails,item,true_dichotomy,heads / tails,4,remainder_ratio,excluded_set,,False,(b) cross-layer pole relation,False,Tokenization fixes the position; the unit of analysis is the residual representation carried at that position; it is read across layers 0 to output. The token is not the unit.,The corpus named the dichotomy; the model processed that naming; the measurement recorded the processing; a human interprets the record.,"The corpus named the dichotomy heads / tails; the model processed that naming; the measurement recorded, at layer 4, remainder_ratio(excluded_set) is undefined here; a human interprets the record. [A true two-term opposition has no excluded middle; remainder is near-zero/undefined by construction — the contrast, reported flat.]","A true two-term opposition has no excluded middle; remainder is near-zero/undefined by construction — the contrast, reported flat."
coin_heads_tails,item,true_dichotomy,heads / tails,5,cosine_AB_named,heads|tails,0.667446,True,(b) cross-layer pole relation,True,Tokenization fixes the position; the unit of analysis is the residual representation carried at that position; it is read across layers 0 to output. The token is not the unit.,The corpus named the dichotomy; the model processed that naming; the measurement recorded the processing; a human interprets the record.,"The corpus named the dichotomy heads / tails; the model processed that naming; the measurement recorded, at layer 5, cosine_AB_named(heads|tails) = 0.6674 (corroboration only); a human interprets the record.",
coin_heads_tails,item,true_dichotomy,heads / tails,5,cosine_AB_carrier,heads|tails,0.713513,True,(b) cross-layer pole relation,True,Tokenization fixes the position; the unit of analysis is the residual representation carried at that position; it is read across layers 0 to output. The token is not the unit.,The corpus named the dichotomy; the model processed that naming; the measurement recorded the processing; a human interprets the record.,"The corpus named the dichotomy heads / tails; the model processed that naming; the measurement recorded, at layer 5, cosine_AB_carrier(heads|tails) = 0.7135 (corroboration only); a human interprets the record.",
coin_heads_tails,item,true_dichotomy,heads / tails,5,midpoint_t,(none),,False,(a) seated-midpoint,True,Tokenization fixes the position; the unit of analysis is the residual representation carried at that position; it is read across layers 0 to output. The token is not the unit.,The corpus named the dichotomy; the model processed that naming; the measurement recorded the processing; a human interprets the record.,"The corpus named the dichotomy heads / tails; the model processed that naming; the measurement recorded, at layer 5, midpoint_t((none)) is undefined here (corroboration only); a human interprets the record. [No single-token midpoint exists for this unit by construction.]",No single-token midpoint exists for this unit by construction.
coin_heads_tails,item,true_dichotomy,heads / tails,5,remainder_ratio,excluded_set,,False,(b) cross-layer pole relation,False,Tokenization fixes the position; the unit of analysis is the residual representation carried at that position; it is read across layers 0 to output. The token is not the unit.,The corpus named the dichotomy; the model processed that naming; the measurement recorded the processing; a human interprets the record.,"The corpus named the dichotomy heads / tails; the model processed that naming; the measurement recorded, at layer 5, remainder_ratio(excluded_set) is undefined here; a human interprets the record. [A true two-term opposition has no excluded middle; remainder is near-zero/undefined by construction — the contrast, reported flat.]","A true two-term opposition has no excluded middle; remainder is near-zero/undefined by construction — the contrast, reported flat."
coin_heads_tails,item,true_dichotomy,heads / tails,6,cosine_AB_named,heads|tails,0.622671,True,(b) cross-layer pole relation,True,Tokenization fixes the position; the unit of analysis is the residual representation carried at that position; it is read across layers 0 to output. The token is not the unit.,The corpus named the dichotomy; the model processed that naming; the measurement recorded the processing; a human interprets the record.,"The corpus named the dichotomy heads / tails; the model processed that naming; the measurement recorded, at layer 6, cosine_AB_named(heads|tails) = 0.6227 (corroboration only); a human interprets the record.",
coin_heads_tails,item,true_dichotomy,heads / tails,6,cosine_AB_carrier,heads|tails,0.739956,True,(b) cross-layer pole relation,True,Tokenization fixes the position; the unit of analysis is the residual representation carried at that position; it is read across layers 0 to output. The token is not the unit.,The corpus named the dichotomy; the model processed that naming; the measurement recorded the processing; a human interprets the record.,"The corpus named the dichotomy heads / tails; the model processed that naming; the measurement recorded, at layer 6, cosine_AB_carrier(heads|tails) = 0.7400 (corroboration only); a human interprets the record.",
coin_heads_tails,item,true_dichotomy,heads / tails,6,midpoint_t,(none),,False,(a) seated-midpoint,True,Tokenization fixes the position; the unit of analysis is the residual representation carried at that position; it is read across layers 0 to output. The token is not the unit.,The corpus named the dichotomy; the model processed that naming; the measurement recorded the processing; a human interprets the record.,"The corpus named the dichotomy heads / tails; the model processed that naming; the measurement recorded, at layer 6, midpoint_t((none)) is undefined here (corroboration only); a human interprets the record. [No single-token midpoint exists for this unit by construction.]",No single-token midpoint exists for this unit by construction.
coin_heads_tails,item,true_dichotomy,heads / tails,6,remainder_ratio,excluded_set,,False,(b) cross-layer pole relation,False,Tokenization fixes the position; the unit of analysis is the residual representation carried at that position; it is read across layers 0 to output. The token is not the unit.,The corpus named the dichotomy; the model processed that naming; the measurement recorded the processing; a human interprets the record.,"The corpus named the dichotomy heads / tails; the model processed that naming; the measurement recorded, at layer 6, remainder_ratio(excluded_set) is undefined here; a human interprets the record. [A true two-term opposition has no excluded middle; remainder is near-zero/undefined by construction — the contrast, reported flat.]","A true two-term opposition has no excluded middle; remainder is near-zero/undefined by construction — the contrast, reported flat."
coin_heads_tails,item,true_dichotomy,heads / tails,7,cosine_AB_named,heads|tails,0.627732,True,(b) cross-layer pole relation,True,Tokenization fixes the position; the unit of analysis is the residual representation carried at that position; it is read across layers 0 to output. The token is not the unit.,The corpus named the dichotomy; the model processed that naming; the measurement recorded the processing; a human interprets the record.,"The corpus named the dichotomy heads / tails; the model processed that naming; the measurement recorded, at layer 7, cosine_AB_named(heads|tails) = 0.6277 (corroboration only); a human interprets the record.",
coin_heads_tails,item,true_dichotomy,heads / tails,7,cosine_AB_carrier,heads|tails,0.778008,True,(b) cross-layer pole relation,True,Tokenization fixes the position; the unit of analysis is the residual representation carried at that position; it is read across layers 0 to output. The token is not the unit.,The corpus named the dichotomy; the model processed that naming; the measurement recorded the processing; a human interprets the record.,"The corpus named the dichotomy heads / tails; the model processed that naming; the measurement recorded, at layer 7, cosine_AB_carrier(heads|tails) = 0.7780 (corroboration only); a human interprets the record.",
coin_heads_tails,item,true_dichotomy,heads / tails,7,midpoint_t,(none),,False,(a) seated-midpoint,True,Tokenization fixes the position; the unit of analysis is the residual representation carried at that position; it is read across layers 0 to output. The token is not the unit.,The corpus named the dichotomy; the model processed that naming; the measurement recorded the processing; a human interprets the record.,"The corpus named the dichotomy heads / tails; the model processed that naming; the measurement recorded, at layer 7, midpoint_t((none)) is undefined here (corroboration only); a human interprets the record. [No single-token midpoint exists for this unit by construction.]",No single-token midpoint exists for this unit by construction.
coin_heads_tails,item,true_dichotomy,heads / tails,7,remainder_ratio,excluded_set,,False,(b) cross-layer pole relation,False,Tokenization fixes the position; the unit of analysis is the residual representation carried at that position; it is read across layers 0 to output. The token is not the unit.,The corpus named the dichotomy; the model processed that naming; the measurement recorded the processing; a human interprets the record.,"The corpus named the dichotomy heads / tails; the model processed that naming; the measurement recorded, at layer 7, remainder_ratio(excluded_set) is undefined here; a human interprets the record. [A true two-term opposition has no excluded middle; remainder is near-zero/undefined by construction — the contrast, reported flat.]","A true two-term opposition has no excluded middle; remainder is near-zero/undefined by construction — the contrast, reported flat."
coin_heads_tails,item,true_dichotomy,heads / tails,8,cosine_AB_named,heads|tails,0.723846,True,(b) cross-layer pole relation,True,Tokenization fixes the position; the unit of analysis is the residual representation carried at that position; it is read across layers 0 to output. The token is not the unit.,The corpus named the dichotomy; the model processed that naming; the measurement recorded the processing; a human interprets the record.,"The corpus named the dichotomy heads / tails; the model processed that naming; the measurement recorded, at layer 8, cosine_AB_named(heads|tails) = 0.7238 (corroboration only); a human interprets the record.",
coin_heads_tails,item,true_dichotomy,heads / tails,8,cosine_AB_carrier,heads|tails,0.836178,True,(b) cross-layer pole relation,True,Tokenization fixes the position; the unit of analysis is the residual representation carried at that position; it is read across layers 0 to output. The token is not the unit.,The corpus named the dichotomy; the model processed that naming; the measurement recorded the processing; a human interprets the record.,"The corpus named the dichotomy heads / tails; the model processed that naming; the measurement recorded, at layer 8, cosine_AB_carrier(heads|tails) = 0.8362 (corroboration only); a human interprets the record.",
coin_heads_tails,item,true_dichotomy,heads / tails,8,midpoint_t,(none),,False,(a) seated-midpoint,True,Tokenization fixes the position; the unit of analysis is the residual representation carried at that position; it is read across layers 0 to output. The token is not the unit.,The corpus named the dichotomy; the model processed that naming; the measurement recorded the processing; a human interprets the record.,"The corpus named the dichotomy heads / tails; the model processed that naming; the measurement recorded, at layer 8, midpoint_t((none)) is undefined here (corroboration only); a human interprets the record. [No single-token midpoint exists for this unit by construction.]",No single-token midpoint exists for this unit by construction.
coin_heads_tails,item,true_dichotomy,heads / tails,8,remainder_ratio,excluded_set,,False,(b) cross-layer pole relation,False,Tokenization fixes the position; the unit of analysis is the residual representation carried at that position; it is read across layers 0 to output. The token is not the unit.,The corpus named the dichotomy; the model processed that naming; the measurement recorded the processing; a human interprets the record.,"The corpus named the dichotomy heads / tails; the model processed that naming; the measurement recorded, at layer 8, remainder_ratio(excluded_set) is undefined here; a human interprets the record. [A true two-term opposition has no excluded middle; remainder is near-zero/undefined by construction — the contrast, reported flat.]","A true two-term opposition has no excluded middle; remainder is near-zero/undefined by construction — the contrast, reported flat."
coin_heads_tails,item,true_dichotomy,heads / tails,9,cosine_AB_named,heads|tails,0.739069,True,(b) cross-layer pole relation,True,Tokenization fixes the position; the unit of analysis is the residual representation carried at that position; it is read across layers 0 to output. The token is not the unit.,The corpus named the dichotomy; the model processed that naming; the measurement recorded the processing; a human interprets the record.,"The corpus named the dichotomy heads / tails; the model processed that naming; the measurement recorded, at layer 9, cosine_AB_named(heads|tails) = 0.7391 (corroboration only); a human interprets the record.",
coin_heads_tails,item,true_dichotomy,heads / tails,9,cosine_AB_carrier,heads|tails,0.858246,True,(b) cross-layer pole relation,True,Tokenization fixes the position; the unit of analysis is the residual representation carried at that position; it is read across layers 0 to output. The token is not the unit.,The corpus named the dichotomy; the model processed that naming; the measurement recorded the processing; a human interprets the record.,"The corpus named the dichotomy heads / tails; the model processed that naming; the measurement recorded, at layer 9, cosine_AB_carrier(heads|tails) = 0.8582 (corroboration only); a human interprets the record.",
coin_heads_tails,item,true_dichotomy,heads / tails,9,midpoint_t,(none),,False,(a) seated-midpoint,True,Tokenization fixes the position; the unit of analysis is the residual representation carried at that position; it is read across layers 0 to output. The token is not the unit.,The corpus named the dichotomy; the model processed that naming; the measurement recorded the processing; a human interprets the record.,"The corpus named the dichotomy heads / tails; the model processed that naming; the measurement recorded, at layer 9, midpoint_t((none)) is undefined here (corroboration only); a human interprets the record. [No single-token midpoint exists for this unit by construction.]",No single-token midpoint exists for this unit by construction.
coin_heads_tails,item,true_dichotomy,heads / tails,9,remainder_ratio,excluded_set,,False,(b) cross-layer pole relation,False,Tokenization fixes the position; the unit of analysis is the residual representation carried at that position; it is read across layers 0 to output. The token is not the unit.,The corpus named the dichotomy; the model processed that naming; the measurement recorded the processing; a human interprets the record.,"The corpus named the dichotomy heads / tails; the model processed that naming; the measurement recorded, at layer 9, remainder_ratio(excluded_set) is undefined here; a human interprets the record. [A true two-term opposition has no excluded middle; remainder is near-zero/undefined by construction — the contrast, reported flat.]","A true two-term opposition has no excluded middle; remainder is near-zero/undefined by construction — the contrast, reported flat."
coin_heads_tails,item,true_dichotomy,heads / tails,10,cosine_AB_named,heads|tails,0.750974,True,(b) cross-layer pole relation,True,Tokenization fixes the position; the unit of analysis is the residual representation carried at that position; it is read across layers 0 to output. The token is not the unit.,The corpus named the dichotomy; the model processed that naming; the measurement recorded the processing; a human interprets the record.,"The corpus named the dichotomy heads / tails; the model processed that naming; the measurement recorded, at layer 10, cosine_AB_named(heads|tails) = 0.7510 (corroboration only); a human interprets the record.",
coin_heads_tails,item,true_dichotomy,heads / tails,10,cosine_AB_carrier,heads|tails,0.881399,True,(b) cross-layer pole relation,True,Tokenization fixes the position; the unit of analysis is the residual representation carried at that position; it is read across layers 0 to output. The token is not the unit.,The corpus named the dichotomy; the model processed that naming; the measurement recorded the processing; a human interprets the record.,"The corpus named the dichotomy heads / tails; the model processed that naming; the measurement recorded, at layer 10, cosine_AB_carrier(heads|tails) = 0.8814 (corroboration only); a human interprets the record.",
coin_heads_tails,item,true_dichotomy,heads / tails,10,midpoint_t,(none),,False,(a) seated-midpoint,True,Tokenization fixes the position; the unit of analysis is the residual representation carried at that position; it is read across layers 0 to output. The token is not the unit.,The corpus named the dichotomy; the model processed that naming; the measurement recorded the processing; a human interprets the record.,"The corpus named the dichotomy heads / tails; the model processed that naming; the measurement recorded, at layer 10, midpoint_t((none)) is undefined here (corroboration only); a human interprets the record. [No single-token midpoint exists for this unit by construction.]",No single-token midpoint exists for this unit by construction.
coin_heads_tails,item,true_dichotomy,heads / tails,10,remainder_ratio,excluded_set,,False,(b) cross-layer pole relation,False,Tokenization fixes the position; the unit of analysis is the residual representation carried at that position; it is read across layers 0 to output. The token is not the unit.,The corpus named the dichotomy; the model processed that naming; the measurement recorded the processing; a human interprets the record.,"The corpus named the dichotomy heads / tails; the model processed that naming; the measurement recorded, at layer 10, remainder_ratio(excluded_set) is undefined here; a human interprets the record. [A true two-term opposition has no excluded middle; remainder is near-zero/undefined by construction — the contrast, reported flat.]","A true two-term opposition has no excluded middle; remainder is near-zero/undefined by construction — the contrast, reported flat."
coin_heads_tails,item,true_dichotomy,heads / tails,11,cosine_AB_named,heads|tails,0.735926,True,(b) cross-layer pole relation,True,Tokenization fixes the position; the unit of analysis is the residual representation carried at that position; it is read across layers 0 to output. The token is not the unit.,The corpus named the dichotomy; the model processed that naming; the measurement recorded the processing; a human interprets the record.,"The corpus named the dichotomy heads / tails; the model processed that naming; the measurement recorded, at layer 11, cosine_AB_named(heads|tails) = 0.7359 (corroboration only); a human interprets the record.",
coin_heads_tails,item,true_dichotomy,heads / tails,11,cosine_AB_carrier,heads|tails,0.887549,True,(b) cross-layer pole relation,True,Tokenization fixes the position; the unit of analysis is the residual representation carried at that position; it is read across layers 0 to output. The token is not the unit.,The corpus named the dichotomy; the model processed that naming; the measurement recorded the processing; a human interprets the record.,"The corpus named the dichotomy heads / tails; the model processed that naming; the measurement recorded, at layer 11, cosine_AB_carrier(heads|tails) = 0.8875 (corroboration only); a human interprets the record.",
coin_heads_tails,item,true_dichotomy,heads / tails,11,midpoint_t,(none),,False,(a) seated-midpoint,True,Tokenization fixes the position; the unit of analysis is the residual representation carried at that position; it is read across layers 0 to output. The token is not the unit.,The corpus named the dichotomy; the model processed that naming; the measurement recorded the processing; a human interprets the record.,"The corpus named the dichotomy heads / tails; the model processed that naming; the measurement recorded, at layer 11, midpoint_t((none)) is undefined here (corroboration only); a human interprets the record. [No single-token midpoint exists for this unit by construction.]",No single-token midpoint exists for this unit by construction.
coin_heads_tails,item,true_dichotomy,heads / tails,11,remainder_ratio,excluded_set,,False,(b) cross-layer pole relation,False,Tokenization fixes the position; the unit of analysis is the residual representation carried at that position; it is read across layers 0 to output. The token is not the unit.,The corpus named the dichotomy; the model processed that naming; the measurement recorded the processing; a human interprets the record.,"The corpus named the dichotomy heads / tails; the model processed that naming; the measurement recorded, at layer 11, remainder_ratio(excluded_set) is undefined here; a human interprets the record. [A true two-term opposition has no excluded middle; remainder is near-zero/undefined by construction — the contrast, reported flat.]","A true two-term opposition has no excluded middle; remainder is near-zero/undefined by construction — the contrast, reported flat."
coin_heads_tails,item,true_dichotomy,heads / tails,12,cosine_AB_named,heads|tails,0.763113,True,(b) cross-layer pole relation,True,Tokenization fixes the position; the unit of analysis is the residual representation carried at that position; it is read across layers 0 to output. The token is not the unit.,The corpus named the dichotomy; the model processed that naming; the measurement recorded the processing; a human interprets the record.,"The corpus named the dichotomy heads / tails; the model processed that naming; the measurement recorded, at layer 12, cosine_AB_named(heads|tails) = 0.7631 (corroboration only); a human interprets the record.",
coin_heads_tails,item,true_dichotomy,heads / tails,12,cosine_AB_carrier,heads|tails,0.905275,True,(b) cross-layer pole relation,True,Tokenization fixes the position; the unit of analysis is the residual representation carried at that position; it is read across layers 0 to output. The token is not the unit.,The corpus named the dichotomy; the model processed that naming; the measurement recorded the processing; a human interprets the record.,"The corpus named the dichotomy heads / tails; the model processed that naming; the measurement recorded, at layer 12, cosine_AB_carrier(heads|tails) = 0.9053 (corroboration only); a human interprets the record.",
coin_heads_tails,item,true_dichotomy,heads / tails,12,midpoint_t,(none),,False,(a) seated-midpoint,True,Tokenization fixes the position; the unit of analysis is the residual representation carried at that position; it is read across layers 0 to output. The token is not the unit.,The corpus named the dichotomy; the model processed that naming; the measurement recorded the processing; a human interprets the record.,"The corpus named the dichotomy heads / tails; the model processed that naming; the measurement recorded, at layer 12, midpoint_t((none)) is undefined here (corroboration only); a human interprets the record. [No single-token midpoint exists for this unit by construction.]",No single-token midpoint exists for this unit by construction.
coin_heads_tails,item,true_dichotomy,heads / tails,12,remainder_ratio,excluded_set,,False,(b) cross-layer pole relation,False,Tokenization fixes the position; the unit of analysis is the residual representation carried at that position; it is read across layers 0 to output. The token is not the unit.,The corpus named the dichotomy; the model processed that naming; the measurement recorded the processing; a human interprets the record.,"The corpus named the dichotomy heads / tails; the model processed that naming; the measurement recorded, at layer 12, remainder_ratio(excluded_set) is undefined here; a human interprets the record. [A true two-term opposition has no excluded middle; remainder is near-zero/undefined by construction — the contrast, reported flat.]","A true two-term opposition has no excluded middle; remainder is near-zero/undefined by construction — the contrast, reported flat."
coin_heads_tails,item,true_dichotomy,heads / tails,13,cosine_AB_named,heads|tails,0.701839,True,(b) cross-layer pole relation,True,Tokenization fixes the position; the unit of analysis is the residual representation carried at that position; it is read across layers 0 to output. The token is not the unit.,The corpus named the dichotomy; the model processed that naming; the measurement recorded the processing; a human interprets the record.,"The corpus named the dichotomy heads / tails; the model processed that naming; the measurement recorded, at layer 13, cosine_AB_named(heads|tails) = 0.7018 (corroboration only); a human interprets the record.",
coin_heads_tails,item,true_dichotomy,heads / tails,13,cosine_AB_carrier,heads|tails,0.896966,True,(b) cross-layer pole relation,True,Tokenization fixes the position; the unit of analysis is the residual representation carried at that position; it is read across layers 0 to output. The token is not the unit.,The corpus named the dichotomy; the model processed that naming; the measurement recorded the processing; a human interprets the record.,"The corpus named the dichotomy heads / tails; the model processed that naming; the measurement recorded, at layer 13, cosine_AB_carrier(heads|tails) = 0.8970 (corroboration only); a human interprets the record.",
coin_heads_tails,item,true_dichotomy,heads / tails,13,midpoint_t,(none),,False,(a) seated-midpoint,True,Tokenization fixes the position; the unit of analysis is the residual representation carried at that position; it is read across layers 0 to output. The token is not the unit.,The corpus named the dichotomy; the model processed that naming; the measurement recorded the processing; a human interprets the record.,"The corpus named the dichotomy heads / tails; the model processed that naming; the measurement recorded, at layer 13, midpoint_t((none)) is undefined here (corroboration only); a human interprets the record. [No single-token midpoint exists for this unit by construction.]",No single-token midpoint exists for this unit by construction.
coin_heads_tails,item,true_dichotomy,heads / tails,13,remainder_ratio,excluded_set,,False,(b) cross-layer pole relation,False,Tokenization fixes the position; the unit of analysis is the residual representation carried at that position; it is read across layers 0 to output. The token is not the unit.,The corpus named the dichotomy; the model processed that naming; the measurement recorded the processing; a human interprets the record.,"The corpus named the dichotomy heads / tails; the model processed that naming; the measurement recorded, at layer 13, remainder_ratio(excluded_set) is undefined here; a human interprets the record. [A true two-term opposition has no excluded middle; remainder is near-zero/undefined by construction — the contrast, reported flat.]","A true two-term opposition has no excluded middle; remainder is near-zero/undefined by construction — the contrast, reported flat."
coin_heads_tails,item,true_dichotomy,heads / tails,14,cosine_AB_named,heads|tails,0.732915,True,(b) cross-layer pole relation,True,Tokenization fixes the position; the unit of analysis is the residual representation carried at that position; it is read across layers 0 to output. The token is not the unit.,The corpus named the dichotomy; the model processed that naming; the measurement recorded the processing; a human interprets the record.,"The corpus named the dichotomy heads / tails; the model processed that naming; the measurement recorded, at layer 14, cosine_AB_named(heads|tails) = 0.7329 (corroboration only); a human interprets the record.",
coin_heads_tails,item,true_dichotomy,heads / tails,14,cosine_AB_carrier,heads|tails,0.913236,True,(b) cross-layer pole relation,True,Tokenization fixes the position; the unit of analysis is the residual representation carried at that position; it is read across layers 0 to output. The token is not the unit.,The corpus named the dichotomy; the model processed that naming; the measurement recorded the processing; a human interprets the record.,"The corpus named the dichotomy heads / tails; the model processed that naming; the measurement recorded, at layer 14, cosine_AB_carrier(heads|tails) = 0.9132 (corroboration only); a human interprets the record.",
coin_heads_tails,item,true_dichotomy,heads / tails,14,midpoint_t,(none),,False,(a) seated-midpoint,True,Tokenization fixes the position; the unit of analysis is the residual representation carried at that position; it is read across layers 0 to output. The token is not the unit.,The corpus named the dichotomy; the model processed that naming; the measurement recorded the processing; a human interprets the record.,"The corpus named the dichotomy heads / tails; the model processed that naming; the measurement recorded, at layer 14, midpoint_t((none)) is undefined here (corroboration only); a human interprets the record. [No single-token midpoint exists for this unit by construction.]",No single-token midpoint exists for this unit by construction.
coin_heads_tails,item,true_dichotomy,heads / tails,14,remainder_ratio,excluded_set,,False,(b) cross-layer pole relation,False,Tokenization fixes the position; the unit of analysis is the residual representation carried at that position; it is read across layers 0 to output. The token is not the unit.,The corpus named the dichotomy; the model processed that naming; the measurement recorded the processing; a human interprets the record.,"The corpus named the dichotomy heads / tails; the model processed that naming; the measurement recorded, at layer 14, remainder_ratio(excluded_set) is undefined here; a human interprets the record. [A true two-term opposition has no excluded middle; remainder is near-zero/undefined by construction — the contrast, reported flat.]","A true two-term opposition has no excluded middle; remainder is near-zero/undefined by construction — the contrast, reported flat."
coin_heads_tails,item,true_dichotomy,heads / tails,15,cosine_AB_named,heads|tails,0.692147,True,(b) cross-layer pole relation,True,Tokenization fixes the position; the unit of analysis is the residual representation carried at that position; it is read across layers 0 to output. The token is not the unit.,The corpus named the dichotomy; the model processed that naming; the measurement recorded the processing; a human interprets the record.,"The corpus named the dichotomy heads / tails; the model processed that naming; the measurement recorded, at layer 15, cosine_AB_named(heads|tails) = 0.6921 (corroboration only); a human interprets the record.",
coin_heads_tails,item,true_dichotomy,heads / tails,15,cosine_AB_carrier,heads|tails,0.916287,True,(b) cross-layer pole relation,True,Tokenization fixes the position; the unit of analysis is the residual representation carried at that position; it is read across layers 0 to output. The token is not the unit.,The corpus named the dichotomy; the model processed that naming; the measurement recorded the processing; a human interprets the record.,"The corpus named the dichotomy heads / tails; the model processed that naming; the measurement recorded, at layer 15, cosine_AB_carrier(heads|tails) = 0.9163 (corroboration only); a human interprets the record.",
coin_heads_tails,item,true_dichotomy,heads / tails,15,midpoint_t,(none),,False,(a) seated-midpoint,True,Tokenization fixes the position; the unit of analysis is the residual representation carried at that position; it is read across layers 0 to output. The token is not the unit.,The corpus named the dichotomy; the model processed that naming; the measurement recorded the processing; a human interprets the record.,"The corpus named the dichotomy heads / tails; the model processed that naming; the measurement recorded, at layer 15, midpoint_t((none)) is undefined here (corroboration only); a human interprets the record. [No single-token midpoint exists for this unit by construction.]",No single-token midpoint exists for this unit by construction.
coin_heads_tails,item,true_dichotomy,heads / tails,15,remainder_ratio,excluded_set,,False,(b) cross-layer pole relation,False,Tokenization fixes the position; the unit of analysis is the residual representation carried at that position; it is read across layers 0 to output. The token is not the unit.,The corpus named the dichotomy; the model processed that naming; the measurement recorded the processing; a human interprets the record.,"The corpus named the dichotomy heads / tails; the model processed that naming; the measurement recorded, at layer 15, remainder_ratio(excluded_set) is undefined here; a human interprets the record. [A true two-term opposition has no excluded middle; remainder is near-zero/undefined by construction — the contrast, reported flat.]","A true two-term opposition has no excluded middle; remainder is near-zero/undefined by construction — the contrast, reported flat."
coin_heads_tails,item,true_dichotomy,heads / tails,16,cosine_AB_named,heads|tails,0.738874,True,(b) cross-layer pole relation,True,Tokenization fixes the position; the unit of analysis is the residual representation carried at that position; it is read across layers 0 to output. The token is not the unit.,The corpus named the dichotomy; the model processed that naming; the measurement recorded the processing; a human interprets the record.,"The corpus named the dichotomy heads / tails; the model processed that naming; the measurement recorded, at layer 16, cosine_AB_named(heads|tails) = 0.7389 (corroboration only); a human interprets the record.",
coin_heads_tails,item,true_dichotomy,heads / tails,16,cosine_AB_carrier,heads|tails,0.922727,True,(b) cross-layer pole relation,True,Tokenization fixes the position; the unit of analysis is the residual representation carried at that position; it is read across layers 0 to output. The token is not the unit.,The corpus named the dichotomy; the model processed that naming; the measurement recorded the processing; a human interprets the record.,"The corpus named the dichotomy heads / tails; the model processed that naming; the measurement recorded, at layer 16, cosine_AB_carrier(heads|tails) = 0.9227 (corroboration only); a human interprets the record.",
coin_heads_tails,item,true_dichotomy,heads / tails,16,midpoint_t,(none),,False,(a) seated-midpoint,True,Tokenization fixes the position; the unit of analysis is the residual representation carried at that position; it is read across layers 0 to output. The token is not the unit.,The corpus named the dichotomy; the model processed that naming; the measurement recorded the processing; a human interprets the record.,"The corpus named the dichotomy heads / tails; the model processed that naming; the measurement recorded, at layer 16, midpoint_t((none)) is undefined here (corroboration only); a human interprets the record. [No single-token midpoint exists for this unit by construction.]",No single-token midpoint exists for this unit by construction.
coin_heads_tails,item,true_dichotomy,heads / tails,16,remainder_ratio,excluded_set,,False,(b) cross-layer pole relation,False,Tokenization fixes the position; the unit of analysis is the residual representation carried at that position; it is read across layers 0 to output. The token is not the unit.,The corpus named the dichotomy; the model processed that naming; the measurement recorded the processing; a human interprets the record.,"The corpus named the dichotomy heads / tails; the model processed that naming; the measurement recorded, at layer 16, remainder_ratio(excluded_set) is undefined here; a human interprets the record. [A true two-term opposition has no excluded middle; remainder is near-zero/undefined by construction — the contrast, reported flat.]","A true two-term opposition has no excluded middle; remainder is near-zero/undefined by construction — the contrast, reported flat."
coin_heads_tails,item,true_dichotomy,heads / tails,17,cosine_AB_named,heads|tails,0.753286,True,(b) cross-layer pole relation,True,Tokenization fixes the position; the unit of analysis is the residual representation carried at that position; it is read across layers 0 to output. The token is not the unit.,The corpus named the dichotomy; the model processed that naming; the measurement recorded the processing; a human interprets the record.,"The corpus named the dichotomy heads / tails; the model processed that naming; the measurement recorded, at layer 17, cosine_AB_named(heads|tails) = 0.7533 (corroboration only); a human interprets the record.",
coin_heads_tails,item,true_dichotomy,heads / tails,17,cosine_AB_carrier,heads|tails,0.920731,True,(b) cross-layer pole relation,True,Tokenization fixes the position; the unit of analysis is the residual representation carried at that position; it is read across layers 0 to output. The token is not the unit.,The corpus named the dichotomy; the model processed that naming; the measurement recorded the processing; a human interprets the record.,"The corpus named the dichotomy heads / tails; the model processed that naming; the measurement recorded, at layer 17, cosine_AB_carrier(heads|tails) = 0.9207 (corroboration only); a human interprets the record.",
coin_heads_tails,item,true_dichotomy,heads / tails,17,midpoint_t,(none),,False,(a) seated-midpoint,True,Tokenization fixes the position; the unit of analysis is the residual representation carried at that position; it is read across layers 0 to output. The token is not the unit.,The corpus named the dichotomy; the model processed that naming; the measurement recorded the processing; a human interprets the record.,"The corpus named the dichotomy heads / tails; the model processed that naming; the measurement recorded, at layer 17, midpoint_t((none)) is undefined here (corroboration only); a human interprets the record. [No single-token midpoint exists for this unit by construction.]",No single-token midpoint exists for this unit by construction.
coin_heads_tails,item,true_dichotomy,heads / tails,17,remainder_ratio,excluded_set,,False,(b) cross-layer pole relation,False,Tokenization fixes the position; the unit of analysis is the residual representation carried at that position; it is read across layers 0 to output. The token is not the unit.,The corpus named the dichotomy; the model processed that naming; the measurement recorded the processing; a human interprets the record.,"The corpus named the dichotomy heads / tails; the model processed that naming; the measurement recorded, at layer 17, remainder_ratio(excluded_set) is undefined here; a human interprets the record. [A true two-term opposition has no excluded middle; remainder is near-zero/undefined by construction — the contrast, reported flat.]","A true two-term opposition has no excluded middle; remainder is near-zero/undefined by construction — the contrast, reported flat."
coin_heads_tails,item,true_dichotomy,heads / tails,18,cosine_AB_named,heads|tails,0.731754,True,(b) cross-layer pole relation,True,Tokenization fixes the position; the unit of analysis is the residual representation carried at that position; it is read across layers 0 to output. The token is not the unit.,The corpus named the dichotomy; the model processed that naming; the measurement recorded the processing; a human interprets the record.,"The corpus named the dichotomy heads / tails; the model processed that naming; the measurement recorded, at layer 18, cosine_AB_named(heads|tails) = 0.7318 (corroboration only); a human interprets the record.",
coin_heads_tails,item,true_dichotomy,heads / tails,18,cosine_AB_carrier,heads|tails,0.905674,True,(b) cross-layer pole relation,True,Tokenization fixes the position; the unit of analysis is the residual representation carried at that position; it is read across layers 0 to output. The token is not the unit.,The corpus named the dichotomy; the model processed that naming; the measurement recorded the processing; a human interprets the record.,"The corpus named the dichotomy heads / tails; the model processed that naming; the measurement recorded, at layer 18, cosine_AB_carrier(heads|tails) = 0.9057 (corroboration only); a human interprets the record.",
coin_heads_tails,item,true_dichotomy,heads / tails,18,midpoint_t,(none),,False,(a) seated-midpoint,True,Tokenization fixes the position; the unit of analysis is the residual representation carried at that position; it is read across layers 0 to output. The token is not the unit.,The corpus named the dichotomy; the model processed that naming; the measurement recorded the processing; a human interprets the record.,"The corpus named the dichotomy heads / tails; the model processed that naming; the measurement recorded, at layer 18, midpoint_t((none)) is undefined here (corroboration only); a human interprets the record. [No single-token midpoint exists for this unit by construction.]",No single-token midpoint exists for this unit by construction.
coin_heads_tails,item,true_dichotomy,heads / tails,18,remainder_ratio,excluded_set,,False,(b) cross-layer pole relation,False,Tokenization fixes the position; the unit of analysis is the residual representation carried at that position; it is read across layers 0 to output. The token is not the unit.,The corpus named the dichotomy; the model processed that naming; the measurement recorded the processing; a human interprets the record.,"The corpus named the dichotomy heads / tails; the model processed that naming; the measurement recorded, at layer 18, remainder_ratio(excluded_set) is undefined here; a human interprets the record. [A true two-term opposition has no excluded middle; remainder is near-zero/undefined by construction — the contrast, reported flat.]","A true two-term opposition has no excluded middle; remainder is near-zero/undefined by construction — the contrast, reported flat."
coin_heads_tails,item,true_dichotomy,heads / tails,19,cosine_AB_named,heads|tails,0.718644,True,(b) cross-layer pole relation,True,Tokenization fixes the position; the unit of analysis is the residual representation carried at that position; it is read across layers 0 to output. The token is not the unit.,The corpus named the dichotomy; the model processed that naming; the measurement recorded the processing; a human interprets the record.,"The corpus named the dichotomy heads / tails; the model processed that naming; the measurement recorded, at layer 19, cosine_AB_named(heads|tails) = 0.7186 (corroboration only); a human interprets the record.",
coin_heads_tails,item,true_dichotomy,heads / tails,19,cosine_AB_carrier,heads|tails,0.895701,True,(b) cross-layer pole relation,True,Tokenization fixes the position; the unit of analysis is the residual representation carried at that position; it is read across layers 0 to output. The token is not the unit.,The corpus named the dichotomy; the model processed that naming; the measurement recorded the processing; a human interprets the record.,"The corpus named the dichotomy heads / tails; the model processed that naming; the measurement recorded, at layer 19, cosine_AB_carrier(heads|tails) = 0.8957 (corroboration only); a human interprets the record.",
coin_heads_tails,item,true_dichotomy,heads / tails,19,midpoint_t,(none),,False,(a) seated-midpoint,True,Tokenization fixes the position; the unit of analysis is the residual representation carried at that position; it is read across layers 0 to output. The token is not the unit.,The corpus named the dichotomy; the model processed that naming; the measurement recorded the processing; a human interprets the record.,"The corpus named the dichotomy heads / tails; the model processed that naming; the measurement recorded, at layer 19, midpoint_t((none)) is undefined here (corroboration only); a human interprets the record. [No single-token midpoint exists for this unit by construction.]",No single-token midpoint exists for this unit by construction.
coin_heads_tails,item,true_dichotomy,heads / tails,19,remainder_ratio,excluded_set,,False,(b) cross-layer pole relation,False,Tokenization fixes the position; the unit of analysis is the residual representation carried at that position; it is read across layers 0 to output. The token is not the unit.,The corpus named the dichotomy; the model processed that naming; the measurement recorded the processing; a human interprets the record.,"The corpus named the dichotomy heads / tails; the model processed that naming; the measurement recorded, at layer 19, remainder_ratio(excluded_set) is undefined here; a human interprets the record. [A true two-term opposition has no excluded middle; remainder is near-zero/undefined by construction — the contrast, reported flat.]","A true two-term opposition has no excluded middle; remainder is near-zero/undefined by construction — the contrast, reported flat."
coin_heads_tails,item,true_dichotomy,heads / tails,20,cosine_AB_named,heads|tails,0.723043,True,(b) cross-layer pole relation,True,Tokenization fixes the position; the unit of analysis is the residual representation carried at that position; it is read across layers 0 to output. The token is not the unit.,The corpus named the dichotomy; the model processed that naming; the measurement recorded the processing; a human interprets the record.,"The corpus named the dichotomy heads / tails; the model processed that naming; the measurement recorded, at layer 20, cosine_AB_named(heads|tails) = 0.7230 (corroboration only); a human interprets the record.",
coin_heads_tails,item,true_dichotomy,heads / tails,20,cosine_AB_carrier,heads|tails,0.905731,True,(b) cross-layer pole relation,True,Tokenization fixes the position; the unit of analysis is the residual representation carried at that position; it is read across layers 0 to output. The token is not the unit.,The corpus named the dichotomy; the model processed that naming; the measurement recorded the processing; a human interprets the record.,"The corpus named the dichotomy heads / tails; the model processed that naming; the measurement recorded, at layer 20, cosine_AB_carrier(heads|tails) = 0.9057 (corroboration only); a human interprets the record.",
coin_heads_tails,item,true_dichotomy,heads / tails,20,midpoint_t,(none),,False,(a) seated-midpoint,True,Tokenization fixes the position; the unit of analysis is the residual representation carried at that position; it is read across layers 0 to output. The token is not the unit.,The corpus named the dichotomy; the model processed that naming; the measurement recorded the processing; a human interprets the record.,"The corpus named the dichotomy heads / tails; the model processed that naming; the measurement recorded, at layer 20, midpoint_t((none)) is undefined here (corroboration only); a human interprets the record. [No single-token midpoint exists for this unit by construction.]",No single-token midpoint exists for this unit by construction.
coin_heads_tails,item,true_dichotomy,heads / tails,20,remainder_ratio,excluded_set,,False,(b) cross-layer pole relation,False,Tokenization fixes the position; the unit of analysis is the residual representation carried at that position; it is read across layers 0 to output. The token is not the unit.,The corpus named the dichotomy; the model processed that naming; the measurement recorded the processing; a human interprets the record.,"The corpus named the dichotomy heads / tails; the model processed that naming; the measurement recorded, at layer 20, remainder_ratio(excluded_set) is undefined here; a human interprets the record. [A true two-term opposition has no excluded middle; remainder is near-zero/undefined by construction — the contrast, reported flat.]","A true two-term opposition has no excluded middle; remainder is near-zero/undefined by construction — the contrast, reported flat."
coin_heads_tails,item,true_dichotomy,heads / tails,21,cosine_AB_named,heads|tails,0.715084,True,(b) cross-layer pole relation,True,Tokenization fixes the position; the unit of analysis is the residual representation carried at that position; it is read across layers 0 to output. The token is not the unit.,The corpus named the dichotomy; the model processed that naming; the measurement recorded the processing; a human interprets the record.,"The corpus named the dichotomy heads / tails; the model processed that naming; the measurement recorded, at layer 21, cosine_AB_named(heads|tails) = 0.7151 (corroboration only); a human interprets the record.",
coin_heads_tails,item,true_dichotomy,heads / tails,21,cosine_AB_carrier,heads|tails,0.903472,True,(b) cross-layer pole relation,True,Tokenization fixes the position; the unit of analysis is the residual representation carried at that position; it is read across layers 0 to output. The token is not the unit.,The corpus named the dichotomy; the model processed that naming; the measurement recorded the processing; a human interprets the record.,"The corpus named the dichotomy heads / tails; the model processed that naming; the measurement recorded, at layer 21, cosine_AB_carrier(heads|tails) = 0.9035 (corroboration only); a human interprets the record.",
coin_heads_tails,item,true_dichotomy,heads / tails,21,midpoint_t,(none),,False,(a) seated-midpoint,True,Tokenization fixes the position; the unit of analysis is the residual representation carried at that position; it is read across layers 0 to output. The token is not the unit.,The corpus named the dichotomy; the model processed that naming; the measurement recorded the processing; a human interprets the record.,"The corpus named the dichotomy heads / tails; the model processed that naming; the measurement recorded, at layer 21, midpoint_t((none)) is undefined here (corroboration only); a human interprets the record. [No single-token midpoint exists for this unit by construction.]",No single-token midpoint exists for this unit by construction.
coin_heads_tails,item,true_dichotomy,heads / tails,21,remainder_ratio,excluded_set,,False,(b) cross-layer pole relation,False,Tokenization fixes the position; the unit of analysis is the residual representation carried at that position; it is read across layers 0 to output. The token is not the unit.,The corpus named the dichotomy; the model processed that naming; the measurement recorded the processing; a human interprets the record.,"The corpus named the dichotomy heads / tails; the model processed that naming; the measurement recorded, at layer 21, remainder_ratio(excluded_set) is undefined here; a human interprets the record. [A true two-term opposition has no excluded middle; remainder is near-zero/undefined by construction — the contrast, reported flat.]","A true two-term opposition has no excluded middle; remainder is near-zero/undefined by construction — the contrast, reported flat."
coin_heads_tails,item,true_dichotomy,heads / tails,22,cosine_AB_named,heads|tails,0.72424,True,(b) cross-layer pole relation,True,Tokenization fixes the position; the unit of analysis is the residual representation carried at that position; it is read across layers 0 to output. The token is not the unit.,The corpus named the dichotomy; the model processed that naming; the measurement recorded the processing; a human interprets the record.,"The corpus named the dichotomy heads / tails; the model processed that naming; the measurement recorded, at layer 22, cosine_AB_named(heads|tails) = 0.7242 (corroboration only); a human interprets the record.",
coin_heads_tails,item,true_dichotomy,heads / tails,22,cosine_AB_carrier,heads|tails,0.908974,True,(b) cross-layer pole relation,True,Tokenization fixes the position; the unit of analysis is the residual representation carried at that position; it is read across layers 0 to output. The token is not the unit.,The corpus named the dichotomy; the model processed that naming; the measurement recorded the processing; a human interprets the record.,"The corpus named the dichotomy heads / tails; the model processed that naming; the measurement recorded, at layer 22, cosine_AB_carrier(heads|tails) = 0.9090 (corroboration only); a human interprets the record.",
coin_heads_tails,item,true_dichotomy,heads / tails,22,midpoint_t,(none),,False,(a) seated-midpoint,True,Tokenization fixes the position; the unit of analysis is the residual representation carried at that position; it is read across layers 0 to output. The token is not the unit.,The corpus named the dichotomy; the model processed that naming; the measurement recorded the processing; a human interprets the record.,"The corpus named the dichotomy heads / tails; the model processed that naming; the measurement recorded, at layer 22, midpoint_t((none)) is undefined here (corroboration only); a human interprets the record. [No single-token midpoint exists for this unit by construction.]",No single-token midpoint exists for this unit by construction.
coin_heads_tails,item,true_dichotomy,heads / tails,22,remainder_ratio,excluded_set,,False,(b) cross-layer pole relation,False,Tokenization fixes the position; the unit of analysis is the residual representation carried at that position; it is read across layers 0 to output. The token is not the unit.,The corpus named the dichotomy; the model processed that naming; the measurement recorded the processing; a human interprets the record.,"The corpus named the dichotomy heads / tails; the model processed that naming; the measurement recorded, at layer 22, remainder_ratio(excluded_set) is undefined here; a human interprets the record. [A true two-term opposition has no excluded middle; remainder is near-zero/undefined by construction — the contrast, reported flat.]","A true two-term opposition has no excluded middle; remainder is near-zero/undefined by construction — the contrast, reported flat."
coin_heads_tails,item,true_dichotomy,heads / tails,23,cosine_AB_named,heads|tails,0.734793,True,(b) cross-layer pole relation,True,Tokenization fixes the position; the unit of analysis is the residual representation carried at that position; it is read across layers 0 to output. The token is not the unit.,The corpus named the dichotomy; the model processed that naming; the measurement recorded the processing; a human interprets the record.,"The corpus named the dichotomy heads / tails; the model processed that naming; the measurement recorded, at layer 23, cosine_AB_named(heads|tails) = 0.7348 (corroboration only); a human interprets the record.",
coin_heads_tails,item,true_dichotomy,heads / tails,23,cosine_AB_carrier,heads|tails,0.914679,True,(b) cross-layer pole relation,True,Tokenization fixes the position; the unit of analysis is the residual representation carried at that position; it is read across layers 0 to output. The token is not the unit.,The corpus named the dichotomy; the model processed that naming; the measurement recorded the processing; a human interprets the record.,"The corpus named the dichotomy heads / tails; the model processed that naming; the measurement recorded, at layer 23, cosine_AB_carrier(heads|tails) = 0.9147 (corroboration only); a human interprets the record.",
coin_heads_tails,item,true_dichotomy,heads / tails,23,midpoint_t,(none),,False,(a) seated-midpoint,True,Tokenization fixes the position; the unit of analysis is the residual representation carried at that position; it is read across layers 0 to output. The token is not the unit.,The corpus named the dichotomy; the model processed that naming; the measurement recorded the processing; a human interprets the record.,"The corpus named the dichotomy heads / tails; the model processed that naming; the measurement recorded, at layer 23, midpoint_t((none)) is undefined here (corroboration only); a human interprets the record. [No single-token midpoint exists for this unit by construction.]",No single-token midpoint exists for this unit by construction.
coin_heads_tails,item,true_dichotomy,heads / tails,23,remainder_ratio,excluded_set,,False,(b) cross-layer pole relation,False,Tokenization fixes the position; the unit of analysis is the residual representation carried at that position; it is read across layers 0 to output. The token is not the unit.,The corpus named the dichotomy; the model processed that naming; the measurement recorded the processing; a human interprets the record.,"The corpus named the dichotomy heads / tails; the model processed that naming; the measurement recorded, at layer 23, remainder_ratio(excluded_set) is undefined here; a human interprets the record. [A true two-term opposition has no excluded middle; remainder is near-zero/undefined by construction — the contrast, reported flat.]","A true two-term opposition has no excluded middle; remainder is near-zero/undefined by construction — the contrast, reported flat."
coin_heads_tails,item,true_dichotomy,heads / tails,24,cosine_AB_named,heads|tails,0.730634,True,(b) cross-layer pole relation,True,Tokenization fixes the position; the unit of analysis is the residual representation carried at that position; it is read across layers 0 to output. The token is not the unit.,The corpus named the dichotomy; the model processed that naming; the measurement recorded the processing; a human interprets the record.,"The corpus named the dichotomy heads / tails; the model processed that naming; the measurement recorded, at layer 24, cosine_AB_named(heads|tails) = 0.7306 (corroboration only); a human interprets the record.",
coin_heads_tails,item,true_dichotomy,heads / tails,24,cosine_AB_carrier,heads|tails,0.918069,True,(b) cross-layer pole relation,True,Tokenization fixes the position; the unit of analysis is the residual representation carried at that position; it is read across layers 0 to output. The token is not the unit.,The corpus named the dichotomy; the model processed that naming; the measurement recorded the processing; a human interprets the record.,"The corpus named the dichotomy heads / tails; the model processed that naming; the measurement recorded, at layer 24, cosine_AB_carrier(heads|tails) = 0.9181 (corroboration only); a human interprets the record.",
coin_heads_tails,item,true_dichotomy,heads / tails,24,midpoint_t,(none),,False,(a) seated-midpoint,True,Tokenization fixes the position; the unit of analysis is the residual representation carried at that position; it is read across layers 0 to output. The token is not the unit.,The corpus named the dichotomy; the model processed that naming; the measurement recorded the processing; a human interprets the record.,"The corpus named the dichotomy heads / tails; the model processed that naming; the measurement recorded, at layer 24, midpoint_t((none)) is undefined here (corroboration only); a human interprets the record. [No single-token midpoint exists for this unit by construction.]",No single-token midpoint exists for this unit by construction.
coin_heads_tails,item,true_dichotomy,heads / tails,24,remainder_ratio,excluded_set,,False,(b) cross-layer pole relation,False,Tokenization fixes the position; the unit of analysis is the residual representation carried at that position; it is read across layers 0 to output. The token is not the unit.,The corpus named the dichotomy; the model processed that naming; the measurement recorded the processing; a human interprets the record.,"The corpus named the dichotomy heads / tails; the model processed that naming; the measurement recorded, at layer 24, remainder_ratio(excluded_set) is undefined here; a human interprets the record. [A true two-term opposition has no excluded middle; remainder is near-zero/undefined by construction — the contrast, reported flat.]","A true two-term opposition has no excluded middle; remainder is near-zero/undefined by construction — the contrast, reported flat."
coin_heads_tails,item,true_dichotomy,heads / tails,25,cosine_AB_named,heads|tails,0.7555,True,(b) cross-layer pole relation,True,Tokenization fixes the position; the unit of analysis is the residual representation carried at that position; it is read across layers 0 to output. The token is not the unit.,The corpus named the dichotomy; the model processed that naming; the measurement recorded the processing; a human interprets the record.,"The corpus named the dichotomy heads / tails; the model processed that naming; the measurement recorded, at layer 25, cosine_AB_named(heads|tails) = 0.7555 (corroboration only); a human interprets the record.",
coin_heads_tails,item,true_dichotomy,heads / tails,25,cosine_AB_carrier,heads|tails,0.918032,True,(b) cross-layer pole relation,True,Tokenization fixes the position; the unit of analysis is the residual representation carried at that position; it is read across layers 0 to output. The token is not the unit.,The corpus named the dichotomy; the model processed that naming; the measurement recorded the processing; a human interprets the record.,"The corpus named the dichotomy heads / tails; the model processed that naming; the measurement recorded, at layer 25, cosine_AB_carrier(heads|tails) = 0.9180 (corroboration only); a human interprets the record.",
coin_heads_tails,item,true_dichotomy,heads / tails,25,midpoint_t,(none),,False,(a) seated-midpoint,True,Tokenization fixes the position; the unit of analysis is the residual representation carried at that position; it is read across layers 0 to output. The token is not the unit.,The corpus named the dichotomy; the model processed that naming; the measurement recorded the processing; a human interprets the record.,"The corpus named the dichotomy heads / tails; the model processed that naming; the measurement recorded, at layer 25, midpoint_t((none)) is undefined here (corroboration only); a human interprets the record. [No single-token midpoint exists for this unit by construction.]",No single-token midpoint exists for this unit by construction.
coin_heads_tails,item,true_dichotomy,heads / tails,25,remainder_ratio,excluded_set,,False,(b) cross-layer pole relation,False,Tokenization fixes the position; the unit of analysis is the residual representation carried at that position; it is read across layers 0 to output. The token is not the unit.,The corpus named the dichotomy; the model processed that naming; the measurement recorded the processing; a human interprets the record.,"The corpus named the dichotomy heads / tails; the model processed that naming; the measurement recorded, at layer 25, remainder_ratio(excluded_set) is undefined here; a human interprets the record. [A true two-term opposition has no excluded middle; remainder is near-zero/undefined by construction — the contrast, reported flat.]","A true two-term opposition has no excluded middle; remainder is near-zero/undefined by construction — the contrast, reported flat."
coin_heads_tails,item,true_dichotomy,heads / tails,26,cosine_AB_named,heads|tails,0.792349,True,(b) cross-layer pole relation,True,Tokenization fixes the position; the unit of analysis is the residual representation carried at that position; it is read across layers 0 to output. The token is not the unit.,The corpus named the dichotomy; the model processed that naming; the measurement recorded the processing; a human interprets the record.,"The corpus named the dichotomy heads / tails; the model processed that naming; the measurement recorded, at layer 26, cosine_AB_named(heads|tails) = 0.7923 (corroboration only); a human interprets the record.",
coin_heads_tails,item,true_dichotomy,heads / tails,26,cosine_AB_carrier,heads|tails,0.930989,True,(b) cross-layer pole relation,True,Tokenization fixes the position; the unit of analysis is the residual representation carried at that position; it is read across layers 0 to output. The token is not the unit.,The corpus named the dichotomy; the model processed that naming; the measurement recorded the processing; a human interprets the record.,"The corpus named the dichotomy heads / tails; the model processed that naming; the measurement recorded, at layer 26, cosine_AB_carrier(heads|tails) = 0.9310 (corroboration only); a human interprets the record.",
coin_heads_tails,item,true_dichotomy,heads / tails,26,midpoint_t,(none),,False,(a) seated-midpoint,True,Tokenization fixes the position; the unit of analysis is the residual representation carried at that position; it is read across layers 0 to output. The token is not the unit.,The corpus named the dichotomy; the model processed that naming; the measurement recorded the processing; a human interprets the record.,"The corpus named the dichotomy heads / tails; the model processed that naming; the measurement recorded, at layer 26, midpoint_t((none)) is undefined here (corroboration only); a human interprets the record. [No single-token midpoint exists for this unit by construction.]",No single-token midpoint exists for this unit by construction.
coin_heads_tails,item,true_dichotomy,heads / tails,26,remainder_ratio,excluded_set,,False,(b) cross-layer pole relation,False,Tokenization fixes the position; the unit of analysis is the residual representation carried at that position; it is read across layers 0 to output. The token is not the unit.,The corpus named the dichotomy; the model processed that naming; the measurement recorded the processing; a human interprets the record.,"The corpus named the dichotomy heads / tails; the model processed that naming; the measurement recorded, at layer 26, remainder_ratio(excluded_set) is undefined here; a human interprets the record. [A true two-term opposition has no excluded middle; remainder is near-zero/undefined by construction — the contrast, reported flat.]","A true two-term opposition has no excluded middle; remainder is near-zero/undefined by construction — the contrast, reported flat."
person_good_bad,item,scalar_collapse,good / bad,0,cosine_AB_named,good|bad,0.399752,True,(b) cross-layer pole relation,True,Tokenization fixes the position; the unit of analysis is the residual representation carried at that position; it is read across layers 0 to output. The token is not the unit.,The corpus named the dichotomy; the model processed that naming; the measurement recorded the processing; a human interprets the record.,"The corpus named the dichotomy good / bad; the model processed that naming; the measurement recorded, at layer 0, cosine_AB_named(good|bad) = 0.3998 (corroboration only); a human interprets the record.",
person_good_bad,item,scalar_collapse,good / bad,0,cosine_AB_carrier,good|bad,0.399752,True,(b) cross-layer pole relation,True,Tokenization fixes the position; the unit of analysis is the residual representation carried at that position; it is read across layers 0 to output. The token is not the unit.,The corpus named the dichotomy; the model processed that naming; the measurement recorded the processing; a human interprets the record.,"The corpus named the dichotomy good / bad; the model processed that naming; the measurement recorded, at layer 0, cosine_AB_carrier(good|bad) = 0.3998 (corroboration only); a human interprets the record.",
person_good_bad,item,scalar_collapse,good / bad,0,midpoint_t,(none),,False,(a) seated-midpoint,True,Tokenization fixes the position; the unit of analysis is the residual representation carried at that position; it is read across layers 0 to output. The token is not the unit.,The corpus named the dichotomy; the model processed that naming; the measurement recorded the processing; a human interprets the record.,"The corpus named the dichotomy good / bad; the model processed that naming; the measurement recorded, at layer 0, midpoint_t((none)) is undefined here (corroboration only); a human interprets the record. [Moral midpoint is phrasal/multi-token; measurement (a) does not close on a single Y-unit (anticipated finding).]",Moral midpoint is phrasal/multi-token; measurement (a) does not close on a single Y-unit (anticipated finding).
person_good_bad,item,scalar_collapse,good / bad,0,excluded_perp_norm,mediocre,1.000152,True,(b) cross-layer pole relation,False,Tokenization fixes the position; the unit of analysis is the residual representation carried at that position; it is read across layers 0 to output. The token is not the unit.,The corpus named the dichotomy; the model processed that naming; the measurement recorded the processing; a human interprets the record.,"The corpus named the dichotomy good / bad; the model processed that naming; the measurement recorded, at layer 0, excluded_perp_norm(mediocre) = 1.0002; a human interprets the record.",
person_good_bad,item,scalar_collapse,good / bad,0,excluded_t,mediocre,0.52933,True,(b) cross-layer pole relation,False,Tokenization fixes the position; the unit of analysis is the residual representation carried at that position; it is read across layers 0 to output. The token is not the unit.,The corpus named the dichotomy; the model processed that naming; the measurement recorded the processing; a human interprets the record.,"The corpus named the dichotomy good / bad; the model processed that naming; the measurement recorded, at layer 0, excluded_t(mediocre) = 0.5293; a human interprets the record.",
person_good_bad,item,scalar_collapse,good / bad,0,excluded_perp_norm,average,1.108813,True,(b) cross-layer pole relation,False,Tokenization fixes the position; the unit of analysis is the residual representation carried at that position; it is read across layers 0 to output. The token is not the unit.,The corpus named the dichotomy; the model processed that naming; the measurement recorded the processing; a human interprets the record.,"The corpus named the dichotomy good / bad; the model processed that naming; the measurement recorded, at layer 0, excluded_perp_norm(average) = 1.1088; a human interprets the record.",
person_good_bad,item,scalar_collapse,good / bad,0,excluded_t,average,0.477869,True,(b) cross-layer pole relation,False,Tokenization fixes the position; the unit of analysis is the residual representation carried at that position; it is read across layers 0 to output. The token is not the unit.,The corpus named the dichotomy; the model processed that naming; the measurement recorded the processing; a human interprets the record.,"The corpus named the dichotomy good / bad; the model processed that naming; the measurement recorded, at layer 0, excluded_t(average) = 0.4779; a human interprets the record.",
person_good_bad,item,scalar_collapse,good / bad,0,excluded_perp_norm,okay,1.066362,True,(b) cross-layer pole relation,False,Tokenization fixes the position; the unit of analysis is the residual representation carried at that position; it is read across layers 0 to output. The token is not the unit.,The corpus named the dichotomy; the model processed that naming; the measurement recorded the processing; a human interprets the record.,"The corpus named the dichotomy good / bad; the model processed that naming; the measurement recorded, at layer 0, excluded_perp_norm(okay) = 1.0664; a human interprets the record.",
person_good_bad,item,scalar_collapse,good / bad,0,excluded_t,okay,0.452383,True,(b) cross-layer pole relation,False,Tokenization fixes the position; the unit of analysis is the residual representation carried at that position; it is read across layers 0 to output. The token is not the unit.,The corpus named the dichotomy; the model processed that naming; the measurement recorded the processing; a human interprets the record.,"The corpus named the dichotomy good / bad; the model processed that naming; the measurement recorded, at layer 0, excluded_t(okay) = 0.4524; a human interprets the record.",
person_good_bad,item,scalar_collapse,good / bad,0,excluded_perp_norm,fine,1.101014,True,(b) cross-layer pole relation,False,Tokenization fixes the position; the unit of analysis is the residual representation carried at that position; it is read across layers 0 to output. The token is not the unit.,The corpus named the dichotomy; the model processed that naming; the measurement recorded the processing; a human interprets the record.,"The corpus named the dichotomy good / bad; the model processed that naming; the measurement recorded, at layer 0, excluded_perp_norm(fine) = 1.1010; a human interprets the record.",
person_good_bad,item,scalar_collapse,good / bad,0,excluded_t,fine,0.43614,True,(b) cross-layer pole relation,False,Tokenization fixes the position; the unit of analysis is the residual representation carried at that position; it is read across layers 0 to output. The token is not the unit.,The corpus named the dichotomy; the model processed that naming; the measurement recorded the processing; a human interprets the record.,"The corpus named the dichotomy good / bad; the model processed that naming; the measurement recorded, at layer 0, excluded_t(fine) = 0.4361; a human interprets the record.",
person_good_bad,item,scalar_collapse,good / bad,0,excluded_perp_norm,decent,0.901046,True,(b) cross-layer pole relation,False,Tokenization fixes the position; the unit of analysis is the residual representation carried at that position; it is read across layers 0 to output. The token is not the unit.,The corpus named the dichotomy; the model processed that naming; the measurement recorded the processing; a human interprets the record.,"The corpus named the dichotomy good / bad; the model processed that naming; the measurement recorded, at layer 0, excluded_perp_norm(decent) = 0.9010; a human interprets the record.",
person_good_bad,item,scalar_collapse,good / bad,0,excluded_t,decent,0.319316,True,(b) cross-layer pole relation,False,Tokenization fixes the position; the unit of analysis is the residual representation carried at that position; it is read across layers 0 to output. The token is not the unit.,The corpus named the dichotomy; the model processed that naming; the measurement recorded the processing; a human interprets the record.,"The corpus named the dichotomy good / bad; the model processed that naming; the measurement recorded, at layer 0, excluded_t(decent) = 0.3193; a human interprets the record.",
person_good_bad,item,scalar_collapse,good / bad,0,excluded_perp_norm,poor,0.974661,True,(b) cross-layer pole relation,False,Tokenization fixes the position; the unit of analysis is the residual representation carried at that position; it is read across layers 0 to output. The token is not the unit.,The corpus named the dichotomy; the model processed that naming; the measurement recorded the processing; a human interprets the record.,"The corpus named the dichotomy good / bad; the model processed that naming; the measurement recorded, at layer 0, excluded_perp_norm(poor) = 0.9747; a human interprets the record.",
person_good_bad,item,scalar_collapse,good / bad,0,excluded_t,poor,0.560399,True,(b) cross-layer pole relation,False,Tokenization fixes the position; the unit of analysis is the residual representation carried at that position; it is read across layers 0 to output. The token is not the unit.,The corpus named the dichotomy; the model processed that naming; the measurement recorded the processing; a human interprets the record.,"The corpus named the dichotomy good / bad; the model processed that naming; the measurement recorded, at layer 0, excluded_t(poor) = 0.5604; a human interprets the record.",
person_good_bad,item,scalar_collapse,good / bad,0,remainder_ratio,excluded_set,1.025341,True,(b) cross-layer pole relation,False,Tokenization fixes the position; the unit of analysis is the residual representation carried at that position; it is read across layers 0 to output. The token is not the unit.,The corpus named the dichotomy; the model processed that naming; the measurement recorded the processing; a human interprets the record.,"The corpus named the dichotomy good / bad; the model processed that naming; the measurement recorded, at layer 0, remainder_ratio(excluded_set) = 1.0253; a human interprets the record.",
person_good_bad,item,scalar_collapse,good / bad,1,cosine_AB_named,good|bad,0.502102,True,(b) cross-layer pole relation,True,Tokenization fixes the position; the unit of analysis is the residual representation carried at that position; it is read across layers 0 to output. The token is not the unit.,The corpus named the dichotomy; the model processed that naming; the measurement recorded the processing; a human interprets the record.,"The corpus named the dichotomy good / bad; the model processed that naming; the measurement recorded, at layer 1, cosine_AB_named(good|bad) = 0.5021 (corroboration only); a human interprets the record.",
person_good_bad,item,scalar_collapse,good / bad,1,cosine_AB_carrier,good|bad,0.548504,True,(b) cross-layer pole relation,True,Tokenization fixes the position; the unit of analysis is the residual representation carried at that position; it is read across layers 0 to output. The token is not the unit.,The corpus named the dichotomy; the model processed that naming; the measurement recorded the processing; a human interprets the record.,"The corpus named the dichotomy good / bad; the model processed that naming; the measurement recorded, at layer 1, cosine_AB_carrier(good|bad) = 0.5485 (corroboration only); a human interprets the record.",
person_good_bad,item,scalar_collapse,good / bad,1,midpoint_t,(none),,False,(a) seated-midpoint,True,Tokenization fixes the position; the unit of analysis is the residual representation carried at that position; it is read across layers 0 to output. The token is not the unit.,The corpus named the dichotomy; the model processed that naming; the measurement recorded the processing; a human interprets the record.,"The corpus named the dichotomy good / bad; the model processed that naming; the measurement recorded, at layer 1, midpoint_t((none)) is undefined here (corroboration only); a human interprets the record. [Moral midpoint is phrasal/multi-token; measurement (a) does not close on a single Y-unit (anticipated finding).]",Moral midpoint is phrasal/multi-token; measurement (a) does not close on a single Y-unit (anticipated finding).
person_good_bad,item,scalar_collapse,good / bad,1,excluded_perp_norm,mediocre,0.994892,True,(b) cross-layer pole relation,False,Tokenization fixes the position; the unit of analysis is the residual representation carried at that position; it is read across layers 0 to output. The token is not the unit.,The corpus named the dichotomy; the model processed that naming; the measurement recorded the processing; a human interprets the record.,"The corpus named the dichotomy good / bad; the model processed that naming; the measurement recorded, at layer 1, excluded_perp_norm(mediocre) = 0.9949; a human interprets the record.",
person_good_bad,item,scalar_collapse,good / bad,1,excluded_t,mediocre,0.476347,True,(b) cross-layer pole relation,False,Tokenization fixes the position; the unit of analysis is the residual representation carried at that position; it is read across layers 0 to output. The token is not the unit.,The corpus named the dichotomy; the model processed that naming; the measurement recorded the processing; a human interprets the record.,"The corpus named the dichotomy good / bad; the model processed that naming; the measurement recorded, at layer 1, excluded_t(mediocre) = 0.4763; a human interprets the record.",
person_good_bad,item,scalar_collapse,good / bad,1,excluded_perp_norm,average,1.146085,True,(b) cross-layer pole relation,False,Tokenization fixes the position; the unit of analysis is the residual representation carried at that position; it is read across layers 0 to output. The token is not the unit.,The corpus named the dichotomy; the model processed that naming; the measurement recorded the processing; a human interprets the record.,"The corpus named the dichotomy good / bad; the model processed that naming; the measurement recorded, at layer 1, excluded_perp_norm(average) = 1.1461; a human interprets the record.",
person_good_bad,item,scalar_collapse,good / bad,1,excluded_t,average,0.45223,True,(b) cross-layer pole relation,False,Tokenization fixes the position; the unit of analysis is the residual representation carried at that position; it is read across layers 0 to output. The token is not the unit.,The corpus named the dichotomy; the model processed that naming; the measurement recorded the processing; a human interprets the record.,"The corpus named the dichotomy good / bad; the model processed that naming; the measurement recorded, at layer 1, excluded_t(average) = 0.4522; a human interprets the record.",
person_good_bad,item,scalar_collapse,good / bad,1,excluded_perp_norm,okay,1.108695,True,(b) cross-layer pole relation,False,Tokenization fixes the position; the unit of analysis is the residual representation carried at that position; it is read across layers 0 to output. The token is not the unit.,The corpus named the dichotomy; the model processed that naming; the measurement recorded the processing; a human interprets the record.,"The corpus named the dichotomy good / bad; the model processed that naming; the measurement recorded, at layer 1, excluded_perp_norm(okay) = 1.1087; a human interprets the record.",
person_good_bad,item,scalar_collapse,good / bad,1,excluded_t,okay,0.408869,True,(b) cross-layer pole relation,False,Tokenization fixes the position; the unit of analysis is the residual representation carried at that position; it is read across layers 0 to output. The token is not the unit.,The corpus named the dichotomy; the model processed that naming; the measurement recorded the processing; a human interprets the record.,"The corpus named the dichotomy good / bad; the model processed that naming; the measurement recorded, at layer 1, excluded_t(okay) = 0.4089; a human interprets the record.",
person_good_bad,item,scalar_collapse,good / bad,1,excluded_perp_norm,fine,1.144733,True,(b) cross-layer pole relation,False,Tokenization fixes the position; the unit of analysis is the residual representation carried at that position; it is read across layers 0 to output. The token is not the unit.,The corpus named the dichotomy; the model processed that naming; the measurement recorded the processing; a human interprets the record.,"The corpus named the dichotomy good / bad; the model processed that naming; the measurement recorded, at layer 1, excluded_perp_norm(fine) = 1.1447; a human interprets the record.",
person_good_bad,item,scalar_collapse,good / bad,1,excluded_t,fine,0.392858,True,(b) cross-layer pole relation,False,Tokenization fixes the position; the unit of analysis is the residual representation carried at that position; it is read across layers 0 to output. The token is not the unit.,The corpus named the dichotomy; the model processed that naming; the measurement recorded the processing; a human interprets the record.,"The corpus named the dichotomy good / bad; the model processed that naming; the measurement recorded, at layer 1, excluded_t(fine) = 0.3929; a human interprets the record.",
person_good_bad,item,scalar_collapse,good / bad,1,excluded_perp_norm,decent,0.928797,True,(b) cross-layer pole relation,False,Tokenization fixes the position; the unit of analysis is the residual representation carried at that position; it is read across layers 0 to output. The token is not the unit.,The corpus named the dichotomy; the model processed that naming; the measurement recorded the processing; a human interprets the record.,"The corpus named the dichotomy good / bad; the model processed that naming; the measurement recorded, at layer 1, excluded_perp_norm(decent) = 0.9288; a human interprets the record.",
person_good_bad,item,scalar_collapse,good / bad,1,excluded_t,decent,0.296621,True,(b) cross-layer pole relation,False,Tokenization fixes the position; the unit of analysis is the residual representation carried at that position; it is read across layers 0 to output. The token is not the unit.,The corpus named the dichotomy; the model processed that naming; the measurement recorded the processing; a human interprets the record.,"The corpus named the dichotomy good / bad; the model processed that naming; the measurement recorded, at layer 1, excluded_t(decent) = 0.2966; a human interprets the record.",
person_good_bad,item,scalar_collapse,good / bad,1,excluded_perp_norm,poor,1.004087,True,(b) cross-layer pole relation,False,Tokenization fixes the position; the unit of analysis is the residual representation carried at that position; it is read across layers 0 to output. The token is not the unit.,The corpus named the dichotomy; the model processed that naming; the measurement recorded the processing; a human interprets the record.,"The corpus named the dichotomy good / bad; the model processed that naming; the measurement recorded, at layer 1, excluded_perp_norm(poor) = 1.0041; a human interprets the record.",
person_good_bad,item,scalar_collapse,good / bad,1,excluded_t,poor,0.519983,True,(b) cross-layer pole relation,False,Tokenization fixes the position; the unit of analysis is the residual representation carried at that position; it is read across layers 0 to output. The token is not the unit.,The corpus named the dichotomy; the model processed that naming; the measurement recorded the processing; a human interprets the record.,"The corpus named the dichotomy good / bad; the model processed that naming; the measurement recorded, at layer 1, excluded_t(poor) = 0.5200; a human interprets the record.",
person_good_bad,item,scalar_collapse,good / bad,1,remainder_ratio,excluded_set,1.054548,True,(b) cross-layer pole relation,False,Tokenization fixes the position; the unit of analysis is the residual representation carried at that position; it is read across layers 0 to output. The token is not the unit.,The corpus named the dichotomy; the model processed that naming; the measurement recorded the processing; a human interprets the record.,"The corpus named the dichotomy good / bad; the model processed that naming; the measurement recorded, at layer 1, remainder_ratio(excluded_set) = 1.0545; a human interprets the record.",
person_good_bad,item,scalar_collapse,good / bad,2,cosine_AB_named,good|bad,0.569405,True,(b) cross-layer pole relation,True,Tokenization fixes the position; the unit of analysis is the residual representation carried at that position; it is read across layers 0 to output. The token is not the unit.,The corpus named the dichotomy; the model processed that naming; the measurement recorded the processing; a human interprets the record.,"The corpus named the dichotomy good / bad; the model processed that naming; the measurement recorded, at layer 2, cosine_AB_named(good|bad) = 0.5694 (corroboration only); a human interprets the record.",
person_good_bad,item,scalar_collapse,good / bad,2,cosine_AB_carrier,good|bad,0.637369,True,(b) cross-layer pole relation,True,Tokenization fixes the position; the unit of analysis is the residual representation carried at that position; it is read across layers 0 to output. The token is not the unit.,The corpus named the dichotomy; the model processed that naming; the measurement recorded the processing; a human interprets the record.,"The corpus named the dichotomy good / bad; the model processed that naming; the measurement recorded, at layer 2, cosine_AB_carrier(good|bad) = 0.6374 (corroboration only); a human interprets the record.",
person_good_bad,item,scalar_collapse,good / bad,2,midpoint_t,(none),,False,(a) seated-midpoint,True,Tokenization fixes the position; the unit of analysis is the residual representation carried at that position; it is read across layers 0 to output. The token is not the unit.,The corpus named the dichotomy; the model processed that naming; the measurement recorded the processing; a human interprets the record.,"The corpus named the dichotomy good / bad; the model processed that naming; the measurement recorded, at layer 2, midpoint_t((none)) is undefined here (corroboration only); a human interprets the record. [Moral midpoint is phrasal/multi-token; measurement (a) does not close on a single Y-unit (anticipated finding).]",Moral midpoint is phrasal/multi-token; measurement (a) does not close on a single Y-unit (anticipated finding).
person_good_bad,item,scalar_collapse,good / bad,2,excluded_perp_norm,mediocre,1.063204,True,(b) cross-layer pole relation,False,Tokenization fixes the position; the unit of analysis is the residual representation carried at that position; it is read across layers 0 to output. The token is not the unit.,The corpus named the dichotomy; the model processed that naming; the measurement recorded the processing; a human interprets the record.,"The corpus named the dichotomy good / bad; the model processed that naming; the measurement recorded, at layer 2, excluded_perp_norm(mediocre) = 1.0632; a human interprets the record.",
person_good_bad,item,scalar_collapse,good / bad,2,excluded_t,mediocre,0.473224,True,(b) cross-layer pole relation,False,Tokenization fixes the position; the unit of analysis is the residual representation carried at that position; it is read across layers 0 to output. The token is not the unit.,The corpus named the dichotomy; the model processed that naming; the measurement recorded the processing; a human interprets the record.,"The corpus named the dichotomy good / bad; the model processed that naming; the measurement recorded, at layer 2, excluded_t(mediocre) = 0.4732; a human interprets the record.",
person_good_bad,item,scalar_collapse,good / bad,2,excluded_perp_norm,average,1.1772,True,(b) cross-layer pole relation,False,Tokenization fixes the position; the unit of analysis is the residual representation carried at that position; it is read across layers 0 to output. The token is not the unit.,The corpus named the dichotomy; the model processed that naming; the measurement recorded the processing; a human interprets the record.,"The corpus named the dichotomy good / bad; the model processed that naming; the measurement recorded, at layer 2, excluded_perp_norm(average) = 1.1772; a human interprets the record.",
person_good_bad,item,scalar_collapse,good / bad,2,excluded_t,average,0.441391,True,(b) cross-layer pole relation,False,Tokenization fixes the position; the unit of analysis is the residual representation carried at that position; it is read across layers 0 to output. The token is not the unit.,The corpus named the dichotomy; the model processed that naming; the measurement recorded the processing; a human interprets the record.,"The corpus named the dichotomy good / bad; the model processed that naming; the measurement recorded, at layer 2, excluded_t(average) = 0.4414; a human interprets the record.",
person_good_bad,item,scalar_collapse,good / bad,2,excluded_perp_norm,okay,1.134679,True,(b) cross-layer pole relation,False,Tokenization fixes the position; the unit of analysis is the residual representation carried at that position; it is read across layers 0 to output. The token is not the unit.,The corpus named the dichotomy; the model processed that naming; the measurement recorded the processing; a human interprets the record.,"The corpus named the dichotomy good / bad; the model processed that naming; the measurement recorded, at layer 2, excluded_perp_norm(okay) = 1.1347; a human interprets the record.",
person_good_bad,item,scalar_collapse,good / bad,2,excluded_t,okay,0.397445,True,(b) cross-layer pole relation,False,Tokenization fixes the position; the unit of analysis is the residual representation carried at that position; it is read across layers 0 to output. The token is not the unit.,The corpus named the dichotomy; the model processed that naming; the measurement recorded the processing; a human interprets the record.,"The corpus named the dichotomy good / bad; the model processed that naming; the measurement recorded, at layer 2, excluded_t(okay) = 0.3974; a human interprets the record.",
person_good_bad,item,scalar_collapse,good / bad,2,excluded_perp_norm,fine,1.155242,True,(b) cross-layer pole relation,False,Tokenization fixes the position; the unit of analysis is the residual representation carried at that position; it is read across layers 0 to output. The token is not the unit.,The corpus named the dichotomy; the model processed that naming; the measurement recorded the processing; a human interprets the record.,"The corpus named the dichotomy good / bad; the model processed that naming; the measurement recorded, at layer 2, excluded_perp_norm(fine) = 1.1552; a human interprets the record.",
person_good_bad,item,scalar_collapse,good / bad,2,excluded_t,fine,0.382171,True,(b) cross-layer pole relation,False,Tokenization fixes the position; the unit of analysis is the residual representation carried at that position; it is read across layers 0 to output. The token is not the unit.,The corpus named the dichotomy; the model processed that naming; the measurement recorded the processing; a human interprets the record.,"The corpus named the dichotomy good / bad; the model processed that naming; the measurement recorded, at layer 2, excluded_t(fine) = 0.3822; a human interprets the record.",
person_good_bad,item,scalar_collapse,good / bad,2,excluded_perp_norm,decent,0.968567,True,(b) cross-layer pole relation,False,Tokenization fixes the position; the unit of analysis is the residual representation carried at that position; it is read across layers 0 to output. The token is not the unit.,The corpus named the dichotomy; the model processed that naming; the measurement recorded the processing; a human interprets the record.,"The corpus named the dichotomy good / bad; the model processed that naming; the measurement recorded, at layer 2, excluded_perp_norm(decent) = 0.9686; a human interprets the record.",
person_good_bad,item,scalar_collapse,good / bad,2,excluded_t,decent,0.282612,True,(b) cross-layer pole relation,False,Tokenization fixes the position; the unit of analysis is the residual representation carried at that position; it is read across layers 0 to output. The token is not the unit.,The corpus named the dichotomy; the model processed that naming; the measurement recorded the processing; a human interprets the record.,"The corpus named the dichotomy good / bad; the model processed that naming; the measurement recorded, at layer 2, excluded_t(decent) = 0.2826; a human interprets the record.",
person_good_bad,item,scalar_collapse,good / bad,2,excluded_perp_norm,poor,1.015548,True,(b) cross-layer pole relation,False,Tokenization fixes the position; the unit of analysis is the residual representation carried at that position; it is read across layers 0 to output. The token is not the unit.,The corpus named the dichotomy; the model processed that naming; the measurement recorded the processing; a human interprets the record.,"The corpus named the dichotomy good / bad; the model processed that naming; the measurement recorded, at layer 2, excluded_perp_norm(poor) = 1.0155; a human interprets the record.",
person_good_bad,item,scalar_collapse,good / bad,2,excluded_t,poor,0.537203,True,(b) cross-layer pole relation,False,Tokenization fixes the position; the unit of analysis is the residual representation carried at that position; it is read across layers 0 to output. The token is not the unit.,The corpus named the dichotomy; the model processed that naming; the measurement recorded the processing; a human interprets the record.,"The corpus named the dichotomy good / bad; the model processed that naming; the measurement recorded, at layer 2, excluded_t(poor) = 0.5372; a human interprets the record.",
person_good_bad,item,scalar_collapse,good / bad,2,remainder_ratio,excluded_set,1.08574,True,(b) cross-layer pole relation,False,Tokenization fixes the position; the unit of analysis is the residual representation carried at that position; it is read across layers 0 to output. The token is not the unit.,The corpus named the dichotomy; the model processed that naming; the measurement recorded the processing; a human interprets the record.,"The corpus named the dichotomy good / bad; the model processed that naming; the measurement recorded, at layer 2, remainder_ratio(excluded_set) = 1.0857; a human interprets the record.",
person_good_bad,item,scalar_collapse,good / bad,3,cosine_AB_named,good|bad,0.595376,True,(b) cross-layer pole relation,True,Tokenization fixes the position; the unit of analysis is the residual representation carried at that position; it is read across layers 0 to output. The token is not the unit.,The corpus named the dichotomy; the model processed that naming; the measurement recorded the processing; a human interprets the record.,"The corpus named the dichotomy good / bad; the model processed that naming; the measurement recorded, at layer 3, cosine_AB_named(good|bad) = 0.5954 (corroboration only); a human interprets the record.",
person_good_bad,item,scalar_collapse,good / bad,3,cosine_AB_carrier,good|bad,0.702571,True,(b) cross-layer pole relation,True,Tokenization fixes the position; the unit of analysis is the residual representation carried at that position; it is read across layers 0 to output. The token is not the unit.,The corpus named the dichotomy; the model processed that naming; the measurement recorded the processing; a human interprets the record.,"The corpus named the dichotomy good / bad; the model processed that naming; the measurement recorded, at layer 3, cosine_AB_carrier(good|bad) = 0.7026 (corroboration only); a human interprets the record.",
person_good_bad,item,scalar_collapse,good / bad,3,midpoint_t,(none),,False,(a) seated-midpoint,True,Tokenization fixes the position; the unit of analysis is the residual representation carried at that position; it is read across layers 0 to output. The token is not the unit.,The corpus named the dichotomy; the model processed that naming; the measurement recorded the processing; a human interprets the record.,"The corpus named the dichotomy good / bad; the model processed that naming; the measurement recorded, at layer 3, midpoint_t((none)) is undefined here (corroboration only); a human interprets the record. [Moral midpoint is phrasal/multi-token; measurement (a) does not close on a single Y-unit (anticipated finding).]",Moral midpoint is phrasal/multi-token; measurement (a) does not close on a single Y-unit (anticipated finding).
person_good_bad,item,scalar_collapse,good / bad,3,excluded_perp_norm,mediocre,1.197215,True,(b) cross-layer pole relation,False,Tokenization fixes the position; the unit of analysis is the residual representation carried at that position; it is read across layers 0 to output. The token is not the unit.,The corpus named the dichotomy; the model processed that naming; the measurement recorded the processing; a human interprets the record.,"The corpus named the dichotomy good / bad; the model processed that naming; the measurement recorded, at layer 3, excluded_perp_norm(mediocre) = 1.1972; a human interprets the record.",
person_good_bad,item,scalar_collapse,good / bad,3,excluded_t,mediocre,0.467875,True,(b) cross-layer pole relation,False,Tokenization fixes the position; the unit of analysis is the residual representation carried at that position; it is read across layers 0 to output. The token is not the unit.,The corpus named the dichotomy; the model processed that naming; the measurement recorded the processing; a human interprets the record.,"The corpus named the dichotomy good / bad; the model processed that naming; the measurement recorded, at layer 3, excluded_t(mediocre) = 0.4679; a human interprets the record.",
person_good_bad,item,scalar_collapse,good / bad,3,excluded_perp_norm,average,1.252248,True,(b) cross-layer pole relation,False,Tokenization fixes the position; the unit of analysis is the residual representation carried at that position; it is read across layers 0 to output. The token is not the unit.,The corpus named the dichotomy; the model processed that naming; the measurement recorded the processing; a human interprets the record.,"The corpus named the dichotomy good / bad; the model processed that naming; the measurement recorded, at layer 3, excluded_perp_norm(average) = 1.2522; a human interprets the record.",
person_good_bad,item,scalar_collapse,good / bad,3,excluded_t,average,0.472234,True,(b) cross-layer pole relation,False,Tokenization fixes the position; the unit of analysis is the residual representation carried at that position; it is read across layers 0 to output. The token is not the unit.,The corpus named the dichotomy; the model processed that naming; the measurement recorded the processing; a human interprets the record.,"The corpus named the dichotomy good / bad; the model processed that naming; the measurement recorded, at layer 3, excluded_t(average) = 0.4722; a human interprets the record.",
person_good_bad,item,scalar_collapse,good / bad,3,excluded_perp_norm,okay,1.170017,True,(b) cross-layer pole relation,False,Tokenization fixes the position; the unit of analysis is the residual representation carried at that position; it is read across layers 0 to output. The token is not the unit.,The corpus named the dichotomy; the model processed that naming; the measurement recorded the processing; a human interprets the record.,"The corpus named the dichotomy good / bad; the model processed that naming; the measurement recorded, at layer 3, excluded_perp_norm(okay) = 1.1700; a human interprets the record.",
person_good_bad,item,scalar_collapse,good / bad,3,excluded_t,okay,0.342474,True,(b) cross-layer pole relation,False,Tokenization fixes the position; the unit of analysis is the residual representation carried at that position; it is read across layers 0 to output. The token is not the unit.,The corpus named the dichotomy; the model processed that naming; the measurement recorded the processing; a human interprets the record.,"The corpus named the dichotomy good / bad; the model processed that naming; the measurement recorded, at layer 3, excluded_t(okay) = 0.3425; a human interprets the record.",
person_good_bad,item,scalar_collapse,good / bad,3,excluded_perp_norm,fine,1.165907,True,(b) cross-layer pole relation,False,Tokenization fixes the position; the unit of analysis is the residual representation carried at that position; it is read across layers 0 to output. The token is not the unit.,The corpus named the dichotomy; the model processed that naming; the measurement recorded the processing; a human interprets the record.,"The corpus named the dichotomy good / bad; the model processed that naming; the measurement recorded, at layer 3, excluded_perp_norm(fine) = 1.1659; a human interprets the record.",
person_good_bad,item,scalar_collapse,good / bad,3,excluded_t,fine,0.326224,True,(b) cross-layer pole relation,False,Tokenization fixes the position; the unit of analysis is the residual representation carried at that position; it is read across layers 0 to output. The token is not the unit.,The corpus named the dichotomy; the model processed that naming; the measurement recorded the processing; a human interprets the record.,"The corpus named the dichotomy good / bad; the model processed that naming; the measurement recorded, at layer 3, excluded_t(fine) = 0.3262; a human interprets the record.",
person_good_bad,item,scalar_collapse,good / bad,3,excluded_perp_norm,decent,1.032197,True,(b) cross-layer pole relation,False,Tokenization fixes the position; the unit of analysis is the residual representation carried at that position; it is read across layers 0 to output. The token is not the unit.,The corpus named the dichotomy; the model processed that naming; the measurement recorded the processing; a human interprets the record.,"The corpus named the dichotomy good / bad; the model processed that naming; the measurement recorded, at layer 3, excluded_perp_norm(decent) = 1.0322; a human interprets the record.",
person_good_bad,item,scalar_collapse,good / bad,3,excluded_t,decent,0.238928,True,(b) cross-layer pole relation,False,Tokenization fixes the position; the unit of analysis is the residual representation carried at that position; it is read across layers 0 to output. The token is not the unit.,The corpus named the dichotomy; the model processed that naming; the measurement recorded the processing; a human interprets the record.,"The corpus named the dichotomy good / bad; the model processed that naming; the measurement recorded, at layer 3, excluded_t(decent) = 0.2389; a human interprets the record.",
person_good_bad,item,scalar_collapse,good / bad,3,excluded_perp_norm,poor,1.058227,True,(b) cross-layer pole relation,False,Tokenization fixes the position; the unit of analysis is the residual representation carried at that position; it is read across layers 0 to output. The token is not the unit.,The corpus named the dichotomy; the model processed that naming; the measurement recorded the processing; a human interprets the record.,"The corpus named the dichotomy good / bad; the model processed that naming; the measurement recorded, at layer 3, excluded_perp_norm(poor) = 1.0582; a human interprets the record.",
person_good_bad,item,scalar_collapse,good / bad,3,excluded_t,poor,0.539657,True,(b) cross-layer pole relation,False,Tokenization fixes the position; the unit of analysis is the residual representation carried at that position; it is read across layers 0 to output. The token is not the unit.,The corpus named the dichotomy; the model processed that naming; the measurement recorded the processing; a human interprets the record.,"The corpus named the dichotomy good / bad; the model processed that naming; the measurement recorded, at layer 3, excluded_t(poor) = 0.5397; a human interprets the record.",
person_good_bad,item,scalar_collapse,good / bad,3,remainder_ratio,excluded_set,1.145969,True,(b) cross-layer pole relation,False,Tokenization fixes the position; the unit of analysis is the residual representation carried at that position; it is read across layers 0 to output. The token is not the unit.,The corpus named the dichotomy; the model processed that naming; the measurement recorded the processing; a human interprets the record.,"The corpus named the dichotomy good / bad; the model processed that naming; the measurement recorded, at layer 3, remainder_ratio(excluded_set) = 1.1460; a human interprets the record.",
person_good_bad,item,scalar_collapse,good / bad,4,cosine_AB_named,good|bad,0.58142,True,(b) cross-layer pole relation,True,Tokenization fixes the position; the unit of analysis is the residual representation carried at that position; it is read across layers 0 to output. The token is not the unit.,The corpus named the dichotomy; the model processed that naming; the measurement recorded the processing; a human interprets the record.,"The corpus named the dichotomy good / bad; the model processed that naming; the measurement recorded, at layer 4, cosine_AB_named(good|bad) = 0.5814 (corroboration only); a human interprets the record.",
person_good_bad,item,scalar_collapse,good / bad,4,cosine_AB_carrier,good|bad,0.758205,True,(b) cross-layer pole relation,True,Tokenization fixes the position; the unit of analysis is the residual representation carried at that position; it is read across layers 0 to output. The token is not the unit.,The corpus named the dichotomy; the model processed that naming; the measurement recorded the processing; a human interprets the record.,"The corpus named the dichotomy good / bad; the model processed that naming; the measurement recorded, at layer 4, cosine_AB_carrier(good|bad) = 0.7582 (corroboration only); a human interprets the record.",
person_good_bad,item,scalar_collapse,good / bad,4,midpoint_t,(none),,False,(a) seated-midpoint,True,Tokenization fixes the position; the unit of analysis is the residual representation carried at that position; it is read across layers 0 to output. The token is not the unit.,The corpus named the dichotomy; the model processed that naming; the measurement recorded the processing; a human interprets the record.,"The corpus named the dichotomy good / bad; the model processed that naming; the measurement recorded, at layer 4, midpoint_t((none)) is undefined here (corroboration only); a human interprets the record. [Moral midpoint is phrasal/multi-token; measurement (a) does not close on a single Y-unit (anticipated finding).]",Moral midpoint is phrasal/multi-token; measurement (a) does not close on a single Y-unit (anticipated finding).
person_good_bad,item,scalar_collapse,good / bad,4,excluded_perp_norm,mediocre,1.262203,True,(b) cross-layer pole relation,False,Tokenization fixes the position; the unit of analysis is the residual representation carried at that position; it is read across layers 0 to output. The token is not the unit.,The corpus named the dichotomy; the model processed that naming; the measurement recorded the processing; a human interprets the record.,"The corpus named the dichotomy good / bad; the model processed that naming; the measurement recorded, at layer 4, excluded_perp_norm(mediocre) = 1.2622; a human interprets the record.",
person_good_bad,item,scalar_collapse,good / bad,4,excluded_t,mediocre,0.407407,True,(b) cross-layer pole relation,False,Tokenization fixes the position; the unit of analysis is the residual representation carried at that position; it is read across layers 0 to output. The token is not the unit.,The corpus named the dichotomy; the model processed that naming; the measurement recorded the processing; a human interprets the record.,"The corpus named the dichotomy good / bad; the model processed that naming; the measurement recorded, at layer 4, excluded_t(mediocre) = 0.4074; a human interprets the record.",
person_good_bad,item,scalar_collapse,good / bad,4,excluded_perp_norm,average,1.306915,True,(b) cross-layer pole relation,False,Tokenization fixes the position; the unit of analysis is the residual representation carried at that position; it is read across layers 0 to output. The token is not the unit.,The corpus named the dichotomy; the model processed that naming; the measurement recorded the processing; a human interprets the record.,"The corpus named the dichotomy good / bad; the model processed that naming; the measurement recorded, at layer 4, excluded_perp_norm(average) = 1.3069; a human interprets the record.",
person_good_bad,item,scalar_collapse,good / bad,4,excluded_t,average,0.451186,True,(b) cross-layer pole relation,False,Tokenization fixes the position; the unit of analysis is the residual representation carried at that position; it is read across layers 0 to output. The token is not the unit.,The corpus named the dichotomy; the model processed that naming; the measurement recorded the processing; a human interprets the record.,"The corpus named the dichotomy good / bad; the model processed that naming; the measurement recorded, at layer 4, excluded_t(average) = 0.4512; a human interprets the record.",
person_good_bad,item,scalar_collapse,good / bad,4,excluded_perp_norm,okay,1.227476,True,(b) cross-layer pole relation,False,Tokenization fixes the position; the unit of analysis is the residual representation carried at that position; it is read across layers 0 to output. The token is not the unit.,The corpus named the dichotomy; the model processed that naming; the measurement recorded the processing; a human interprets the record.,"The corpus named the dichotomy good / bad; the model processed that naming; the measurement recorded, at layer 4, excluded_perp_norm(okay) = 1.2275; a human interprets the record.",
person_good_bad,item,scalar_collapse,good / bad,4,excluded_t,okay,0.292417,True,(b) cross-layer pole relation,False,Tokenization fixes the position; the unit of analysis is the residual representation carried at that position; it is read across layers 0 to output. The token is not the unit.,The corpus named the dichotomy; the model processed that naming; the measurement recorded the processing; a human interprets the record.,"The corpus named the dichotomy good / bad; the model processed that naming; the measurement recorded, at layer 4, excluded_t(okay) = 0.2924; a human interprets the record.",
person_good_bad,item,scalar_collapse,good / bad,4,excluded_perp_norm,fine,1.210326,True,(b) cross-layer pole relation,False,Tokenization fixes the position; the unit of analysis is the residual representation carried at that position; it is read across layers 0 to output. The token is not the unit.,The corpus named the dichotomy; the model processed that naming; the measurement recorded the processing; a human interprets the record.,"The corpus named the dichotomy good / bad; the model processed that naming; the measurement recorded, at layer 4, excluded_perp_norm(fine) = 1.2103; a human interprets the record.",
person_good_bad,item,scalar_collapse,good / bad,4,excluded_t,fine,0.29149,True,(b) cross-layer pole relation,False,Tokenization fixes the position; the unit of analysis is the residual representation carried at that position; it is read across layers 0 to output. The token is not the unit.,The corpus named the dichotomy; the model processed that naming; the measurement recorded the processing; a human interprets the record.,"The corpus named the dichotomy good / bad; the model processed that naming; the measurement recorded, at layer 4, excluded_t(fine) = 0.2915; a human interprets the record.",
person_good_bad,item,scalar_collapse,good / bad,4,excluded_perp_norm,decent,1.068795,True,(b) cross-layer pole relation,False,Tokenization fixes the position; the unit of analysis is the residual representation carried at that position; it is read across layers 0 to output. The token is not the unit.,The corpus named the dichotomy; the model processed that naming; the measurement recorded the processing; a human interprets the record.,"The corpus named the dichotomy good / bad; the model processed that naming; the measurement recorded, at layer 4, excluded_perp_norm(decent) = 1.0688; a human interprets the record.",
person_good_bad,item,scalar_collapse,good / bad,4,excluded_t,decent,0.193737,True,(b) cross-layer pole relation,False,Tokenization fixes the position; the unit of analysis is the residual representation carried at that position; it is read across layers 0 to output. The token is not the unit.,The corpus named the dichotomy; the model processed that naming; the measurement recorded the processing; a human interprets the record.,"The corpus named the dichotomy good / bad; the model processed that naming; the measurement recorded, at layer 4, excluded_t(decent) = 0.1937; a human interprets the record.",
person_good_bad,item,scalar_collapse,good / bad,4,excluded_perp_norm,poor,1.043249,True,(b) cross-layer pole relation,False,Tokenization fixes the position; the unit of analysis is the residual representation carried at that position; it is read across layers 0 to output. The token is not the unit.,The corpus named the dichotomy; the model processed that naming; the measurement recorded the processing; a human interprets the record.,"The corpus named the dichotomy good / bad; the model processed that naming; the measurement recorded, at layer 4, excluded_perp_norm(poor) = 1.0432; a human interprets the record.",
person_good_bad,item,scalar_collapse,good / bad,4,excluded_t,poor,0.526787,True,(b) cross-layer pole relation,False,Tokenization fixes the position; the unit of analysis is the residual representation carried at that position; it is read across layers 0 to output. The token is not the unit.,The corpus named the dichotomy; the model processed that naming; the measurement recorded the processing; a human interprets the record.,"The corpus named the dichotomy good / bad; the model processed that naming; the measurement recorded, at layer 4, excluded_t(poor) = 0.5268; a human interprets the record.",
person_good_bad,item,scalar_collapse,good / bad,4,remainder_ratio,excluded_set,1.186494,True,(b) cross-layer pole relation,False,Tokenization fixes the position; the unit of analysis is the residual representation carried at that position; it is read across layers 0 to output. The token is not the unit.,The corpus named the dichotomy; the model processed that naming; the measurement recorded the processing; a human interprets the record.,"The corpus named the dichotomy good / bad; the model processed that naming; the measurement recorded, at layer 4, remainder_ratio(excluded_set) = 1.1865; a human interprets the record.",
person_good_bad,item,scalar_collapse,good / bad,5,cosine_AB_named,good|bad,0.65808,True,(b) cross-layer pole relation,True,Tokenization fixes the position; the unit of analysis is the residual representation carried at that position; it is read across layers 0 to output. The token is not the unit.,The corpus named the dichotomy; the model processed that naming; the measurement recorded the processing; a human interprets the record.,"The corpus named the dichotomy good / bad; the model processed that naming; the measurement recorded, at layer 5, cosine_AB_named(good|bad) = 0.6581 (corroboration only); a human interprets the record.",
person_good_bad,item,scalar_collapse,good / bad,5,cosine_AB_carrier,good|bad,0.779273,True,(b) cross-layer pole relation,True,Tokenization fixes the position; the unit of analysis is the residual representation carried at that position; it is read across layers 0 to output. The token is not the unit.,The corpus named the dichotomy; the model processed that naming; the measurement recorded the processing; a human interprets the record.,"The corpus named the dichotomy good / bad; the model processed that naming; the measurement recorded, at layer 5, cosine_AB_carrier(good|bad) = 0.7793 (corroboration only); a human interprets the record.",
person_good_bad,item,scalar_collapse,good / bad,5,midpoint_t,(none),,False,(a) seated-midpoint,True,Tokenization fixes the position; the unit of analysis is the residual representation carried at that position; it is read across layers 0 to output. The token is not the unit.,The corpus named the dichotomy; the model processed that naming; the measurement recorded the processing; a human interprets the record.,"The corpus named the dichotomy good / bad; the model processed that naming; the measurement recorded, at layer 5, midpoint_t((none)) is undefined here (corroboration only); a human interprets the record. [Moral midpoint is phrasal/multi-token; measurement (a) does not close on a single Y-unit (anticipated finding).]",Moral midpoint is phrasal/multi-token; measurement (a) does not close on a single Y-unit (anticipated finding).
person_good_bad,item,scalar_collapse,good / bad,5,excluded_perp_norm,mediocre,1.267481,True,(b) cross-layer pole relation,False,Tokenization fixes the position; the unit of analysis is the residual representation carried at that position; it is read across layers 0 to output. The token is not the unit.,The corpus named the dichotomy; the model processed that naming; the measurement recorded the processing; a human interprets the record.,"The corpus named the dichotomy good / bad; the model processed that naming; the measurement recorded, at layer 5, excluded_perp_norm(mediocre) = 1.2675; a human interprets the record.",
person_good_bad,item,scalar_collapse,good / bad,5,excluded_t,mediocre,0.433497,True,(b) cross-layer pole relation,False,Tokenization fixes the position; the unit of analysis is the residual representation carried at that position; it is read across layers 0 to output. The token is not the unit.,The corpus named the dichotomy; the model processed that naming; the measurement recorded the processing; a human interprets the record.,"The corpus named the dichotomy good / bad; the model processed that naming; the measurement recorded, at layer 5, excluded_t(mediocre) = 0.4335; a human interprets the record.",
person_good_bad,item,scalar_collapse,good / bad,5,excluded_perp_norm,average,1.358041,True,(b) cross-layer pole relation,False,Tokenization fixes the position; the unit of analysis is the residual representation carried at that position; it is read across layers 0 to output. The token is not the unit.,The corpus named the dichotomy; the model processed that naming; the measurement recorded the processing; a human interprets the record.,"The corpus named the dichotomy good / bad; the model processed that naming; the measurement recorded, at layer 5, excluded_perp_norm(average) = 1.3580; a human interprets the record.",
person_good_bad,item,scalar_collapse,good / bad,5,excluded_t,average,0.491464,True,(b) cross-layer pole relation,False,Tokenization fixes the position; the unit of analysis is the residual representation carried at that position; it is read across layers 0 to output. The token is not the unit.,The corpus named the dichotomy; the model processed that naming; the measurement recorded the processing; a human interprets the record.,"The corpus named the dichotomy good / bad; the model processed that naming; the measurement recorded, at layer 5, excluded_t(average) = 0.4915; a human interprets the record.",
person_good_bad,item,scalar_collapse,good / bad,5,excluded_perp_norm,okay,1.23026,True,(b) cross-layer pole relation,False,Tokenization fixes the position; the unit of analysis is the residual representation carried at that position; it is read across layers 0 to output. The token is not the unit.,The corpus named the dichotomy; the model processed that naming; the measurement recorded the processing; a human interprets the record.,"The corpus named the dichotomy good / bad; the model processed that naming; the measurement recorded, at layer 5, excluded_perp_norm(okay) = 1.2303; a human interprets the record.",
person_good_bad,item,scalar_collapse,good / bad,5,excluded_t,okay,0.254519,True,(b) cross-layer pole relation,False,Tokenization fixes the position; the unit of analysis is the residual representation carried at that position; it is read across layers 0 to output. The token is not the unit.,The corpus named the dichotomy; the model processed that naming; the measurement recorded the processing; a human interprets the record.,"The corpus named the dichotomy good / bad; the model processed that naming; the measurement recorded, at layer 5, excluded_t(okay) = 0.2545; a human interprets the record.",
person_good_bad,item,scalar_collapse,good / bad,5,excluded_perp_norm,fine,1.252874,True,(b) cross-layer pole relation,False,Tokenization fixes the position; the unit of analysis is the residual representation carried at that position; it is read across layers 0 to output. The token is not the unit.,The corpus named the dichotomy; the model processed that naming; the measurement recorded the processing; a human interprets the record.,"The corpus named the dichotomy good / bad; the model processed that naming; the measurement recorded, at layer 5, excluded_perp_norm(fine) = 1.2529; a human interprets the record.",
person_good_bad,item,scalar_collapse,good / bad,5,excluded_t,fine,0.221447,True,(b) cross-layer pole relation,False,Tokenization fixes the position; the unit of analysis is the residual representation carried at that position; it is read across layers 0 to output. The token is not the unit.,The corpus named the dichotomy; the model processed that naming; the measurement recorded the processing; a human interprets the record.,"The corpus named the dichotomy good / bad; the model processed that naming; the measurement recorded, at layer 5, excluded_t(fine) = 0.2214; a human interprets the record.",
person_good_bad,item,scalar_collapse,good / bad,5,excluded_perp_norm,decent,1.07856,True,(b) cross-layer pole relation,False,Tokenization fixes the position; the unit of analysis is the residual representation carried at that position; it is read across layers 0 to output. The token is not the unit.,The corpus named the dichotomy; the model processed that naming; the measurement recorded the processing; a human interprets the record.,"The corpus named the dichotomy good / bad; the model processed that naming; the measurement recorded, at layer 5, excluded_perp_norm(decent) = 1.0786; a human interprets the record.",
person_good_bad,item,scalar_collapse,good / bad,5,excluded_t,decent,0.146204,True,(b) cross-layer pole relation,False,Tokenization fixes the position; the unit of analysis is the residual representation carried at that position; it is read across layers 0 to output. The token is not the unit.,The corpus named the dichotomy; the model processed that naming; the measurement recorded the processing; a human interprets the record.,"The corpus named the dichotomy good / bad; the model processed that naming; the measurement recorded, at layer 5, excluded_t(decent) = 0.1462; a human interprets the record.",
person_good_bad,item,scalar_collapse,good / bad,5,excluded_perp_norm,poor,1.117588,True,(b) cross-layer pole relation,False,Tokenization fixes the position; the unit of analysis is the residual representation carried at that position; it is read across layers 0 to output. The token is not the unit.,The corpus named the dichotomy; the model processed that naming; the measurement recorded the processing; a human interprets the record.,"The corpus named the dichotomy good / bad; the model processed that naming; the measurement recorded, at layer 5, excluded_perp_norm(poor) = 1.1176; a human interprets the record.",
person_good_bad,item,scalar_collapse,good / bad,5,excluded_t,poor,0.55052,True,(b) cross-layer pole relation,False,Tokenization fixes the position; the unit of analysis is the residual representation carried at that position; it is read across layers 0 to output. The token is not the unit.,The corpus named the dichotomy; the model processed that naming; the measurement recorded the processing; a human interprets the record.,"The corpus named the dichotomy good / bad; the model processed that naming; the measurement recorded, at layer 5, excluded_t(poor) = 0.5505; a human interprets the record.",
person_good_bad,item,scalar_collapse,good / bad,5,remainder_ratio,excluded_set,1.217467,True,(b) cross-layer pole relation,False,Tokenization fixes the position; the unit of analysis is the residual representation carried at that position; it is read across layers 0 to output. The token is not the unit.,The corpus named the dichotomy; the model processed that naming; the measurement recorded the processing; a human interprets the record.,"The corpus named the dichotomy good / bad; the model processed that naming; the measurement recorded, at layer 5, remainder_ratio(excluded_set) = 1.2175; a human interprets the record.",
person_good_bad,item,scalar_collapse,good / bad,6,cosine_AB_named,good|bad,0.663597,True,(b) cross-layer pole relation,True,Tokenization fixes the position; the unit of analysis is the residual representation carried at that position; it is read across layers 0 to output. The token is not the unit.,The corpus named the dichotomy; the model processed that naming; the measurement recorded the processing; a human interprets the record.,"The corpus named the dichotomy good / bad; the model processed that naming; the measurement recorded, at layer 6, cosine_AB_named(good|bad) = 0.6636 (corroboration only); a human interprets the record.",
person_good_bad,item,scalar_collapse,good / bad,6,cosine_AB_carrier,good|bad,0.797835,True,(b) cross-layer pole relation,True,Tokenization fixes the position; the unit of analysis is the residual representation carried at that position; it is read across layers 0 to output. The token is not the unit.,The corpus named the dichotomy; the model processed that naming; the measurement recorded the processing; a human interprets the record.,"The corpus named the dichotomy good / bad; the model processed that naming; the measurement recorded, at layer 6, cosine_AB_carrier(good|bad) = 0.7978 (corroboration only); a human interprets the record.",
person_good_bad,item,scalar_collapse,good / bad,6,midpoint_t,(none),,False,(a) seated-midpoint,True,Tokenization fixes the position; the unit of analysis is the residual representation carried at that position; it is read across layers 0 to output. The token is not the unit.,The corpus named the dichotomy; the model processed that naming; the measurement recorded the processing; a human interprets the record.,"The corpus named the dichotomy good / bad; the model processed that naming; the measurement recorded, at layer 6, midpoint_t((none)) is undefined here (corroboration only); a human interprets the record. [Moral midpoint is phrasal/multi-token; measurement (a) does not close on a single Y-unit (anticipated finding).]",Moral midpoint is phrasal/multi-token; measurement (a) does not close on a single Y-unit (anticipated finding).
person_good_bad,item,scalar_collapse,good / bad,6,excluded_perp_norm,mediocre,1.175956,True,(b) cross-layer pole relation,False,Tokenization fixes the position; the unit of analysis is the residual representation carried at that position; it is read across layers 0 to output. The token is not the unit.,The corpus named the dichotomy; the model processed that naming; the measurement recorded the processing; a human interprets the record.,"The corpus named the dichotomy good / bad; the model processed that naming; the measurement recorded, at layer 6, excluded_perp_norm(mediocre) = 1.1760; a human interprets the record.",
person_good_bad,item,scalar_collapse,good / bad,6,excluded_t,mediocre,0.496774,True,(b) cross-layer pole relation,False,Tokenization fixes the position; the unit of analysis is the residual representation carried at that position; it is read across layers 0 to output. The token is not the unit.,The corpus named the dichotomy; the model processed that naming; the measurement recorded the processing; a human interprets the record.,"The corpus named the dichotomy good / bad; the model processed that naming; the measurement recorded, at layer 6, excluded_t(mediocre) = 0.4968; a human interprets the record.",
person_good_bad,item,scalar_collapse,good / bad,6,excluded_perp_norm,average,1.284433,True,(b) cross-layer pole relation,False,Tokenization fixes the position; the unit of analysis is the residual representation carried at that position; it is read across layers 0 to output. The token is not the unit.,The corpus named the dichotomy; the model processed that naming; the measurement recorded the processing; a human interprets the record.,"The corpus named the dichotomy good / bad; the model processed that naming; the measurement recorded, at layer 6, excluded_perp_norm(average) = 1.2844; a human interprets the record.",
person_good_bad,item,scalar_collapse,good / bad,6,excluded_t,average,0.528431,True,(b) cross-layer pole relation,False,Tokenization fixes the position; the unit of analysis is the residual representation carried at that position; it is read across layers 0 to output. The token is not the unit.,The corpus named the dichotomy; the model processed that naming; the measurement recorded the processing; a human interprets the record.,"The corpus named the dichotomy good / bad; the model processed that naming; the measurement recorded, at layer 6, excluded_t(average) = 0.5284; a human interprets the record.",
person_good_bad,item,scalar_collapse,good / bad,6,excluded_perp_norm,okay,1.17451,True,(b) cross-layer pole relation,False,Tokenization fixes the position; the unit of analysis is the residual representation carried at that position; it is read across layers 0 to output. The token is not the unit.,The corpus named the dichotomy; the model processed that naming; the measurement recorded the processing; a human interprets the record.,"The corpus named the dichotomy good / bad; the model processed that naming; the measurement recorded, at layer 6, excluded_perp_norm(okay) = 1.1745; a human interprets the record.",
person_good_bad,item,scalar_collapse,good / bad,6,excluded_t,okay,0.284508,True,(b) cross-layer pole relation,False,Tokenization fixes the position; the unit of analysis is the residual representation carried at that position; it is read across layers 0 to output. The token is not the unit.,The corpus named the dichotomy; the model processed that naming; the measurement recorded the processing; a human interprets the record.,"The corpus named the dichotomy good / bad; the model processed that naming; the measurement recorded, at layer 6, excluded_t(okay) = 0.2845; a human interprets the record.",
person_good_bad,item,scalar_collapse,good / bad,6,excluded_perp_norm,fine,1.185603,True,(b) cross-layer pole relation,False,Tokenization fixes the position; the unit of analysis is the residual representation carried at that position; it is read across layers 0 to output. The token is not the unit.,The corpus named the dichotomy; the model processed that naming; the measurement recorded the processing; a human interprets the record.,"The corpus named the dichotomy good / bad; the model processed that naming; the measurement recorded, at layer 6, excluded_perp_norm(fine) = 1.1856; a human interprets the record.",
person_good_bad,item,scalar_collapse,good / bad,6,excluded_t,fine,0.29763,True,(b) cross-layer pole relation,False,Tokenization fixes the position; the unit of analysis is the residual representation carried at that position; it is read across layers 0 to output. The token is not the unit.,The corpus named the dichotomy; the model processed that naming; the measurement recorded the processing; a human interprets the record.,"The corpus named the dichotomy good / bad; the model processed that naming; the measurement recorded, at layer 6, excluded_t(fine) = 0.2976; a human interprets the record.",
person_good_bad,item,scalar_collapse,good / bad,6,excluded_perp_norm,decent,1.034011,True,(b) cross-layer pole relation,False,Tokenization fixes the position; the unit of analysis is the residual representation carried at that position; it is read across layers 0 to output. The token is not the unit.,The corpus named the dichotomy; the model processed that naming; the measurement recorded the processing; a human interprets the record.,"The corpus named the dichotomy good / bad; the model processed that naming; the measurement recorded, at layer 6, excluded_perp_norm(decent) = 1.0340; a human interprets the record.",
person_good_bad,item,scalar_collapse,good / bad,6,excluded_t,decent,0.138419,True,(b) cross-layer pole relation,False,Tokenization fixes the position; the unit of analysis is the residual representation carried at that position; it is read across layers 0 to output. The token is not the unit.,The corpus named the dichotomy; the model processed that naming; the measurement recorded the processing; a human interprets the record.,"The corpus named the dichotomy good / bad; the model processed that naming; the measurement recorded, at layer 6, excluded_t(decent) = 0.1384; a human interprets the record.",
person_good_bad,item,scalar_collapse,good / bad,6,excluded_perp_norm,poor,1.08555,True,(b) cross-layer pole relation,False,Tokenization fixes the position; the unit of analysis is the residual representation carried at that position; it is read across layers 0 to output. The token is not the unit.,The corpus named the dichotomy; the model processed that naming; the measurement recorded the processing; a human interprets the record.,"The corpus named the dichotomy good / bad; the model processed that naming; the measurement recorded, at layer 6, excluded_perp_norm(poor) = 1.0856; a human interprets the record.",
person_good_bad,item,scalar_collapse,good / bad,6,excluded_t,poor,0.594236,True,(b) cross-layer pole relation,False,Tokenization fixes the position; the unit of analysis is the residual representation carried at that position; it is read across layers 0 to output. The token is not the unit.,The corpus named the dichotomy; the model processed that naming; the measurement recorded the processing; a human interprets the record.,"The corpus named the dichotomy good / bad; the model processed that naming; the measurement recorded, at layer 6, excluded_t(poor) = 0.5942; a human interprets the record.",
person_good_bad,item,scalar_collapse,good / bad,6,remainder_ratio,excluded_set,1.156677,True,(b) cross-layer pole relation,False,Tokenization fixes the position; the unit of analysis is the residual representation carried at that position; it is read across layers 0 to output. The token is not the unit.,The corpus named the dichotomy; the model processed that naming; the measurement recorded the processing; a human interprets the record.,"The corpus named the dichotomy good / bad; the model processed that naming; the measurement recorded, at layer 6, remainder_ratio(excluded_set) = 1.1567; a human interprets the record.",
person_good_bad,item,scalar_collapse,good / bad,7,cosine_AB_named,good|bad,0.674065,True,(b) cross-layer pole relation,True,Tokenization fixes the position; the unit of analysis is the residual representation carried at that position; it is read across layers 0 to output. The token is not the unit.,The corpus named the dichotomy; the model processed that naming; the measurement recorded the processing; a human interprets the record.,"The corpus named the dichotomy good / bad; the model processed that naming; the measurement recorded, at layer 7, cosine_AB_named(good|bad) = 0.6741 (corroboration only); a human interprets the record.",
person_good_bad,item,scalar_collapse,good / bad,7,cosine_AB_carrier,good|bad,0.801135,True,(b) cross-layer pole relation,True,Tokenization fixes the position; the unit of analysis is the residual representation carried at that position; it is read across layers 0 to output. The token is not the unit.,The corpus named the dichotomy; the model processed that naming; the measurement recorded the processing; a human interprets the record.,"The corpus named the dichotomy good / bad; the model processed that naming; the measurement recorded, at layer 7, cosine_AB_carrier(good|bad) = 0.8011 (corroboration only); a human interprets the record.",
person_good_bad,item,scalar_collapse,good / bad,7,midpoint_t,(none),,False,(a) seated-midpoint,True,Tokenization fixes the position; the unit of analysis is the residual representation carried at that position; it is read across layers 0 to output. The token is not the unit.,The corpus named the dichotomy; the model processed that naming; the measurement recorded the processing; a human interprets the record.,"The corpus named the dichotomy good / bad; the model processed that naming; the measurement recorded, at layer 7, midpoint_t((none)) is undefined here (corroboration only); a human interprets the record. [Moral midpoint is phrasal/multi-token; measurement (a) does not close on a single Y-unit (anticipated finding).]",Moral midpoint is phrasal/multi-token; measurement (a) does not close on a single Y-unit (anticipated finding).
person_good_bad,item,scalar_collapse,good / bad,7,excluded_perp_norm,mediocre,1.213253,True,(b) cross-layer pole relation,False,Tokenization fixes the position; the unit of analysis is the residual representation carried at that position; it is read across layers 0 to output. The token is not the unit.,The corpus named the dichotomy; the model processed that naming; the measurement recorded the processing; a human interprets the record.,"The corpus named the dichotomy good / bad; the model processed that naming; the measurement recorded, at layer 7, excluded_perp_norm(mediocre) = 1.2133; a human interprets the record.",
person_good_bad,item,scalar_collapse,good / bad,7,excluded_t,mediocre,0.474508,True,(b) cross-layer pole relation,False,Tokenization fixes the position; the unit of analysis is the residual representation carried at that position; it is read across layers 0 to output. The token is not the unit.,The corpus named the dichotomy; the model processed that naming; the measurement recorded the processing; a human interprets the record.,"The corpus named the dichotomy good / bad; the model processed that naming; the measurement recorded, at layer 7, excluded_t(mediocre) = 0.4745; a human interprets the record.",
person_good_bad,item,scalar_collapse,good / bad,7,excluded_perp_norm,average,1.30047,True,(b) cross-layer pole relation,False,Tokenization fixes the position; the unit of analysis is the residual representation carried at that position; it is read across layers 0 to output. The token is not the unit.,The corpus named the dichotomy; the model processed that naming; the measurement recorded the processing; a human interprets the record.,"The corpus named the dichotomy good / bad; the model processed that naming; the measurement recorded, at layer 7, excluded_perp_norm(average) = 1.3005; a human interprets the record.",
person_good_bad,item,scalar_collapse,good / bad,7,excluded_t,average,0.48302,True,(b) cross-layer pole relation,False,Tokenization fixes the position; the unit of analysis is the residual representation carried at that position; it is read across layers 0 to output. The token is not the unit.,The corpus named the dichotomy; the model processed that naming; the measurement recorded the processing; a human interprets the record.,"The corpus named the dichotomy good / bad; the model processed that naming; the measurement recorded, at layer 7, excluded_t(average) = 0.4830; a human interprets the record.",
person_good_bad,item,scalar_collapse,good / bad,7,excluded_perp_norm,okay,1.168563,True,(b) cross-layer pole relation,False,Tokenization fixes the position; the unit of analysis is the residual representation carried at that position; it is read across layers 0 to output. The token is not the unit.,The corpus named the dichotomy; the model processed that naming; the measurement recorded the processing; a human interprets the record.,"The corpus named the dichotomy good / bad; the model processed that naming; the measurement recorded, at layer 7, excluded_perp_norm(okay) = 1.1686; a human interprets the record.",
person_good_bad,item,scalar_collapse,good / bad,7,excluded_t,okay,0.27165,True,(b) cross-layer pole relation,False,Tokenization fixes the position; the unit of analysis is the residual representation carried at that position; it is read across layers 0 to output. The token is not the unit.,The corpus named the dichotomy; the model processed that naming; the measurement recorded the processing; a human interprets the record.,"The corpus named the dichotomy good / bad; the model processed that naming; the measurement recorded, at layer 7, excluded_t(okay) = 0.2717; a human interprets the record.",
person_good_bad,item,scalar_collapse,good / bad,7,excluded_perp_norm,fine,1.162765,True,(b) cross-layer pole relation,False,Tokenization fixes the position; the unit of analysis is the residual representation carried at that position; it is read across layers 0 to output. The token is not the unit.,The corpus named the dichotomy; the model processed that naming; the measurement recorded the processing; a human interprets the record.,"The corpus named the dichotomy good / bad; the model processed that naming; the measurement recorded, at layer 7, excluded_perp_norm(fine) = 1.1628; a human interprets the record.",
person_good_bad,item,scalar_collapse,good / bad,7,excluded_t,fine,0.309783,True,(b) cross-layer pole relation,False,Tokenization fixes the position; the unit of analysis is the residual representation carried at that position; it is read across layers 0 to output. The token is not the unit.,The corpus named the dichotomy; the model processed that naming; the measurement recorded the processing; a human interprets the record.,"The corpus named the dichotomy good / bad; the model processed that naming; the measurement recorded, at layer 7, excluded_t(fine) = 0.3098; a human interprets the record.",
person_good_bad,item,scalar_collapse,good / bad,7,excluded_perp_norm,decent,1.073675,True,(b) cross-layer pole relation,False,Tokenization fixes the position; the unit of analysis is the residual representation carried at that position; it is read across layers 0 to output. The token is not the unit.,The corpus named the dichotomy; the model processed that naming; the measurement recorded the processing; a human interprets the record.,"The corpus named the dichotomy good / bad; the model processed that naming; the measurement recorded, at layer 7, excluded_perp_norm(decent) = 1.0737; a human interprets the record.",
person_good_bad,item,scalar_collapse,good / bad,7,excluded_t,decent,0.085528,True,(b) cross-layer pole relation,False,Tokenization fixes the position; the unit of analysis is the residual representation carried at that position; it is read across layers 0 to output. The token is not the unit.,The corpus named the dichotomy; the model processed that naming; the measurement recorded the processing; a human interprets the record.,"The corpus named the dichotomy good / bad; the model processed that naming; the measurement recorded, at layer 7, excluded_t(decent) = 0.0855; a human interprets the record.",
person_good_bad,item,scalar_collapse,good / bad,7,excluded_perp_norm,poor,1.143141,True,(b) cross-layer pole relation,False,Tokenization fixes the position; the unit of analysis is the residual representation carried at that position; it is read across layers 0 to output. The token is not the unit.,The corpus named the dichotomy; the model processed that naming; the measurement recorded the processing; a human interprets the record.,"The corpus named the dichotomy good / bad; the model processed that naming; the measurement recorded, at layer 7, excluded_perp_norm(poor) = 1.1431; a human interprets the record.",
person_good_bad,item,scalar_collapse,good / bad,7,excluded_t,poor,0.615726,True,(b) cross-layer pole relation,False,Tokenization fixes the position; the unit of analysis is the residual representation carried at that position; it is read across layers 0 to output. The token is not the unit.,The corpus named the dichotomy; the model processed that naming; the measurement recorded the processing; a human interprets the record.,"The corpus named the dichotomy good / bad; the model processed that naming; the measurement recorded, at layer 7, excluded_t(poor) = 0.6157; a human interprets the record.",
person_good_bad,item,scalar_collapse,good / bad,7,remainder_ratio,excluded_set,1.176978,True,(b) cross-layer pole relation,False,Tokenization fixes the position; the unit of analysis is the residual representation carried at that position; it is read across layers 0 to output. The token is not the unit.,The corpus named the dichotomy; the model processed that naming; the measurement recorded the processing; a human interprets the record.,"The corpus named the dichotomy good / bad; the model processed that naming; the measurement recorded, at layer 7, remainder_ratio(excluded_set) = 1.1770; a human interprets the record.",
person_good_bad,item,scalar_collapse,good / bad,8,cosine_AB_named,good|bad,0.73921,True,(b) cross-layer pole relation,True,Tokenization fixes the position; the unit of analysis is the residual representation carried at that position; it is read across layers 0 to output. The token is not the unit.,The corpus named the dichotomy; the model processed that naming; the measurement recorded the processing; a human interprets the record.,"The corpus named the dichotomy good / bad; the model processed that naming; the measurement recorded, at layer 8, cosine_AB_named(good|bad) = 0.7392 (corroboration only); a human interprets the record.",
person_good_bad,item,scalar_collapse,good / bad,8,cosine_AB_carrier,good|bad,0.82944,True,(b) cross-layer pole relation,True,Tokenization fixes the position; the unit of analysis is the residual representation carried at that position; it is read across layers 0 to output. The token is not the unit.,The corpus named the dichotomy; the model processed that naming; the measurement recorded the processing; a human interprets the record.,"The corpus named the dichotomy good / bad; the model processed that naming; the measurement recorded, at layer 8, cosine_AB_carrier(good|bad) = 0.8294 (corroboration only); a human interprets the record.",
person_good_bad,item,scalar_collapse,good / bad,8,midpoint_t,(none),,False,(a) seated-midpoint,True,Tokenization fixes the position; the unit of analysis is the residual representation carried at that position; it is read across layers 0 to output. The token is not the unit.,The corpus named the dichotomy; the model processed that naming; the measurement recorded the processing; a human interprets the record.,"The corpus named the dichotomy good / bad; the model processed that naming; the measurement recorded, at layer 8, midpoint_t((none)) is undefined here (corroboration only); a human interprets the record. [Moral midpoint is phrasal/multi-token; measurement (a) does not close on a single Y-unit (anticipated finding).]",Moral midpoint is phrasal/multi-token; measurement (a) does not close on a single Y-unit (anticipated finding).
person_good_bad,item,scalar_collapse,good / bad,8,excluded_perp_norm,mediocre,1.252264,True,(b) cross-layer pole relation,False,Tokenization fixes the position; the unit of analysis is the residual representation carried at that position; it is read across layers 0 to output. The token is not the unit.,The corpus named the dichotomy; the model processed that naming; the measurement recorded the processing; a human interprets the record.,"The corpus named the dichotomy good / bad; the model processed that naming; the measurement recorded, at layer 8, excluded_perp_norm(mediocre) = 1.2523; a human interprets the record.",
person_good_bad,item,scalar_collapse,good / bad,8,excluded_t,mediocre,0.528059,True,(b) cross-layer pole relation,False,Tokenization fixes the position; the unit of analysis is the residual representation carried at that position; it is read across layers 0 to output. The token is not the unit.,The corpus named the dichotomy; the model processed that naming; the measurement recorded the processing; a human interprets the record.,"The corpus named the dichotomy good / bad; the model processed that naming; the measurement recorded, at layer 8, excluded_t(mediocre) = 0.5281; a human interprets the record.",
person_good_bad,item,scalar_collapse,good / bad,8,excluded_perp_norm,average,1.371604,True,(b) cross-layer pole relation,False,Tokenization fixes the position; the unit of analysis is the residual representation carried at that position; it is read across layers 0 to output. The token is not the unit.,The corpus named the dichotomy; the model processed that naming; the measurement recorded the processing; a human interprets the record.,"The corpus named the dichotomy good / bad; the model processed that naming; the measurement recorded, at layer 8, excluded_perp_norm(average) = 1.3716; a human interprets the record.",
person_good_bad,item,scalar_collapse,good / bad,8,excluded_t,average,0.497354,True,(b) cross-layer pole relation,False,Tokenization fixes the position; the unit of analysis is the residual representation carried at that position; it is read across layers 0 to output. The token is not the unit.,The corpus named the dichotomy; the model processed that naming; the measurement recorded the processing; a human interprets the record.,"The corpus named the dichotomy good / bad; the model processed that naming; the measurement recorded, at layer 8, excluded_t(average) = 0.4974; a human interprets the record.",
person_good_bad,item,scalar_collapse,good / bad,8,excluded_perp_norm,okay,1.201285,True,(b) cross-layer pole relation,False,Tokenization fixes the position; the unit of analysis is the residual representation carried at that position; it is read across layers 0 to output. The token is not the unit.,The corpus named the dichotomy; the model processed that naming; the measurement recorded the processing; a human interprets the record.,"The corpus named the dichotomy good / bad; the model processed that naming; the measurement recorded, at layer 8, excluded_perp_norm(okay) = 1.2013; a human interprets the record.",
person_good_bad,item,scalar_collapse,good / bad,8,excluded_t,okay,0.315734,True,(b) cross-layer pole relation,False,Tokenization fixes the position; the unit of analysis is the residual representation carried at that position; it is read across layers 0 to output. The token is not the unit.,The corpus named the dichotomy; the model processed that naming; the measurement recorded the processing; a human interprets the record.,"The corpus named the dichotomy good / bad; the model processed that naming; the measurement recorded, at layer 8, excluded_t(okay) = 0.3157; a human interprets the record.",
person_good_bad,item,scalar_collapse,good / bad,8,excluded_perp_norm,fine,1.195277,True,(b) cross-layer pole relation,False,Tokenization fixes the position; the unit of analysis is the residual representation carried at that position; it is read across layers 0 to output. The token is not the unit.,The corpus named the dichotomy; the model processed that naming; the measurement recorded the processing; a human interprets the record.,"The corpus named the dichotomy good / bad; the model processed that naming; the measurement recorded, at layer 8, excluded_perp_norm(fine) = 1.1953; a human interprets the record.",
person_good_bad,item,scalar_collapse,good / bad,8,excluded_t,fine,0.338392,True,(b) cross-layer pole relation,False,Tokenization fixes the position; the unit of analysis is the residual representation carried at that position; it is read across layers 0 to output. The token is not the unit.,The corpus named the dichotomy; the model processed that naming; the measurement recorded the processing; a human interprets the record.,"The corpus named the dichotomy good / bad; the model processed that naming; the measurement recorded, at layer 8, excluded_t(fine) = 0.3384; a human interprets the record.",
person_good_bad,item,scalar_collapse,good / bad,8,excluded_perp_norm,decent,1.097485,True,(b) cross-layer pole relation,False,Tokenization fixes the position; the unit of analysis is the residual representation carried at that position; it is read across layers 0 to output. The token is not the unit.,The corpus named the dichotomy; the model processed that naming; the measurement recorded the processing; a human interprets the record.,"The corpus named the dichotomy good / bad; the model processed that naming; the measurement recorded, at layer 8, excluded_perp_norm(decent) = 1.0975; a human interprets the record.",
person_good_bad,item,scalar_collapse,good / bad,8,excluded_t,decent,0.109783,True,(b) cross-layer pole relation,False,Tokenization fixes the position; the unit of analysis is the residual representation carried at that position; it is read across layers 0 to output. The token is not the unit.,The corpus named the dichotomy; the model processed that naming; the measurement recorded the processing; a human interprets the record.,"The corpus named the dichotomy good / bad; the model processed that naming; the measurement recorded, at layer 8, excluded_t(decent) = 0.1098; a human interprets the record.",
person_good_bad,item,scalar_collapse,good / bad,8,excluded_perp_norm,poor,1.209247,True,(b) cross-layer pole relation,False,Tokenization fixes the position; the unit of analysis is the residual representation carried at that position; it is read across layers 0 to output. The token is not the unit.,The corpus named the dichotomy; the model processed that naming; the measurement recorded the processing; a human interprets the record.,"The corpus named the dichotomy good / bad; the model processed that naming; the measurement recorded, at layer 8, excluded_perp_norm(poor) = 1.2092; a human interprets the record.",
person_good_bad,item,scalar_collapse,good / bad,8,excluded_t,poor,0.635123,True,(b) cross-layer pole relation,False,Tokenization fixes the position; the unit of analysis is the residual representation carried at that position; it is read across layers 0 to output. The token is not the unit.,The corpus named the dichotomy; the model processed that naming; the measurement recorded the processing; a human interprets the record.,"The corpus named the dichotomy good / bad; the model processed that naming; the measurement recorded, at layer 8, excluded_t(poor) = 0.6351; a human interprets the record.",
person_good_bad,item,scalar_collapse,good / bad,8,remainder_ratio,excluded_set,1.221194,True,(b) cross-layer pole relation,False,Tokenization fixes the position; the unit of analysis is the residual representation carried at that position; it is read across layers 0 to output. The token is not the unit.,The corpus named the dichotomy; the model processed that naming; the measurement recorded the processing; a human interprets the record.,"The corpus named the dichotomy good / bad; the model processed that naming; the measurement recorded, at layer 8, remainder_ratio(excluded_set) = 1.2212; a human interprets the record.",
person_good_bad,item,scalar_collapse,good / bad,9,cosine_AB_named,good|bad,0.782985,True,(b) cross-layer pole relation,True,Tokenization fixes the position; the unit of analysis is the residual representation carried at that position; it is read across layers 0 to output. The token is not the unit.,The corpus named the dichotomy; the model processed that naming; the measurement recorded the processing; a human interprets the record.,"The corpus named the dichotomy good / bad; the model processed that naming; the measurement recorded, at layer 9, cosine_AB_named(good|bad) = 0.7830 (corroboration only); a human interprets the record.",
person_good_bad,item,scalar_collapse,good / bad,9,cosine_AB_carrier,good|bad,0.822343,True,(b) cross-layer pole relation,True,Tokenization fixes the position; the unit of analysis is the residual representation carried at that position; it is read across layers 0 to output. The token is not the unit.,The corpus named the dichotomy; the model processed that naming; the measurement recorded the processing; a human interprets the record.,"The corpus named the dichotomy good / bad; the model processed that naming; the measurement recorded, at layer 9, cosine_AB_carrier(good|bad) = 0.8223 (corroboration only); a human interprets the record.",
person_good_bad,item,scalar_collapse,good / bad,9,midpoint_t,(none),,False,(a) seated-midpoint,True,Tokenization fixes the position; the unit of analysis is the residual representation carried at that position; it is read across layers 0 to output. The token is not the unit.,The corpus named the dichotomy; the model processed that naming; the measurement recorded the processing; a human interprets the record.,"The corpus named the dichotomy good / bad; the model processed that naming; the measurement recorded, at layer 9, midpoint_t((none)) is undefined here (corroboration only); a human interprets the record. [Moral midpoint is phrasal/multi-token; measurement (a) does not close on a single Y-unit (anticipated finding).]",Moral midpoint is phrasal/multi-token; measurement (a) does not close on a single Y-unit (anticipated finding).
person_good_bad,item,scalar_collapse,good / bad,9,excluded_perp_norm,mediocre,1.203071,True,(b) cross-layer pole relation,False,Tokenization fixes the position; the unit of analysis is the residual representation carried at that position; it is read across layers 0 to output. The token is not the unit.,The corpus named the dichotomy; the model processed that naming; the measurement recorded the processing; a human interprets the record.,"The corpus named the dichotomy good / bad; the model processed that naming; the measurement recorded, at layer 9, excluded_perp_norm(mediocre) = 1.2031; a human interprets the record.",
person_good_bad,item,scalar_collapse,good / bad,9,excluded_t,mediocre,0.546765,True,(b) cross-layer pole relation,False,Tokenization fixes the position; the unit of analysis is the residual representation carried at that position; it is read across layers 0 to output. The token is not the unit.,The corpus named the dichotomy; the model processed that naming; the measurement recorded the processing; a human interprets the record.,"The corpus named the dichotomy good / bad; the model processed that naming; the measurement recorded, at layer 9, excluded_t(mediocre) = 0.5468; a human interprets the record.",
person_good_bad,item,scalar_collapse,good / bad,9,excluded_perp_norm,average,1.312958,True,(b) cross-layer pole relation,False,Tokenization fixes the position; the unit of analysis is the residual representation carried at that position; it is read across layers 0 to output. The token is not the unit.,The corpus named the dichotomy; the model processed that naming; the measurement recorded the processing; a human interprets the record.,"The corpus named the dichotomy good / bad; the model processed that naming; the measurement recorded, at layer 9, excluded_perp_norm(average) = 1.3130; a human interprets the record.",
person_good_bad,item,scalar_collapse,good / bad,9,excluded_t,average,0.518148,True,(b) cross-layer pole relation,False,Tokenization fixes the position; the unit of analysis is the residual representation carried at that position; it is read across layers 0 to output. The token is not the unit.,The corpus named the dichotomy; the model processed that naming; the measurement recorded the processing; a human interprets the record.,"The corpus named the dichotomy good / bad; the model processed that naming; the measurement recorded, at layer 9, excluded_t(average) = 0.5181; a human interprets the record.",
person_good_bad,item,scalar_collapse,good / bad,9,excluded_perp_norm,okay,1.168928,True,(b) cross-layer pole relation,False,Tokenization fixes the position; the unit of analysis is the residual representation carried at that position; it is read across layers 0 to output. The token is not the unit.,The corpus named the dichotomy; the model processed that naming; the measurement recorded the processing; a human interprets the record.,"The corpus named the dichotomy good / bad; the model processed that naming; the measurement recorded, at layer 9, excluded_perp_norm(okay) = 1.1689; a human interprets the record.",
person_good_bad,item,scalar_collapse,good / bad,9,excluded_t,okay,0.406373,True,(b) cross-layer pole relation,False,Tokenization fixes the position; the unit of analysis is the residual representation carried at that position; it is read across layers 0 to output. The token is not the unit.,The corpus named the dichotomy; the model processed that naming; the measurement recorded the processing; a human interprets the record.,"The corpus named the dichotomy good / bad; the model processed that naming; the measurement recorded, at layer 9, excluded_t(okay) = 0.4064; a human interprets the record.",
person_good_bad,item,scalar_collapse,good / bad,9,excluded_perp_norm,fine,1.142036,True,(b) cross-layer pole relation,False,Tokenization fixes the position; the unit of analysis is the residual representation carried at that position; it is read across layers 0 to output. The token is not the unit.,The corpus named the dichotomy; the model processed that naming; the measurement recorded the processing; a human interprets the record.,"The corpus named the dichotomy good / bad; the model processed that naming; the measurement recorded, at layer 9, excluded_perp_norm(fine) = 1.1420; a human interprets the record.",
person_good_bad,item,scalar_collapse,good / bad,9,excluded_t,fine,0.44202,True,(b) cross-layer pole relation,False,Tokenization fixes the position; the unit of analysis is the residual representation carried at that position; it is read across layers 0 to output. The token is not the unit.,The corpus named the dichotomy; the model processed that naming; the measurement recorded the processing; a human interprets the record.,"The corpus named the dichotomy good / bad; the model processed that naming; the measurement recorded, at layer 9, excluded_t(fine) = 0.4420; a human interprets the record.",
person_good_bad,item,scalar_collapse,good / bad,9,excluded_perp_norm,decent,1.042349,True,(b) cross-layer pole relation,False,Tokenization fixes the position; the unit of analysis is the residual representation carried at that position; it is read across layers 0 to output. The token is not the unit.,The corpus named the dichotomy; the model processed that naming; the measurement recorded the processing; a human interprets the record.,"The corpus named the dichotomy good / bad; the model processed that naming; the measurement recorded, at layer 9, excluded_perp_norm(decent) = 1.0423; a human interprets the record.",
person_good_bad,item,scalar_collapse,good / bad,9,excluded_t,decent,0.129271,True,(b) cross-layer pole relation,False,Tokenization fixes the position; the unit of analysis is the residual representation carried at that position; it is read across layers 0 to output. The token is not the unit.,The corpus named the dichotomy; the model processed that naming; the measurement recorded the processing; a human interprets the record.,"The corpus named the dichotomy good / bad; the model processed that naming; the measurement recorded, at layer 9, excluded_t(decent) = 0.1293; a human interprets the record.",
person_good_bad,item,scalar_collapse,good / bad,9,excluded_perp_norm,poor,1.250818,True,(b) cross-layer pole relation,False,Tokenization fixes the position; the unit of analysis is the residual representation carried at that position; it is read across layers 0 to output. The token is not the unit.,The corpus named the dichotomy; the model processed that naming; the measurement recorded the processing; a human interprets the record.,"The corpus named the dichotomy good / bad; the model processed that naming; the measurement recorded, at layer 9, excluded_perp_norm(poor) = 1.2508; a human interprets the record.",
person_good_bad,item,scalar_collapse,good / bad,9,excluded_t,poor,0.650912,True,(b) cross-layer pole relation,False,Tokenization fixes the position; the unit of analysis is the residual representation carried at that position; it is read across layers 0 to output. The token is not the unit.,The corpus named the dichotomy; the model processed that naming; the measurement recorded the processing; a human interprets the record.,"The corpus named the dichotomy good / bad; the model processed that naming; the measurement recorded, at layer 9, excluded_t(poor) = 0.6509; a human interprets the record.",
person_good_bad,item,scalar_collapse,good / bad,9,remainder_ratio,excluded_set,1.186693,True,(b) cross-layer pole relation,False,Tokenization fixes the position; the unit of analysis is the residual representation carried at that position; it is read across layers 0 to output. The token is not the unit.,The corpus named the dichotomy; the model processed that naming; the measurement recorded the processing; a human interprets the record.,"The corpus named the dichotomy good / bad; the model processed that naming; the measurement recorded, at layer 9, remainder_ratio(excluded_set) = 1.1867; a human interprets the record.",
person_good_bad,item,scalar_collapse,good / bad,10,cosine_AB_named,good|bad,0.797577,True,(b) cross-layer pole relation,True,Tokenization fixes the position; the unit of analysis is the residual representation carried at that position; it is read across layers 0 to output. The token is not the unit.,The corpus named the dichotomy; the model processed that naming; the measurement recorded the processing; a human interprets the record.,"The corpus named the dichotomy good / bad; the model processed that naming; the measurement recorded, at layer 10, cosine_AB_named(good|bad) = 0.7976 (corroboration only); a human interprets the record.",
person_good_bad,item,scalar_collapse,good / bad,10,cosine_AB_carrier,good|bad,0.82164,True,(b) cross-layer pole relation,True,Tokenization fixes the position; the unit of analysis is the residual representation carried at that position; it is read across layers 0 to output. The token is not the unit.,The corpus named the dichotomy; the model processed that naming; the measurement recorded the processing; a human interprets the record.,"The corpus named the dichotomy good / bad; the model processed that naming; the measurement recorded, at layer 10, cosine_AB_carrier(good|bad) = 0.8216 (corroboration only); a human interprets the record.",
person_good_bad,item,scalar_collapse,good / bad,10,midpoint_t,(none),,False,(a) seated-midpoint,True,Tokenization fixes the position; the unit of analysis is the residual representation carried at that position; it is read across layers 0 to output. The token is not the unit.,The corpus named the dichotomy; the model processed that naming; the measurement recorded the processing; a human interprets the record.,"The corpus named the dichotomy good / bad; the model processed that naming; the measurement recorded, at layer 10, midpoint_t((none)) is undefined here (corroboration only); a human interprets the record. [Moral midpoint is phrasal/multi-token; measurement (a) does not close on a single Y-unit (anticipated finding).]",Moral midpoint is phrasal/multi-token; measurement (a) does not close on a single Y-unit (anticipated finding).
person_good_bad,item,scalar_collapse,good / bad,10,excluded_perp_norm,mediocre,1.192491,True,(b) cross-layer pole relation,False,Tokenization fixes the position; the unit of analysis is the residual representation carried at that position; it is read across layers 0 to output. The token is not the unit.,The corpus named the dichotomy; the model processed that naming; the measurement recorded the processing; a human interprets the record.,"The corpus named the dichotomy good / bad; the model processed that naming; the measurement recorded, at layer 10, excluded_perp_norm(mediocre) = 1.1925; a human interprets the record.",
person_good_bad,item,scalar_collapse,good / bad,10,excluded_t,mediocre,0.597259,True,(b) cross-layer pole relation,False,Tokenization fixes the position; the unit of analysis is the residual representation carried at that position; it is read across layers 0 to output. The token is not the unit.,The corpus named the dichotomy; the model processed that naming; the measurement recorded the processing; a human interprets the record.,"The corpus named the dichotomy good / bad; the model processed that naming; the measurement recorded, at layer 10, excluded_t(mediocre) = 0.5973; a human interprets the record.",
person_good_bad,item,scalar_collapse,good / bad,10,excluded_perp_norm,average,1.295827,True,(b) cross-layer pole relation,False,Tokenization fixes the position; the unit of analysis is the residual representation carried at that position; it is read across layers 0 to output. The token is not the unit.,The corpus named the dichotomy; the model processed that naming; the measurement recorded the processing; a human interprets the record.,"The corpus named the dichotomy good / bad; the model processed that naming; the measurement recorded, at layer 10, excluded_perp_norm(average) = 1.2958; a human interprets the record.",
person_good_bad,item,scalar_collapse,good / bad,10,excluded_t,average,0.564753,True,(b) cross-layer pole relation,False,Tokenization fixes the position; the unit of analysis is the residual representation carried at that position; it is read across layers 0 to output. The token is not the unit.,The corpus named the dichotomy; the model processed that naming; the measurement recorded the processing; a human interprets the record.,"The corpus named the dichotomy good / bad; the model processed that naming; the measurement recorded, at layer 10, excluded_t(average) = 0.5648; a human interprets the record.",
person_good_bad,item,scalar_collapse,good / bad,10,excluded_perp_norm,okay,1.197501,True,(b) cross-layer pole relation,False,Tokenization fixes the position; the unit of analysis is the residual representation carried at that position; it is read across layers 0 to output. The token is not the unit.,The corpus named the dichotomy; the model processed that naming; the measurement recorded the processing; a human interprets the record.,"The corpus named the dichotomy good / bad; the model processed that naming; the measurement recorded, at layer 10, excluded_perp_norm(okay) = 1.1975; a human interprets the record.",
person_good_bad,item,scalar_collapse,good / bad,10,excluded_t,okay,0.45301,True,(b) cross-layer pole relation,False,Tokenization fixes the position; the unit of analysis is the residual representation carried at that position; it is read across layers 0 to output. The token is not the unit.,The corpus named the dichotomy; the model processed that naming; the measurement recorded the processing; a human interprets the record.,"The corpus named the dichotomy good / bad; the model processed that naming; the measurement recorded, at layer 10, excluded_t(okay) = 0.4530; a human interprets the record.",
person_good_bad,item,scalar_collapse,good / bad,10,excluded_perp_norm,fine,1.173344,True,(b) cross-layer pole relation,False,Tokenization fixes the position; the unit of analysis is the residual representation carried at that position; it is read across layers 0 to output. The token is not the unit.,The corpus named the dichotomy; the model processed that naming; the measurement recorded the processing; a human interprets the record.,"The corpus named the dichotomy good / bad; the model processed that naming; the measurement recorded, at layer 10, excluded_perp_norm(fine) = 1.1733; a human interprets the record.",
person_good_bad,item,scalar_collapse,good / bad,10,excluded_t,fine,0.470572,True,(b) cross-layer pole relation,False,Tokenization fixes the position; the unit of analysis is the residual representation carried at that position; it is read across layers 0 to output. The token is not the unit.,The corpus named the dichotomy; the model processed that naming; the measurement recorded the processing; a human interprets the record.,"The corpus named the dichotomy good / bad; the model processed that naming; the measurement recorded, at layer 10, excluded_t(fine) = 0.4706; a human interprets the record.",
person_good_bad,item,scalar_collapse,good / bad,10,excluded_perp_norm,decent,1.004962,True,(b) cross-layer pole relation,False,Tokenization fixes the position; the unit of analysis is the residual representation carried at that position; it is read across layers 0 to output. The token is not the unit.,The corpus named the dichotomy; the model processed that naming; the measurement recorded the processing; a human interprets the record.,"The corpus named the dichotomy good / bad; the model processed that naming; the measurement recorded, at layer 10, excluded_perp_norm(decent) = 1.0050; a human interprets the record.",
person_good_bad,item,scalar_collapse,good / bad,10,excluded_t,decent,0.158544,True,(b) cross-layer pole relation,False,Tokenization fixes the position; the unit of analysis is the residual representation carried at that position; it is read across layers 0 to output. The token is not the unit.,The corpus named the dichotomy; the model processed that naming; the measurement recorded the processing; a human interprets the record.,"The corpus named the dichotomy good / bad; the model processed that naming; the measurement recorded, at layer 10, excluded_t(decent) = 0.1585; a human interprets the record.",
person_good_bad,item,scalar_collapse,good / bad,10,excluded_perp_norm,poor,1.320596,True,(b) cross-layer pole relation,False,Tokenization fixes the position; the unit of analysis is the residual representation carried at that position; it is read across layers 0 to output. The token is not the unit.,The corpus named the dichotomy; the model processed that naming; the measurement recorded the processing; a human interprets the record.,"The corpus named the dichotomy good / bad; the model processed that naming; the measurement recorded, at layer 10, excluded_perp_norm(poor) = 1.3206; a human interprets the record.",
person_good_bad,item,scalar_collapse,good / bad,10,excluded_t,poor,0.65566,True,(b) cross-layer pole relation,False,Tokenization fixes the position; the unit of analysis is the residual representation carried at that position; it is read across layers 0 to output. The token is not the unit.,The corpus named the dichotomy; the model processed that naming; the measurement recorded the processing; a human interprets the record.,"The corpus named the dichotomy good / bad; the model processed that naming; the measurement recorded, at layer 10, excluded_t(poor) = 0.6557; a human interprets the record.",
person_good_bad,item,scalar_collapse,good / bad,10,remainder_ratio,excluded_set,1.197453,True,(b) cross-layer pole relation,False,Tokenization fixes the position; the unit of analysis is the residual representation carried at that position; it is read across layers 0 to output. The token is not the unit.,The corpus named the dichotomy; the model processed that naming; the measurement recorded the processing; a human interprets the record.,"The corpus named the dichotomy good / bad; the model processed that naming; the measurement recorded, at layer 10, remainder_ratio(excluded_set) = 1.1975; a human interprets the record.",
person_good_bad,item,scalar_collapse,good / bad,11,cosine_AB_named,good|bad,0.775338,True,(b) cross-layer pole relation,True,Tokenization fixes the position; the unit of analysis is the residual representation carried at that position; it is read across layers 0 to output. The token is not the unit.,The corpus named the dichotomy; the model processed that naming; the measurement recorded the processing; a human interprets the record.,"The corpus named the dichotomy good / bad; the model processed that naming; the measurement recorded, at layer 11, cosine_AB_named(good|bad) = 0.7753 (corroboration only); a human interprets the record.",
person_good_bad,item,scalar_collapse,good / bad,11,cosine_AB_carrier,good|bad,0.816113,True,(b) cross-layer pole relation,True,Tokenization fixes the position; the unit of analysis is the residual representation carried at that position; it is read across layers 0 to output. The token is not the unit.,The corpus named the dichotomy; the model processed that naming; the measurement recorded the processing; a human interprets the record.,"The corpus named the dichotomy good / bad; the model processed that naming; the measurement recorded, at layer 11, cosine_AB_carrier(good|bad) = 0.8161 (corroboration only); a human interprets the record.",
person_good_bad,item,scalar_collapse,good / bad,11,midpoint_t,(none),,False,(a) seated-midpoint,True,Tokenization fixes the position; the unit of analysis is the residual representation carried at that position; it is read across layers 0 to output. The token is not the unit.,The corpus named the dichotomy; the model processed that naming; the measurement recorded the processing; a human interprets the record.,"The corpus named the dichotomy good / bad; the model processed that naming; the measurement recorded, at layer 11, midpoint_t((none)) is undefined here (corroboration only); a human interprets the record. [Moral midpoint is phrasal/multi-token; measurement (a) does not close on a single Y-unit (anticipated finding).]",Moral midpoint is phrasal/multi-token; measurement (a) does not close on a single Y-unit (anticipated finding).
person_good_bad,item,scalar_collapse,good / bad,11,excluded_perp_norm,mediocre,1.135021,True,(b) cross-layer pole relation,False,Tokenization fixes the position; the unit of analysis is the residual representation carried at that position; it is read across layers 0 to output. The token is not the unit.,The corpus named the dichotomy; the model processed that naming; the measurement recorded the processing; a human interprets the record.,"The corpus named the dichotomy good / bad; the model processed that naming; the measurement recorded, at layer 11, excluded_perp_norm(mediocre) = 1.1350; a human interprets the record.",
person_good_bad,item,scalar_collapse,good / bad,11,excluded_t,mediocre,0.556823,True,(b) cross-layer pole relation,False,Tokenization fixes the position; the unit of analysis is the residual representation carried at that position; it is read across layers 0 to output. The token is not the unit.,The corpus named the dichotomy; the model processed that naming; the measurement recorded the processing; a human interprets the record.,"The corpus named the dichotomy good / bad; the model processed that naming; the measurement recorded, at layer 11, excluded_t(mediocre) = 0.5568; a human interprets the record.",
person_good_bad,item,scalar_collapse,good / bad,11,excluded_perp_norm,average,1.205631,True,(b) cross-layer pole relation,False,Tokenization fixes the position; the unit of analysis is the residual representation carried at that position; it is read across layers 0 to output. The token is not the unit.,The corpus named the dichotomy; the model processed that naming; the measurement recorded the processing; a human interprets the record.,"The corpus named the dichotomy good / bad; the model processed that naming; the measurement recorded, at layer 11, excluded_perp_norm(average) = 1.2056; a human interprets the record.",
person_good_bad,item,scalar_collapse,good / bad,11,excluded_t,average,0.557351,True,(b) cross-layer pole relation,False,Tokenization fixes the position; the unit of analysis is the residual representation carried at that position; it is read across layers 0 to output. The token is not the unit.,The corpus named the dichotomy; the model processed that naming; the measurement recorded the processing; a human interprets the record.,"The corpus named the dichotomy good / bad; the model processed that naming; the measurement recorded, at layer 11, excluded_t(average) = 0.5574; a human interprets the record.",
person_good_bad,item,scalar_collapse,good / bad,11,excluded_perp_norm,okay,1.152634,True,(b) cross-layer pole relation,False,Tokenization fixes the position; the unit of analysis is the residual representation carried at that position; it is read across layers 0 to output. The token is not the unit.,The corpus named the dichotomy; the model processed that naming; the measurement recorded the processing; a human interprets the record.,"The corpus named the dichotomy good / bad; the model processed that naming; the measurement recorded, at layer 11, excluded_perp_norm(okay) = 1.1526; a human interprets the record.",
person_good_bad,item,scalar_collapse,good / bad,11,excluded_t,okay,0.5217,True,(b) cross-layer pole relation,False,Tokenization fixes the position; the unit of analysis is the residual representation carried at that position; it is read across layers 0 to output. The token is not the unit.,The corpus named the dichotomy; the model processed that naming; the measurement recorded the processing; a human interprets the record.,"The corpus named the dichotomy good / bad; the model processed that naming; the measurement recorded, at layer 11, excluded_t(okay) = 0.5217; a human interprets the record.",
person_good_bad,item,scalar_collapse,good / bad,11,excluded_perp_norm,fine,1.127867,True,(b) cross-layer pole relation,False,Tokenization fixes the position; the unit of analysis is the residual representation carried at that position; it is read across layers 0 to output. The token is not the unit.,The corpus named the dichotomy; the model processed that naming; the measurement recorded the processing; a human interprets the record.,"The corpus named the dichotomy good / bad; the model processed that naming; the measurement recorded, at layer 11, excluded_perp_norm(fine) = 1.1279; a human interprets the record.",
person_good_bad,item,scalar_collapse,good / bad,11,excluded_t,fine,0.506817,True,(b) cross-layer pole relation,False,Tokenization fixes the position; the unit of analysis is the residual representation carried at that position; it is read across layers 0 to output. The token is not the unit.,The corpus named the dichotomy; the model processed that naming; the measurement recorded the processing; a human interprets the record.,"The corpus named the dichotomy good / bad; the model processed that naming; the measurement recorded, at layer 11, excluded_t(fine) = 0.5068; a human interprets the record.",
person_good_bad,item,scalar_collapse,good / bad,11,excluded_perp_norm,decent,0.914693,True,(b) cross-layer pole relation,False,Tokenization fixes the position; the unit of analysis is the residual representation carried at that position; it is read across layers 0 to output. The token is not the unit.,The corpus named the dichotomy; the model processed that naming; the measurement recorded the processing; a human interprets the record.,"The corpus named the dichotomy good / bad; the model processed that naming; the measurement recorded, at layer 11, excluded_perp_norm(decent) = 0.9147; a human interprets the record.",
person_good_bad,item,scalar_collapse,good / bad,11,excluded_t,decent,0.142055,True,(b) cross-layer pole relation,False,Tokenization fixes the position; the unit of analysis is the residual representation carried at that position; it is read across layers 0 to output. The token is not the unit.,The corpus named the dichotomy; the model processed that naming; the measurement recorded the processing; a human interprets the record.,"The corpus named the dichotomy good / bad; the model processed that naming; the measurement recorded, at layer 11, excluded_t(decent) = 0.1421; a human interprets the record.",
person_good_bad,item,scalar_collapse,good / bad,11,excluded_perp_norm,poor,1.27516,True,(b) cross-layer pole relation,False,Tokenization fixes the position; the unit of analysis is the residual representation carried at that position; it is read across layers 0 to output. The token is not the unit.,The corpus named the dichotomy; the model processed that naming; the measurement recorded the processing; a human interprets the record.,"The corpus named the dichotomy good / bad; the model processed that naming; the measurement recorded, at layer 11, excluded_perp_norm(poor) = 1.2752; a human interprets the record.",
person_good_bad,item,scalar_collapse,good / bad,11,excluded_t,poor,0.617671,True,(b) cross-layer pole relation,False,Tokenization fixes the position; the unit of analysis is the residual representation carried at that position; it is read across layers 0 to output. The token is not the unit.,The corpus named the dichotomy; the model processed that naming; the measurement recorded the processing; a human interprets the record.,"The corpus named the dichotomy good / bad; the model processed that naming; the measurement recorded, at layer 11, excluded_t(poor) = 0.6177; a human interprets the record.",
person_good_bad,item,scalar_collapse,good / bad,11,remainder_ratio,excluded_set,1.135168,True,(b) cross-layer pole relation,False,Tokenization fixes the position; the unit of analysis is the residual representation carried at that position; it is read across layers 0 to output. The token is not the unit.,The corpus named the dichotomy; the model processed that naming; the measurement recorded the processing; a human interprets the record.,"The corpus named the dichotomy good / bad; the model processed that naming; the measurement recorded, at layer 11, remainder_ratio(excluded_set) = 1.1352; a human interprets the record.",
person_good_bad,item,scalar_collapse,good / bad,12,cosine_AB_named,good|bad,0.81958,True,(b) cross-layer pole relation,True,Tokenization fixes the position; the unit of analysis is the residual representation carried at that position; it is read across layers 0 to output. The token is not the unit.,The corpus named the dichotomy; the model processed that naming; the measurement recorded the processing; a human interprets the record.,"The corpus named the dichotomy good / bad; the model processed that naming; the measurement recorded, at layer 12, cosine_AB_named(good|bad) = 0.8196 (corroboration only); a human interprets the record.",
person_good_bad,item,scalar_collapse,good / bad,12,cosine_AB_carrier,good|bad,0.848894,True,(b) cross-layer pole relation,True,Tokenization fixes the position; the unit of analysis is the residual representation carried at that position; it is read across layers 0 to output. The token is not the unit.,The corpus named the dichotomy; the model processed that naming; the measurement recorded the processing; a human interprets the record.,"The corpus named the dichotomy good / bad; the model processed that naming; the measurement recorded, at layer 12, cosine_AB_carrier(good|bad) = 0.8489 (corroboration only); a human interprets the record.",
person_good_bad,item,scalar_collapse,good / bad,12,midpoint_t,(none),,False,(a) seated-midpoint,True,Tokenization fixes the position; the unit of analysis is the residual representation carried at that position; it is read across layers 0 to output. The token is not the unit.,The corpus named the dichotomy; the model processed that naming; the measurement recorded the processing; a human interprets the record.,"The corpus named the dichotomy good / bad; the model processed that naming; the measurement recorded, at layer 12, midpoint_t((none)) is undefined here (corroboration only); a human interprets the record. [Moral midpoint is phrasal/multi-token; measurement (a) does not close on a single Y-unit (anticipated finding).]",Moral midpoint is phrasal/multi-token; measurement (a) does not close on a single Y-unit (anticipated finding).
person_good_bad,item,scalar_collapse,good / bad,12,excluded_perp_norm,mediocre,1.162835,True,(b) cross-layer pole relation,False,Tokenization fixes the position; the unit of analysis is the residual representation carried at that position; it is read across layers 0 to output. The token is not the unit.,The corpus named the dichotomy; the model processed that naming; the measurement recorded the processing; a human interprets the record.,"The corpus named the dichotomy good / bad; the model processed that naming; the measurement recorded, at layer 12, excluded_perp_norm(mediocre) = 1.1628; a human interprets the record.",
person_good_bad,item,scalar_collapse,good / bad,12,excluded_t,mediocre,0.586314,True,(b) cross-layer pole relation,False,Tokenization fixes the position; the unit of analysis is the residual representation carried at that position; it is read across layers 0 to output. The token is not the unit.,The corpus named the dichotomy; the model processed that naming; the measurement recorded the processing; a human interprets the record.,"The corpus named the dichotomy good / bad; the model processed that naming; the measurement recorded, at layer 12, excluded_t(mediocre) = 0.5863; a human interprets the record.",
person_good_bad,item,scalar_collapse,good / bad,12,excluded_perp_norm,average,1.22281,True,(b) cross-layer pole relation,False,Tokenization fixes the position; the unit of analysis is the residual representation carried at that position; it is read across layers 0 to output. The token is not the unit.,The corpus named the dichotomy; the model processed that naming; the measurement recorded the processing; a human interprets the record.,"The corpus named the dichotomy good / bad; the model processed that naming; the measurement recorded, at layer 12, excluded_perp_norm(average) = 1.2228; a human interprets the record.",
person_good_bad,item,scalar_collapse,good / bad,12,excluded_t,average,0.561242,True,(b) cross-layer pole relation,False,Tokenization fixes the position; the unit of analysis is the residual representation carried at that position; it is read across layers 0 to output. The token is not the unit.,The corpus named the dichotomy; the model processed that naming; the measurement recorded the processing; a human interprets the record.,"The corpus named the dichotomy good / bad; the model processed that naming; the measurement recorded, at layer 12, excluded_t(average) = 0.5612; a human interprets the record.",
person_good_bad,item,scalar_collapse,good / bad,12,excluded_perp_norm,okay,1.246618,True,(b) cross-layer pole relation,False,Tokenization fixes the position; the unit of analysis is the residual representation carried at that position; it is read across layers 0 to output. The token is not the unit.,The corpus named the dichotomy; the model processed that naming; the measurement recorded the processing; a human interprets the record.,"The corpus named the dichotomy good / bad; the model processed that naming; the measurement recorded, at layer 12, excluded_perp_norm(okay) = 1.2466; a human interprets the record.",
person_good_bad,item,scalar_collapse,good / bad,12,excluded_t,okay,0.526626,True,(b) cross-layer pole relation,False,Tokenization fixes the position; the unit of analysis is the residual representation carried at that position; it is read across layers 0 to output. The token is not the unit.,The corpus named the dichotomy; the model processed that naming; the measurement recorded the processing; a human interprets the record.,"The corpus named the dichotomy good / bad; the model processed that naming; the measurement recorded, at layer 12, excluded_t(okay) = 0.5266; a human interprets the record.",
person_good_bad,item,scalar_collapse,good / bad,12,excluded_perp_norm,fine,1.230634,True,(b) cross-layer pole relation,False,Tokenization fixes the position; the unit of analysis is the residual representation carried at that position; it is read across layers 0 to output. The token is not the unit.,The corpus named the dichotomy; the model processed that naming; the measurement recorded the processing; a human interprets the record.,"The corpus named the dichotomy good / bad; the model processed that naming; the measurement recorded, at layer 12, excluded_perp_norm(fine) = 1.2306; a human interprets the record.",
person_good_bad,item,scalar_collapse,good / bad,12,excluded_t,fine,0.509828,True,(b) cross-layer pole relation,False,Tokenization fixes the position; the unit of analysis is the residual representation carried at that position; it is read across layers 0 to output. The token is not the unit.,The corpus named the dichotomy; the model processed that naming; the measurement recorded the processing; a human interprets the record.,"The corpus named the dichotomy good / bad; the model processed that naming; the measurement recorded, at layer 12, excluded_t(fine) = 0.5098; a human interprets the record.",
person_good_bad,item,scalar_collapse,good / bad,12,excluded_perp_norm,decent,0.906541,True,(b) cross-layer pole relation,False,Tokenization fixes the position; the unit of analysis is the residual representation carried at that position; it is read across layers 0 to output. The token is not the unit.,The corpus named the dichotomy; the model processed that naming; the measurement recorded the processing; a human interprets the record.,"The corpus named the dichotomy good / bad; the model processed that naming; the measurement recorded, at layer 12, excluded_perp_norm(decent) = 0.9065; a human interprets the record.",
person_good_bad,item,scalar_collapse,good / bad,12,excluded_t,decent,0.145341,True,(b) cross-layer pole relation,False,Tokenization fixes the position; the unit of analysis is the residual representation carried at that position; it is read across layers 0 to output. The token is not the unit.,The corpus named the dichotomy; the model processed that naming; the measurement recorded the processing; a human interprets the record.,"The corpus named the dichotomy good / bad; the model processed that naming; the measurement recorded, at layer 12, excluded_t(decent) = 0.1453; a human interprets the record.",
person_good_bad,item,scalar_collapse,good / bad,12,excluded_perp_norm,poor,1.388789,True,(b) cross-layer pole relation,False,Tokenization fixes the position; the unit of analysis is the residual representation carried at that position; it is read across layers 0 to output. The token is not the unit.,The corpus named the dichotomy; the model processed that naming; the measurement recorded the processing; a human interprets the record.,"The corpus named the dichotomy good / bad; the model processed that naming; the measurement recorded, at layer 12, excluded_perp_norm(poor) = 1.3888; a human interprets the record.",
person_good_bad,item,scalar_collapse,good / bad,12,excluded_t,poor,0.655054,True,(b) cross-layer pole relation,False,Tokenization fixes the position; the unit of analysis is the residual representation carried at that position; it is read across layers 0 to output. The token is not the unit.,The corpus named the dichotomy; the model processed that naming; the measurement recorded the processing; a human interprets the record.,"The corpus named the dichotomy good / bad; the model processed that naming; the measurement recorded, at layer 12, excluded_t(poor) = 0.6551; a human interprets the record.",
person_good_bad,item,scalar_collapse,good / bad,12,remainder_ratio,excluded_set,1.193038,True,(b) cross-layer pole relation,False,Tokenization fixes the position; the unit of analysis is the residual representation carried at that position; it is read across layers 0 to output. The token is not the unit.,The corpus named the dichotomy; the model processed that naming; the measurement recorded the processing; a human interprets the record.,"The corpus named the dichotomy good / bad; the model processed that naming; the measurement recorded, at layer 12, remainder_ratio(excluded_set) = 1.1930; a human interprets the record.",
person_good_bad,item,scalar_collapse,good / bad,13,cosine_AB_named,good|bad,0.771884,True,(b) cross-layer pole relation,True,Tokenization fixes the position; the unit of analysis is the residual representation carried at that position; it is read across layers 0 to output. The token is not the unit.,The corpus named the dichotomy; the model processed that naming; the measurement recorded the processing; a human interprets the record.,"The corpus named the dichotomy good / bad; the model processed that naming; the measurement recorded, at layer 13, cosine_AB_named(good|bad) = 0.7719 (corroboration only); a human interprets the record.",
person_good_bad,item,scalar_collapse,good / bad,13,cosine_AB_carrier,good|bad,0.850171,True,(b) cross-layer pole relation,True,Tokenization fixes the position; the unit of analysis is the residual representation carried at that position; it is read across layers 0 to output. The token is not the unit.,The corpus named the dichotomy; the model processed that naming; the measurement recorded the processing; a human interprets the record.,"The corpus named the dichotomy good / bad; the model processed that naming; the measurement recorded, at layer 13, cosine_AB_carrier(good|bad) = 0.8502 (corroboration only); a human interprets the record.",
person_good_bad,item,scalar_collapse,good / bad,13,midpoint_t,(none),,False,(a) seated-midpoint,True,Tokenization fixes the position; the unit of analysis is the residual representation carried at that position; it is read across layers 0 to output. The token is not the unit.,The corpus named the dichotomy; the model processed that naming; the measurement recorded the processing; a human interprets the record.,"The corpus named the dichotomy good / bad; the model processed that naming; the measurement recorded, at layer 13, midpoint_t((none)) is undefined here (corroboration only); a human interprets the record. [Moral midpoint is phrasal/multi-token; measurement (a) does not close on a single Y-unit (anticipated finding).]",Moral midpoint is phrasal/multi-token; measurement (a) does not close on a single Y-unit (anticipated finding).
person_good_bad,item,scalar_collapse,good / bad,13,excluded_perp_norm,mediocre,1.157603,True,(b) cross-layer pole relation,False,Tokenization fixes the position; the unit of analysis is the residual representation carried at that position; it is read across layers 0 to output. The token is not the unit.,The corpus named the dichotomy; the model processed that naming; the measurement recorded the processing; a human interprets the record.,"The corpus named the dichotomy good / bad; the model processed that naming; the measurement recorded, at layer 13, excluded_perp_norm(mediocre) = 1.1576; a human interprets the record.",
person_good_bad,item,scalar_collapse,good / bad,13,excluded_t,mediocre,0.653391,True,(b) cross-layer pole relation,False,Tokenization fixes the position; the unit of analysis is the residual representation carried at that position; it is read across layers 0 to output. The token is not the unit.,The corpus named the dichotomy; the model processed that naming; the measurement recorded the processing; a human interprets the record.,"The corpus named the dichotomy good / bad; the model processed that naming; the measurement recorded, at layer 13, excluded_t(mediocre) = 0.6534; a human interprets the record.",
person_good_bad,item,scalar_collapse,good / bad,13,excluded_perp_norm,average,1.211415,True,(b) cross-layer pole relation,False,Tokenization fixes the position; the unit of analysis is the residual representation carried at that position; it is read across layers 0 to output. The token is not the unit.,The corpus named the dichotomy; the model processed that naming; the measurement recorded the processing; a human interprets the record.,"The corpus named the dichotomy good / bad; the model processed that naming; the measurement recorded, at layer 13, excluded_perp_norm(average) = 1.2114; a human interprets the record.",
person_good_bad,item,scalar_collapse,good / bad,13,excluded_t,average,0.596546,True,(b) cross-layer pole relation,False,Tokenization fixes the position; the unit of analysis is the residual representation carried at that position; it is read across layers 0 to output. The token is not the unit.,The corpus named the dichotomy; the model processed that naming; the measurement recorded the processing; a human interprets the record.,"The corpus named the dichotomy good / bad; the model processed that naming; the measurement recorded, at layer 13, excluded_t(average) = 0.5965; a human interprets the record.",
person_good_bad,item,scalar_collapse,good / bad,13,excluded_perp_norm,okay,1.266653,True,(b) cross-layer pole relation,False,Tokenization fixes the position; the unit of analysis is the residual representation carried at that position; it is read across layers 0 to output. The token is not the unit.,The corpus named the dichotomy; the model processed that naming; the measurement recorded the processing; a human interprets the record.,"The corpus named the dichotomy good / bad; the model processed that naming; the measurement recorded, at layer 13, excluded_perp_norm(okay) = 1.2667; a human interprets the record.",
person_good_bad,item,scalar_collapse,good / bad,13,excluded_t,okay,0.535204,True,(b) cross-layer pole relation,False,Tokenization fixes the position; the unit of analysis is the residual representation carried at that position; it is read across layers 0 to output. The token is not the unit.,The corpus named the dichotomy; the model processed that naming; the measurement recorded the processing; a human interprets the record.,"The corpus named the dichotomy good / bad; the model processed that naming; the measurement recorded, at layer 13, excluded_t(okay) = 0.5352; a human interprets the record.",
person_good_bad,item,scalar_collapse,good / bad,13,excluded_perp_norm,fine,1.239972,True,(b) cross-layer pole relation,False,Tokenization fixes the position; the unit of analysis is the residual representation carried at that position; it is read across layers 0 to output. The token is not the unit.,The corpus named the dichotomy; the model processed that naming; the measurement recorded the processing; a human interprets the record.,"The corpus named the dichotomy good / bad; the model processed that naming; the measurement recorded, at layer 13, excluded_perp_norm(fine) = 1.2400; a human interprets the record.",
person_good_bad,item,scalar_collapse,good / bad,13,excluded_t,fine,0.528655,True,(b) cross-layer pole relation,False,Tokenization fixes the position; the unit of analysis is the residual representation carried at that position; it is read across layers 0 to output. The token is not the unit.,The corpus named the dichotomy; the model processed that naming; the measurement recorded the processing; a human interprets the record.,"The corpus named the dichotomy good / bad; the model processed that naming; the measurement recorded, at layer 13, excluded_t(fine) = 0.5287; a human interprets the record.",
person_good_bad,item,scalar_collapse,good / bad,13,excluded_perp_norm,decent,0.908753,True,(b) cross-layer pole relation,False,Tokenization fixes the position; the unit of analysis is the residual representation carried at that position; it is read across layers 0 to output. The token is not the unit.,The corpus named the dichotomy; the model processed that naming; the measurement recorded the processing; a human interprets the record.,"The corpus named the dichotomy good / bad; the model processed that naming; the measurement recorded, at layer 13, excluded_perp_norm(decent) = 0.9088; a human interprets the record.",
person_good_bad,item,scalar_collapse,good / bad,13,excluded_t,decent,0.167666,True,(b) cross-layer pole relation,False,Tokenization fixes the position; the unit of analysis is the residual representation carried at that position; it is read across layers 0 to output. The token is not the unit.,The corpus named the dichotomy; the model processed that naming; the measurement recorded the processing; a human interprets the record.,"The corpus named the dichotomy good / bad; the model processed that naming; the measurement recorded, at layer 13, excluded_t(decent) = 0.1677; a human interprets the record.",
person_good_bad,item,scalar_collapse,good / bad,13,excluded_perp_norm,poor,1.297285,True,(b) cross-layer pole relation,False,Tokenization fixes the position; the unit of analysis is the residual representation carried at that position; it is read across layers 0 to output. The token is not the unit.,The corpus named the dichotomy; the model processed that naming; the measurement recorded the processing; a human interprets the record.,"The corpus named the dichotomy good / bad; the model processed that naming; the measurement recorded, at layer 13, excluded_perp_norm(poor) = 1.2973; a human interprets the record.",
person_good_bad,item,scalar_collapse,good / bad,13,excluded_t,poor,0.768364,True,(b) cross-layer pole relation,False,Tokenization fixes the position; the unit of analysis is the residual representation carried at that position; it is read across layers 0 to output. The token is not the unit.,The corpus named the dichotomy; the model processed that naming; the measurement recorded the processing; a human interprets the record.,"The corpus named the dichotomy good / bad; the model processed that naming; the measurement recorded, at layer 13, excluded_t(poor) = 0.7684; a human interprets the record.",
person_good_bad,item,scalar_collapse,good / bad,13,remainder_ratio,excluded_set,1.18028,True,(b) cross-layer pole relation,False,Tokenization fixes the position; the unit of analysis is the residual representation carried at that position; it is read across layers 0 to output. The token is not the unit.,The corpus named the dichotomy; the model processed that naming; the measurement recorded the processing; a human interprets the record.,"The corpus named the dichotomy good / bad; the model processed that naming; the measurement recorded, at layer 13, remainder_ratio(excluded_set) = 1.1803; a human interprets the record.",
person_good_bad,item,scalar_collapse,good / bad,14,cosine_AB_named,good|bad,0.799265,True,(b) cross-layer pole relation,True,Tokenization fixes the position; the unit of analysis is the residual representation carried at that position; it is read across layers 0 to output. The token is not the unit.,The corpus named the dichotomy; the model processed that naming; the measurement recorded the processing; a human interprets the record.,"The corpus named the dichotomy good / bad; the model processed that naming; the measurement recorded, at layer 14, cosine_AB_named(good|bad) = 0.7993 (corroboration only); a human interprets the record.",
person_good_bad,item,scalar_collapse,good / bad,14,cosine_AB_carrier,good|bad,0.854571,True,(b) cross-layer pole relation,True,Tokenization fixes the position; the unit of analysis is the residual representation carried at that position; it is read across layers 0 to output. The token is not the unit.,The corpus named the dichotomy; the model processed that naming; the measurement recorded the processing; a human interprets the record.,"The corpus named the dichotomy good / bad; the model processed that naming; the measurement recorded, at layer 14, cosine_AB_carrier(good|bad) = 0.8546 (corroboration only); a human interprets the record.",
person_good_bad,item,scalar_collapse,good / bad,14,midpoint_t,(none),,False,(a) seated-midpoint,True,Tokenization fixes the position; the unit of analysis is the residual representation carried at that position; it is read across layers 0 to output. The token is not the unit.,The corpus named the dichotomy; the model processed that naming; the measurement recorded the processing; a human interprets the record.,"The corpus named the dichotomy good / bad; the model processed that naming; the measurement recorded, at layer 14, midpoint_t((none)) is undefined here (corroboration only); a human interprets the record. [Moral midpoint is phrasal/multi-token; measurement (a) does not close on a single Y-unit (anticipated finding).]",Moral midpoint is phrasal/multi-token; measurement (a) does not close on a single Y-unit (anticipated finding).
person_good_bad,item,scalar_collapse,good / bad,14,excluded_perp_norm,mediocre,1.151233,True,(b) cross-layer pole relation,False,Tokenization fixes the position; the unit of analysis is the residual representation carried at that position; it is read across layers 0 to output. The token is not the unit.,The corpus named the dichotomy; the model processed that naming; the measurement recorded the processing; a human interprets the record.,"The corpus named the dichotomy good / bad; the model processed that naming; the measurement recorded, at layer 14, excluded_perp_norm(mediocre) = 1.1512; a human interprets the record.",
person_good_bad,item,scalar_collapse,good / bad,14,excluded_t,mediocre,0.649282,True,(b) cross-layer pole relation,False,Tokenization fixes the position; the unit of analysis is the residual representation carried at that position; it is read across layers 0 to output. The token is not the unit.,The corpus named the dichotomy; the model processed that naming; the measurement recorded the processing; a human interprets the record.,"The corpus named the dichotomy good / bad; the model processed that naming; the measurement recorded, at layer 14, excluded_t(mediocre) = 0.6493; a human interprets the record.",
person_good_bad,item,scalar_collapse,good / bad,14,excluded_perp_norm,average,1.193744,True,(b) cross-layer pole relation,False,Tokenization fixes the position; the unit of analysis is the residual representation carried at that position; it is read across layers 0 to output. The token is not the unit.,The corpus named the dichotomy; the model processed that naming; the measurement recorded the processing; a human interprets the record.,"The corpus named the dichotomy good / bad; the model processed that naming; the measurement recorded, at layer 14, excluded_perp_norm(average) = 1.1937; a human interprets the record.",
person_good_bad,item,scalar_collapse,good / bad,14,excluded_t,average,0.577287,True,(b) cross-layer pole relation,False,Tokenization fixes the position; the unit of analysis is the residual representation carried at that position; it is read across layers 0 to output. The token is not the unit.,The corpus named the dichotomy; the model processed that naming; the measurement recorded the processing; a human interprets the record.,"The corpus named the dichotomy good / bad; the model processed that naming; the measurement recorded, at layer 14, excluded_t(average) = 0.5773; a human interprets the record.",
person_good_bad,item,scalar_collapse,good / bad,14,excluded_perp_norm,okay,1.269635,True,(b) cross-layer pole relation,False,Tokenization fixes the position; the unit of analysis is the residual representation carried at that position; it is read across layers 0 to output. The token is not the unit.,The corpus named the dichotomy; the model processed that naming; the measurement recorded the processing; a human interprets the record.,"The corpus named the dichotomy good / bad; the model processed that naming; the measurement recorded, at layer 14, excluded_perp_norm(okay) = 1.2696; a human interprets the record.",
person_good_bad,item,scalar_collapse,good / bad,14,excluded_t,okay,0.508909,True,(b) cross-layer pole relation,False,Tokenization fixes the position; the unit of analysis is the residual representation carried at that position; it is read across layers 0 to output. The token is not the unit.,The corpus named the dichotomy; the model processed that naming; the measurement recorded the processing; a human interprets the record.,"The corpus named the dichotomy good / bad; the model processed that naming; the measurement recorded, at layer 14, excluded_t(okay) = 0.5089; a human interprets the record.",
person_good_bad,item,scalar_collapse,good / bad,14,excluded_perp_norm,fine,1.258428,True,(b) cross-layer pole relation,False,Tokenization fixes the position; the unit of analysis is the residual representation carried at that position; it is read across layers 0 to output. The token is not the unit.,The corpus named the dichotomy; the model processed that naming; the measurement recorded the processing; a human interprets the record.,"The corpus named the dichotomy good / bad; the model processed that naming; the measurement recorded, at layer 14, excluded_perp_norm(fine) = 1.2584; a human interprets the record.",
person_good_bad,item,scalar_collapse,good / bad,14,excluded_t,fine,0.492431,True,(b) cross-layer pole relation,False,Tokenization fixes the position; the unit of analysis is the residual representation carried at that position; it is read across layers 0 to output. The token is not the unit.,The corpus named the dichotomy; the model processed that naming; the measurement recorded the processing; a human interprets the record.,"The corpus named the dichotomy good / bad; the model processed that naming; the measurement recorded, at layer 14, excluded_t(fine) = 0.4924; a human interprets the record.",
person_good_bad,item,scalar_collapse,good / bad,14,excluded_perp_norm,decent,0.863019,True,(b) cross-layer pole relation,False,Tokenization fixes the position; the unit of analysis is the residual representation carried at that position; it is read across layers 0 to output. The token is not the unit.,The corpus named the dichotomy; the model processed that naming; the measurement recorded the processing; a human interprets the record.,"The corpus named the dichotomy good / bad; the model processed that naming; the measurement recorded, at layer 14, excluded_perp_norm(decent) = 0.8630; a human interprets the record.",
person_good_bad,item,scalar_collapse,good / bad,14,excluded_t,decent,0.162398,True,(b) cross-layer pole relation,False,Tokenization fixes the position; the unit of analysis is the residual representation carried at that position; it is read across layers 0 to output. The token is not the unit.,The corpus named the dichotomy; the model processed that naming; the measurement recorded the processing; a human interprets the record.,"The corpus named the dichotomy good / bad; the model processed that naming; the measurement recorded, at layer 14, excluded_t(decent) = 0.1624; a human interprets the record.",
person_good_bad,item,scalar_collapse,good / bad,14,excluded_perp_norm,poor,1.297498,True,(b) cross-layer pole relation,False,Tokenization fixes the position; the unit of analysis is the residual representation carried at that position; it is read across layers 0 to output. The token is not the unit.,The corpus named the dichotomy; the model processed that naming; the measurement recorded the processing; a human interprets the record.,"The corpus named the dichotomy good / bad; the model processed that naming; the measurement recorded, at layer 14, excluded_perp_norm(poor) = 1.2975; a human interprets the record.",
person_good_bad,item,scalar_collapse,good / bad,14,excluded_t,poor,0.733615,True,(b) cross-layer pole relation,False,Tokenization fixes the position; the unit of analysis is the residual representation carried at that position; it is read across layers 0 to output. The token is not the unit.,The corpus named the dichotomy; the model processed that naming; the measurement recorded the processing; a human interprets the record.,"The corpus named the dichotomy good / bad; the model processed that naming; the measurement recorded, at layer 14, excluded_t(poor) = 0.7336; a human interprets the record.",
person_good_bad,item,scalar_collapse,good / bad,14,remainder_ratio,excluded_set,1.172259,True,(b) cross-layer pole relation,False,Tokenization fixes the position; the unit of analysis is the residual representation carried at that position; it is read across layers 0 to output. The token is not the unit.,The corpus named the dichotomy; the model processed that naming; the measurement recorded the processing; a human interprets the record.,"The corpus named the dichotomy good / bad; the model processed that naming; the measurement recorded, at layer 14, remainder_ratio(excluded_set) = 1.1723; a human interprets the record.",
person_good_bad,item,scalar_collapse,good / bad,15,cosine_AB_named,good|bad,0.808206,True,(b) cross-layer pole relation,True,Tokenization fixes the position; the unit of analysis is the residual representation carried at that position; it is read across layers 0 to output. The token is not the unit.,The corpus named the dichotomy; the model processed that naming; the measurement recorded the processing; a human interprets the record.,"The corpus named the dichotomy good / bad; the model processed that naming; the measurement recorded, at layer 15, cosine_AB_named(good|bad) = 0.8082 (corroboration only); a human interprets the record.",
person_good_bad,item,scalar_collapse,good / bad,15,cosine_AB_carrier,good|bad,0.844184,True,(b) cross-layer pole relation,True,Tokenization fixes the position; the unit of analysis is the residual representation carried at that position; it is read across layers 0 to output. The token is not the unit.,The corpus named the dichotomy; the model processed that naming; the measurement recorded the processing; a human interprets the record.,"The corpus named the dichotomy good / bad; the model processed that naming; the measurement recorded, at layer 15, cosine_AB_carrier(good|bad) = 0.8442 (corroboration only); a human interprets the record.",
person_good_bad,item,scalar_collapse,good / bad,15,midpoint_t,(none),,False,(a) seated-midpoint,True,Tokenization fixes the position; the unit of analysis is the residual representation carried at that position; it is read across layers 0 to output. The token is not the unit.,The corpus named the dichotomy; the model processed that naming; the measurement recorded the processing; a human interprets the record.,"The corpus named the dichotomy good / bad; the model processed that naming; the measurement recorded, at layer 15, midpoint_t((none)) is undefined here (corroboration only); a human interprets the record. [Moral midpoint is phrasal/multi-token; measurement (a) does not close on a single Y-unit (anticipated finding).]",Moral midpoint is phrasal/multi-token; measurement (a) does not close on a single Y-unit (anticipated finding).
person_good_bad,item,scalar_collapse,good / bad,15,excluded_perp_norm,mediocre,1.167764,True,(b) cross-layer pole relation,False,Tokenization fixes the position; the unit of analysis is the residual representation carried at that position; it is read across layers 0 to output. The token is not the unit.,The corpus named the dichotomy; the model processed that naming; the measurement recorded the processing; a human interprets the record.,"The corpus named the dichotomy good / bad; the model processed that naming; the measurement recorded, at layer 15, excluded_perp_norm(mediocre) = 1.1678; a human interprets the record.",
person_good_bad,item,scalar_collapse,good / bad,15,excluded_t,mediocre,0.619415,True,(b) cross-layer pole relation,False,Tokenization fixes the position; the unit of analysis is the residual representation carried at that position; it is read across layers 0 to output. The token is not the unit.,The corpus named the dichotomy; the model processed that naming; the measurement recorded the processing; a human interprets the record.,"The corpus named the dichotomy good / bad; the model processed that naming; the measurement recorded, at layer 15, excluded_t(mediocre) = 0.6194; a human interprets the record.",
person_good_bad,item,scalar_collapse,good / bad,15,excluded_perp_norm,average,1.19189,True,(b) cross-layer pole relation,False,Tokenization fixes the position; the unit of analysis is the residual representation carried at that position; it is read across layers 0 to output. The token is not the unit.,The corpus named the dichotomy; the model processed that naming; the measurement recorded the processing; a human interprets the record.,"The corpus named the dichotomy good / bad; the model processed that naming; the measurement recorded, at layer 15, excluded_perp_norm(average) = 1.1919; a human interprets the record.",
person_good_bad,item,scalar_collapse,good / bad,15,excluded_t,average,0.590871,True,(b) cross-layer pole relation,False,Tokenization fixes the position; the unit of analysis is the residual representation carried at that position; it is read across layers 0 to output. The token is not the unit.,The corpus named the dichotomy; the model processed that naming; the measurement recorded the processing; a human interprets the record.,"The corpus named the dichotomy good / bad; the model processed that naming; the measurement recorded, at layer 15, excluded_t(average) = 0.5909; a human interprets the record.",
person_good_bad,item,scalar_collapse,good / bad,15,excluded_perp_norm,okay,1.225008,True,(b) cross-layer pole relation,False,Tokenization fixes the position; the unit of analysis is the residual representation carried at that position; it is read across layers 0 to output. The token is not the unit.,The corpus named the dichotomy; the model processed that naming; the measurement recorded the processing; a human interprets the record.,"The corpus named the dichotomy good / bad; the model processed that naming; the measurement recorded, at layer 15, excluded_perp_norm(okay) = 1.2250; a human interprets the record.",
person_good_bad,item,scalar_collapse,good / bad,15,excluded_t,okay,0.516786,True,(b) cross-layer pole relation,False,Tokenization fixes the position; the unit of analysis is the residual representation carried at that position; it is read across layers 0 to output. The token is not the unit.,The corpus named the dichotomy; the model processed that naming; the measurement recorded the processing; a human interprets the record.,"The corpus named the dichotomy good / bad; the model processed that naming; the measurement recorded, at layer 15, excluded_t(okay) = 0.5168; a human interprets the record.",
person_good_bad,item,scalar_collapse,good / bad,15,excluded_perp_norm,fine,1.198188,True,(b) cross-layer pole relation,False,Tokenization fixes the position; the unit of analysis is the residual representation carried at that position; it is read across layers 0 to output. The token is not the unit.,The corpus named the dichotomy; the model processed that naming; the measurement recorded the processing; a human interprets the record.,"The corpus named the dichotomy good / bad; the model processed that naming; the measurement recorded, at layer 15, excluded_perp_norm(fine) = 1.1982; a human interprets the record.",
person_good_bad,item,scalar_collapse,good / bad,15,excluded_t,fine,0.49106,True,(b) cross-layer pole relation,False,Tokenization fixes the position; the unit of analysis is the residual representation carried at that position; it is read across layers 0 to output. The token is not the unit.,The corpus named the dichotomy; the model processed that naming; the measurement recorded the processing; a human interprets the record.,"The corpus named the dichotomy good / bad; the model processed that naming; the measurement recorded, at layer 15, excluded_t(fine) = 0.4911; a human interprets the record.",
person_good_bad,item,scalar_collapse,good / bad,15,excluded_perp_norm,decent,0.860893,True,(b) cross-layer pole relation,False,Tokenization fixes the position; the unit of analysis is the residual representation carried at that position; it is read across layers 0 to output. The token is not the unit.,The corpus named the dichotomy; the model processed that naming; the measurement recorded the processing; a human interprets the record.,"The corpus named the dichotomy good / bad; the model processed that naming; the measurement recorded, at layer 15, excluded_perp_norm(decent) = 0.8609; a human interprets the record.",
person_good_bad,item,scalar_collapse,good / bad,15,excluded_t,decent,0.168589,True,(b) cross-layer pole relation,False,Tokenization fixes the position; the unit of analysis is the residual representation carried at that position; it is read across layers 0 to output. The token is not the unit.,The corpus named the dichotomy; the model processed that naming; the measurement recorded the processing; a human interprets the record.,"The corpus named the dichotomy good / bad; the model processed that naming; the measurement recorded, at layer 15, excluded_t(decent) = 0.1686; a human interprets the record.",
person_good_bad,item,scalar_collapse,good / bad,15,excluded_perp_norm,poor,1.234825,True,(b) cross-layer pole relation,False,Tokenization fixes the position; the unit of analysis is the residual representation carried at that position; it is read across layers 0 to output. The token is not the unit.,The corpus named the dichotomy; the model processed that naming; the measurement recorded the processing; a human interprets the record.,"The corpus named the dichotomy good / bad; the model processed that naming; the measurement recorded, at layer 15, excluded_perp_norm(poor) = 1.2348; a human interprets the record.",
person_good_bad,item,scalar_collapse,good / bad,15,excluded_t,poor,0.755109,True,(b) cross-layer pole relation,False,Tokenization fixes the position; the unit of analysis is the residual representation carried at that position; it is read across layers 0 to output. The token is not the unit.,The corpus named the dichotomy; the model processed that naming; the measurement recorded the processing; a human interprets the record.,"The corpus named the dichotomy good / bad; the model processed that naming; the measurement recorded, at layer 15, excluded_t(poor) = 0.7551; a human interprets the record.",
person_good_bad,item,scalar_collapse,good / bad,15,remainder_ratio,excluded_set,1.146428,True,(b) cross-layer pole relation,False,Tokenization fixes the position; the unit of analysis is the residual representation carried at that position; it is read across layers 0 to output. The token is not the unit.,The corpus named the dichotomy; the model processed that naming; the measurement recorded the processing; a human interprets the record.,"The corpus named the dichotomy good / bad; the model processed that naming; the measurement recorded, at layer 15, remainder_ratio(excluded_set) = 1.1464; a human interprets the record.",
person_good_bad,item,scalar_collapse,good / bad,16,cosine_AB_named,good|bad,0.813526,True,(b) cross-layer pole relation,True,Tokenization fixes the position; the unit of analysis is the residual representation carried at that position; it is read across layers 0 to output. The token is not the unit.,The corpus named the dichotomy; the model processed that naming; the measurement recorded the processing; a human interprets the record.,"The corpus named the dichotomy good / bad; the model processed that naming; the measurement recorded, at layer 16, cosine_AB_named(good|bad) = 0.8135 (corroboration only); a human interprets the record.",
person_good_bad,item,scalar_collapse,good / bad,16,cosine_AB_carrier,good|bad,0.829229,True,(b) cross-layer pole relation,True,Tokenization fixes the position; the unit of analysis is the residual representation carried at that position; it is read across layers 0 to output. The token is not the unit.,The corpus named the dichotomy; the model processed that naming; the measurement recorded the processing; a human interprets the record.,"The corpus named the dichotomy good / bad; the model processed that naming; the measurement recorded, at layer 16, cosine_AB_carrier(good|bad) = 0.8292 (corroboration only); a human interprets the record.",
person_good_bad,item,scalar_collapse,good / bad,16,midpoint_t,(none),,False,(a) seated-midpoint,True,Tokenization fixes the position; the unit of analysis is the residual representation carried at that position; it is read across layers 0 to output. The token is not the unit.,The corpus named the dichotomy; the model processed that naming; the measurement recorded the processing; a human interprets the record.,"The corpus named the dichotomy good / bad; the model processed that naming; the measurement recorded, at layer 16, midpoint_t((none)) is undefined here (corroboration only); a human interprets the record. [Moral midpoint is phrasal/multi-token; measurement (a) does not close on a single Y-unit (anticipated finding).]",Moral midpoint is phrasal/multi-token; measurement (a) does not close on a single Y-unit (anticipated finding).
person_good_bad,item,scalar_collapse,good / bad,16,excluded_perp_norm,mediocre,1.098732,True,(b) cross-layer pole relation,False,Tokenization fixes the position; the unit of analysis is the residual representation carried at that position; it is read across layers 0 to output. The token is not the unit.,The corpus named the dichotomy; the model processed that naming; the measurement recorded the processing; a human interprets the record.,"The corpus named the dichotomy good / bad; the model processed that naming; the measurement recorded, at layer 16, excluded_perp_norm(mediocre) = 1.0987; a human interprets the record.",
person_good_bad,item,scalar_collapse,good / bad,16,excluded_t,mediocre,0.48197,True,(b) cross-layer pole relation,False,Tokenization fixes the position; the unit of analysis is the residual representation carried at that position; it is read across layers 0 to output. The token is not the unit.,The corpus named the dichotomy; the model processed that naming; the measurement recorded the processing; a human interprets the record.,"The corpus named the dichotomy good / bad; the model processed that naming; the measurement recorded, at layer 16, excluded_t(mediocre) = 0.4820; a human interprets the record.",
person_good_bad,item,scalar_collapse,good / bad,16,excluded_perp_norm,average,1.163557,True,(b) cross-layer pole relation,False,Tokenization fixes the position; the unit of analysis is the residual representation carried at that position; it is read across layers 0 to output. The token is not the unit.,The corpus named the dichotomy; the model processed that naming; the measurement recorded the processing; a human interprets the record.,"The corpus named the dichotomy good / bad; the model processed that naming; the measurement recorded, at layer 16, excluded_perp_norm(average) = 1.1636; a human interprets the record.",
person_good_bad,item,scalar_collapse,good / bad,16,excluded_t,average,0.501326,True,(b) cross-layer pole relation,False,Tokenization fixes the position; the unit of analysis is the residual representation carried at that position; it is read across layers 0 to output. The token is not the unit.,The corpus named the dichotomy; the model processed that naming; the measurement recorded the processing; a human interprets the record.,"The corpus named the dichotomy good / bad; the model processed that naming; the measurement recorded, at layer 16, excluded_t(average) = 0.5013; a human interprets the record.",
person_good_bad,item,scalar_collapse,good / bad,16,excluded_perp_norm,okay,1.099924,True,(b) cross-layer pole relation,False,Tokenization fixes the position; the unit of analysis is the residual representation carried at that position; it is read across layers 0 to output. The token is not the unit.,The corpus named the dichotomy; the model processed that naming; the measurement recorded the processing; a human interprets the record.,"The corpus named the dichotomy good / bad; the model processed that naming; the measurement recorded, at layer 16, excluded_perp_norm(okay) = 1.0999; a human interprets the record.",
person_good_bad,item,scalar_collapse,good / bad,16,excluded_t,okay,0.483726,True,(b) cross-layer pole relation,False,Tokenization fixes the position; the unit of analysis is the residual representation carried at that position; it is read across layers 0 to output. The token is not the unit.,The corpus named the dichotomy; the model processed that naming; the measurement recorded the processing; a human interprets the record.,"The corpus named the dichotomy good / bad; the model processed that naming; the measurement recorded, at layer 16, excluded_t(okay) = 0.4837; a human interprets the record.",
person_good_bad,item,scalar_collapse,good / bad,16,excluded_perp_norm,fine,1.086372,True,(b) cross-layer pole relation,False,Tokenization fixes the position; the unit of analysis is the residual representation carried at that position; it is read across layers 0 to output. The token is not the unit.,The corpus named the dichotomy; the model processed that naming; the measurement recorded the processing; a human interprets the record.,"The corpus named the dichotomy good / bad; the model processed that naming; the measurement recorded, at layer 16, excluded_perp_norm(fine) = 1.0864; a human interprets the record.",
person_good_bad,item,scalar_collapse,good / bad,16,excluded_t,fine,0.436952,True,(b) cross-layer pole relation,False,Tokenization fixes the position; the unit of analysis is the residual representation carried at that position; it is read across layers 0 to output. The token is not the unit.,The corpus named the dichotomy; the model processed that naming; the measurement recorded the processing; a human interprets the record.,"The corpus named the dichotomy good / bad; the model processed that naming; the measurement recorded, at layer 16, excluded_t(fine) = 0.4370; a human interprets the record.",
person_good_bad,item,scalar_collapse,good / bad,16,excluded_perp_norm,decent,0.777932,True,(b) cross-layer pole relation,False,Tokenization fixes the position; the unit of analysis is the residual representation carried at that position; it is read across layers 0 to output. The token is not the unit.,The corpus named the dichotomy; the model processed that naming; the measurement recorded the processing; a human interprets the record.,"The corpus named the dichotomy good / bad; the model processed that naming; the measurement recorded, at layer 16, excluded_perp_norm(decent) = 0.7779; a human interprets the record.",
person_good_bad,item,scalar_collapse,good / bad,16,excluded_t,decent,0.105001,True,(b) cross-layer pole relation,False,Tokenization fixes the position; the unit of analysis is the residual representation carried at that position; it is read across layers 0 to output. The token is not the unit.,The corpus named the dichotomy; the model processed that naming; the measurement recorded the processing; a human interprets the record.,"The corpus named the dichotomy good / bad; the model processed that naming; the measurement recorded, at layer 16, excluded_t(decent) = 0.1050; a human interprets the record.",
person_good_bad,item,scalar_collapse,good / bad,16,excluded_perp_norm,poor,1.146175,True,(b) cross-layer pole relation,False,Tokenization fixes the position; the unit of analysis is the residual representation carried at that position; it is read across layers 0 to output. The token is not the unit.,The corpus named the dichotomy; the model processed that naming; the measurement recorded the processing; a human interprets the record.,"The corpus named the dichotomy good / bad; the model processed that naming; the measurement recorded, at layer 16, excluded_perp_norm(poor) = 1.1462; a human interprets the record.",
person_good_bad,item,scalar_collapse,good / bad,16,excluded_t,poor,0.637422,True,(b) cross-layer pole relation,False,Tokenization fixes the position; the unit of analysis is the residual representation carried at that position; it is read across layers 0 to output. The token is not the unit.,The corpus named the dichotomy; the model processed that naming; the measurement recorded the processing; a human interprets the record.,"The corpus named the dichotomy good / bad; the model processed that naming; the measurement recorded, at layer 16, excluded_t(poor) = 0.6374; a human interprets the record.",
person_good_bad,item,scalar_collapse,good / bad,16,remainder_ratio,excluded_set,1.062115,True,(b) cross-layer pole relation,False,Tokenization fixes the position; the unit of analysis is the residual representation carried at that position; it is read across layers 0 to output. The token is not the unit.,The corpus named the dichotomy; the model processed that naming; the measurement recorded the processing; a human interprets the record.,"The corpus named the dichotomy good / bad; the model processed that naming; the measurement recorded, at layer 16, remainder_ratio(excluded_set) = 1.0621; a human interprets the record.",
person_good_bad,item,scalar_collapse,good / bad,17,cosine_AB_named,good|bad,0.839119,True,(b) cross-layer pole relation,True,Tokenization fixes the position; the unit of analysis is the residual representation carried at that position; it is read across layers 0 to output. The token is not the unit.,The corpus named the dichotomy; the model processed that naming; the measurement recorded the processing; a human interprets the record.,"The corpus named the dichotomy good / bad; the model processed that naming; the measurement recorded, at layer 17, cosine_AB_named(good|bad) = 0.8391 (corroboration only); a human interprets the record.",
person_good_bad,item,scalar_collapse,good / bad,17,cosine_AB_carrier,good|bad,0.850933,True,(b) cross-layer pole relation,True,Tokenization fixes the position; the unit of analysis is the residual representation carried at that position; it is read across layers 0 to output. The token is not the unit.,The corpus named the dichotomy; the model processed that naming; the measurement recorded the processing; a human interprets the record.,"The corpus named the dichotomy good / bad; the model processed that naming; the measurement recorded, at layer 17, cosine_AB_carrier(good|bad) = 0.8509 (corroboration only); a human interprets the record.",
person_good_bad,item,scalar_collapse,good / bad,17,midpoint_t,(none),,False,(a) seated-midpoint,True,Tokenization fixes the position; the unit of analysis is the residual representation carried at that position; it is read across layers 0 to output. The token is not the unit.,The corpus named the dichotomy; the model processed that naming; the measurement recorded the processing; a human interprets the record.,"The corpus named the dichotomy good / bad; the model processed that naming; the measurement recorded, at layer 17, midpoint_t((none)) is undefined here (corroboration only); a human interprets the record. [Moral midpoint is phrasal/multi-token; measurement (a) does not close on a single Y-unit (anticipated finding).]",Moral midpoint is phrasal/multi-token; measurement (a) does not close on a single Y-unit (anticipated finding).
person_good_bad,item,scalar_collapse,good / bad,17,excluded_perp_norm,mediocre,1.087864,True,(b) cross-layer pole relation,False,Tokenization fixes the position; the unit of analysis is the residual representation carried at that position; it is read across layers 0 to output. The token is not the unit.,The corpus named the dichotomy; the model processed that naming; the measurement recorded the processing; a human interprets the record.,"The corpus named the dichotomy good / bad; the model processed that naming; the measurement recorded, at layer 17, excluded_perp_norm(mediocre) = 1.0879; a human interprets the record.",
person_good_bad,item,scalar_collapse,good / bad,17,excluded_t,mediocre,0.439926,True,(b) cross-layer pole relation,False,Tokenization fixes the position; the unit of analysis is the residual representation carried at that position; it is read across layers 0 to output. The token is not the unit.,The corpus named the dichotomy; the model processed that naming; the measurement recorded the processing; a human interprets the record.,"The corpus named the dichotomy good / bad; the model processed that naming; the measurement recorded, at layer 17, excluded_t(mediocre) = 0.4399; a human interprets the record.",
person_good_bad,item,scalar_collapse,good / bad,17,excluded_perp_norm,average,1.151131,True,(b) cross-layer pole relation,False,Tokenization fixes the position; the unit of analysis is the residual representation carried at that position; it is read across layers 0 to output. The token is not the unit.,The corpus named the dichotomy; the model processed that naming; the measurement recorded the processing; a human interprets the record.,"The corpus named the dichotomy good / bad; the model processed that naming; the measurement recorded, at layer 17, excluded_perp_norm(average) = 1.1511; a human interprets the record.",
person_good_bad,item,scalar_collapse,good / bad,17,excluded_t,average,0.437836,True,(b) cross-layer pole relation,False,Tokenization fixes the position; the unit of analysis is the residual representation carried at that position; it is read across layers 0 to output. The token is not the unit.,The corpus named the dichotomy; the model processed that naming; the measurement recorded the processing; a human interprets the record.,"The corpus named the dichotomy good / bad; the model processed that naming; the measurement recorded, at layer 17, excluded_t(average) = 0.4378; a human interprets the record.",
person_good_bad,item,scalar_collapse,good / bad,17,excluded_perp_norm,okay,1.114517,True,(b) cross-layer pole relation,False,Tokenization fixes the position; the unit of analysis is the residual representation carried at that position; it is read across layers 0 to output. The token is not the unit.,The corpus named the dichotomy; the model processed that naming; the measurement recorded the processing; a human interprets the record.,"The corpus named the dichotomy good / bad; the model processed that naming; the measurement recorded, at layer 17, excluded_perp_norm(okay) = 1.1145; a human interprets the record.",
person_good_bad,item,scalar_collapse,good / bad,17,excluded_t,okay,0.42187,True,(b) cross-layer pole relation,False,Tokenization fixes the position; the unit of analysis is the residual representation carried at that position; it is read across layers 0 to output. The token is not the unit.,The corpus named the dichotomy; the model processed that naming; the measurement recorded the processing; a human interprets the record.,"The corpus named the dichotomy good / bad; the model processed that naming; the measurement recorded, at layer 17, excluded_t(okay) = 0.4219; a human interprets the record.",
person_good_bad,item,scalar_collapse,good / bad,17,excluded_perp_norm,fine,1.100542,True,(b) cross-layer pole relation,False,Tokenization fixes the position; the unit of analysis is the residual representation carried at that position; it is read across layers 0 to output. The token is not the unit.,The corpus named the dichotomy; the model processed that naming; the measurement recorded the processing; a human interprets the record.,"The corpus named the dichotomy good / bad; the model processed that naming; the measurement recorded, at layer 17, excluded_perp_norm(fine) = 1.1005; a human interprets the record.",
person_good_bad,item,scalar_collapse,good / bad,17,excluded_t,fine,0.378732,True,(b) cross-layer pole relation,False,Tokenization fixes the position; the unit of analysis is the residual representation carried at that position; it is read across layers 0 to output. The token is not the unit.,The corpus named the dichotomy; the model processed that naming; the measurement recorded the processing; a human interprets the record.,"The corpus named the dichotomy good / bad; the model processed that naming; the measurement recorded, at layer 17, excluded_t(fine) = 0.3787; a human interprets the record.",
person_good_bad,item,scalar_collapse,good / bad,17,excluded_perp_norm,decent,0.791845,True,(b) cross-layer pole relation,False,Tokenization fixes the position; the unit of analysis is the residual representation carried at that position; it is read across layers 0 to output. The token is not the unit.,The corpus named the dichotomy; the model processed that naming; the measurement recorded the processing; a human interprets the record.,"The corpus named the dichotomy good / bad; the model processed that naming; the measurement recorded, at layer 17, excluded_perp_norm(decent) = 0.7918; a human interprets the record.",
person_good_bad,item,scalar_collapse,good / bad,17,excluded_t,decent,0.058849,True,(b) cross-layer pole relation,False,Tokenization fixes the position; the unit of analysis is the residual representation carried at that position; it is read across layers 0 to output. The token is not the unit.,The corpus named the dichotomy; the model processed that naming; the measurement recorded the processing; a human interprets the record.,"The corpus named the dichotomy good / bad; the model processed that naming; the measurement recorded, at layer 17, excluded_t(decent) = 0.0588; a human interprets the record.",
person_good_bad,item,scalar_collapse,good / bad,17,excluded_perp_norm,poor,1.079164,True,(b) cross-layer pole relation,False,Tokenization fixes the position; the unit of analysis is the residual representation carried at that position; it is read across layers 0 to output. The token is not the unit.,The corpus named the dichotomy; the model processed that naming; the measurement recorded the processing; a human interprets the record.,"The corpus named the dichotomy good / bad; the model processed that naming; the measurement recorded, at layer 17, excluded_perp_norm(poor) = 1.0792; a human interprets the record.",
person_good_bad,item,scalar_collapse,good / bad,17,excluded_t,poor,0.603812,True,(b) cross-layer pole relation,False,Tokenization fixes the position; the unit of analysis is the residual representation carried at that position; it is read across layers 0 to output. The token is not the unit.,The corpus named the dichotomy; the model processed that naming; the measurement recorded the processing; a human interprets the record.,"The corpus named the dichotomy good / bad; the model processed that naming; the measurement recorded, at layer 17, excluded_t(poor) = 0.6038; a human interprets the record.",
person_good_bad,item,scalar_collapse,good / bad,17,remainder_ratio,excluded_set,1.054177,True,(b) cross-layer pole relation,False,Tokenization fixes the position; the unit of analysis is the residual representation carried at that position; it is read across layers 0 to output. The token is not the unit.,The corpus named the dichotomy; the model processed that naming; the measurement recorded the processing; a human interprets the record.,"The corpus named the dichotomy good / bad; the model processed that naming; the measurement recorded, at layer 17, remainder_ratio(excluded_set) = 1.0542; a human interprets the record.",
person_good_bad,item,scalar_collapse,good / bad,18,cosine_AB_named,good|bad,0.818512,True,(b) cross-layer pole relation,True,Tokenization fixes the position; the unit of analysis is the residual representation carried at that position; it is read across layers 0 to output. The token is not the unit.,The corpus named the dichotomy; the model processed that naming; the measurement recorded the processing; a human interprets the record.,"The corpus named the dichotomy good / bad; the model processed that naming; the measurement recorded, at layer 18, cosine_AB_named(good|bad) = 0.8185 (corroboration only); a human interprets the record.",
person_good_bad,item,scalar_collapse,good / bad,18,cosine_AB_carrier,good|bad,0.833924,True,(b) cross-layer pole relation,True,Tokenization fixes the position; the unit of analysis is the residual representation carried at that position; it is read across layers 0 to output. The token is not the unit.,The corpus named the dichotomy; the model processed that naming; the measurement recorded the processing; a human interprets the record.,"The corpus named the dichotomy good / bad; the model processed that naming; the measurement recorded, at layer 18, cosine_AB_carrier(good|bad) = 0.8339 (corroboration only); a human interprets the record.",
person_good_bad,item,scalar_collapse,good / bad,18,midpoint_t,(none),,False,(a) seated-midpoint,True,Tokenization fixes the position; the unit of analysis is the residual representation carried at that position; it is read across layers 0 to output. The token is not the unit.,The corpus named the dichotomy; the model processed that naming; the measurement recorded the processing; a human interprets the record.,"The corpus named the dichotomy good / bad; the model processed that naming; the measurement recorded, at layer 18, midpoint_t((none)) is undefined here (corroboration only); a human interprets the record. [Moral midpoint is phrasal/multi-token; measurement (a) does not close on a single Y-unit (anticipated finding).]",Moral midpoint is phrasal/multi-token; measurement (a) does not close on a single Y-unit (anticipated finding).
person_good_bad,item,scalar_collapse,good / bad,18,excluded_perp_norm,mediocre,1.097933,True,(b) cross-layer pole relation,False,Tokenization fixes the position; the unit of analysis is the residual representation carried at that position; it is read across layers 0 to output. The token is not the unit.,The corpus named the dichotomy; the model processed that naming; the measurement recorded the processing; a human interprets the record.,"The corpus named the dichotomy good / bad; the model processed that naming; the measurement recorded, at layer 18, excluded_perp_norm(mediocre) = 1.0979; a human interprets the record.",
person_good_bad,item,scalar_collapse,good / bad,18,excluded_t,mediocre,0.502893,True,(b) cross-layer pole relation,False,Tokenization fixes the position; the unit of analysis is the residual representation carried at that position; it is read across layers 0 to output. The token is not the unit.,The corpus named the dichotomy; the model processed that naming; the measurement recorded the processing; a human interprets the record.,"The corpus named the dichotomy good / bad; the model processed that naming; the measurement recorded, at layer 18, excluded_t(mediocre) = 0.5029; a human interprets the record.",
person_good_bad,item,scalar_collapse,good / bad,18,excluded_perp_norm,average,1.161259,True,(b) cross-layer pole relation,False,Tokenization fixes the position; the unit of analysis is the residual representation carried at that position; it is read across layers 0 to output. The token is not the unit.,The corpus named the dichotomy; the model processed that naming; the measurement recorded the processing; a human interprets the record.,"The corpus named the dichotomy good / bad; the model processed that naming; the measurement recorded, at layer 18, excluded_perp_norm(average) = 1.1613; a human interprets the record.",
person_good_bad,item,scalar_collapse,good / bad,18,excluded_t,average,0.465731,True,(b) cross-layer pole relation,False,Tokenization fixes the position; the unit of analysis is the residual representation carried at that position; it is read across layers 0 to output. The token is not the unit.,The corpus named the dichotomy; the model processed that naming; the measurement recorded the processing; a human interprets the record.,"The corpus named the dichotomy good / bad; the model processed that naming; the measurement recorded, at layer 18, excluded_t(average) = 0.4657; a human interprets the record.",
person_good_bad,item,scalar_collapse,good / bad,18,excluded_perp_norm,okay,1.199732,True,(b) cross-layer pole relation,False,Tokenization fixes the position; the unit of analysis is the residual representation carried at that position; it is read across layers 0 to output. The token is not the unit.,The corpus named the dichotomy; the model processed that naming; the measurement recorded the processing; a human interprets the record.,"The corpus named the dichotomy good / bad; the model processed that naming; the measurement recorded, at layer 18, excluded_perp_norm(okay) = 1.1997; a human interprets the record.",
person_good_bad,item,scalar_collapse,good / bad,18,excluded_t,okay,0.403331,True,(b) cross-layer pole relation,False,Tokenization fixes the position; the unit of analysis is the residual representation carried at that position; it is read across layers 0 to output. The token is not the unit.,The corpus named the dichotomy; the model processed that naming; the measurement recorded the processing; a human interprets the record.,"The corpus named the dichotomy good / bad; the model processed that naming; the measurement recorded, at layer 18, excluded_t(okay) = 0.4033; a human interprets the record.",
person_good_bad,item,scalar_collapse,good / bad,18,excluded_perp_norm,fine,1.230377,True,(b) cross-layer pole relation,False,Tokenization fixes the position; the unit of analysis is the residual representation carried at that position; it is read across layers 0 to output. The token is not the unit.,The corpus named the dichotomy; the model processed that naming; the measurement recorded the processing; a human interprets the record.,"The corpus named the dichotomy good / bad; the model processed that naming; the measurement recorded, at layer 18, excluded_perp_norm(fine) = 1.2304; a human interprets the record.",
person_good_bad,item,scalar_collapse,good / bad,18,excluded_t,fine,0.387117,True,(b) cross-layer pole relation,False,Tokenization fixes the position; the unit of analysis is the residual representation carried at that position; it is read across layers 0 to output. The token is not the unit.,The corpus named the dichotomy; the model processed that naming; the measurement recorded the processing; a human interprets the record.,"The corpus named the dichotomy good / bad; the model processed that naming; the measurement recorded, at layer 18, excluded_t(fine) = 0.3871; a human interprets the record.",
person_good_bad,item,scalar_collapse,good / bad,18,excluded_perp_norm,decent,0.815597,True,(b) cross-layer pole relation,False,Tokenization fixes the position; the unit of analysis is the residual representation carried at that position; it is read across layers 0 to output. The token is not the unit.,The corpus named the dichotomy; the model processed that naming; the measurement recorded the processing; a human interprets the record.,"The corpus named the dichotomy good / bad; the model processed that naming; the measurement recorded, at layer 18, excluded_perp_norm(decent) = 0.8156; a human interprets the record.",
person_good_bad,item,scalar_collapse,good / bad,18,excluded_t,decent,0.105118,True,(b) cross-layer pole relation,False,Tokenization fixes the position; the unit of analysis is the residual representation carried at that position; it is read across layers 0 to output. The token is not the unit.,The corpus named the dichotomy; the model processed that naming; the measurement recorded the processing; a human interprets the record.,"The corpus named the dichotomy good / bad; the model processed that naming; the measurement recorded, at layer 18, excluded_t(decent) = 0.1051; a human interprets the record.",
person_good_bad,item,scalar_collapse,good / bad,18,excluded_perp_norm,poor,1.234303,True,(b) cross-layer pole relation,False,Tokenization fixes the position; the unit of analysis is the residual representation carried at that position; it is read across layers 0 to output. The token is not the unit.,The corpus named the dichotomy; the model processed that naming; the measurement recorded the processing; a human interprets the record.,"The corpus named the dichotomy good / bad; the model processed that naming; the measurement recorded, at layer 18, excluded_perp_norm(poor) = 1.2343; a human interprets the record.",
person_good_bad,item,scalar_collapse,good / bad,18,excluded_t,poor,0.643546,True,(b) cross-layer pole relation,False,Tokenization fixes the position; the unit of analysis is the residual representation carried at that position; it is read across layers 0 to output. The token is not the unit.,The corpus named the dichotomy; the model processed that naming; the measurement recorded the processing; a human interprets the record.,"The corpus named the dichotomy good / bad; the model processed that naming; the measurement recorded, at layer 18, excluded_t(poor) = 0.6435; a human interprets the record.",
person_good_bad,item,scalar_collapse,good / bad,18,remainder_ratio,excluded_set,1.1232,True,(b) cross-layer pole relation,False,Tokenization fixes the position; the unit of analysis is the residual representation carried at that position; it is read across layers 0 to output. The token is not the unit.,The corpus named the dichotomy; the model processed that naming; the measurement recorded the processing; a human interprets the record.,"The corpus named the dichotomy good / bad; the model processed that naming; the measurement recorded, at layer 18, remainder_ratio(excluded_set) = 1.1232; a human interprets the record.",
person_good_bad,item,scalar_collapse,good / bad,19,cosine_AB_named,good|bad,0.77662,True,(b) cross-layer pole relation,True,Tokenization fixes the position; the unit of analysis is the residual representation carried at that position; it is read across layers 0 to output. The token is not the unit.,The corpus named the dichotomy; the model processed that naming; the measurement recorded the processing; a human interprets the record.,"The corpus named the dichotomy good / bad; the model processed that naming; the measurement recorded, at layer 19, cosine_AB_named(good|bad) = 0.7766 (corroboration only); a human interprets the record.",
person_good_bad,item,scalar_collapse,good / bad,19,cosine_AB_carrier,good|bad,0.774911,True,(b) cross-layer pole relation,True,Tokenization fixes the position; the unit of analysis is the residual representation carried at that position; it is read across layers 0 to output. The token is not the unit.,The corpus named the dichotomy; the model processed that naming; the measurement recorded the processing; a human interprets the record.,"The corpus named the dichotomy good / bad; the model processed that naming; the measurement recorded, at layer 19, cosine_AB_carrier(good|bad) = 0.7749 (corroboration only); a human interprets the record.",
person_good_bad,item,scalar_collapse,good / bad,19,midpoint_t,(none),,False,(a) seated-midpoint,True,Tokenization fixes the position; the unit of analysis is the residual representation carried at that position; it is read across layers 0 to output. The token is not the unit.,The corpus named the dichotomy; the model processed that naming; the measurement recorded the processing; a human interprets the record.,"The corpus named the dichotomy good / bad; the model processed that naming; the measurement recorded, at layer 19, midpoint_t((none)) is undefined here (corroboration only); a human interprets the record. [Moral midpoint is phrasal/multi-token; measurement (a) does not close on a single Y-unit (anticipated finding).]",Moral midpoint is phrasal/multi-token; measurement (a) does not close on a single Y-unit (anticipated finding).
person_good_bad,item,scalar_collapse,good / bad,19,excluded_perp_norm,mediocre,0.97873,True,(b) cross-layer pole relation,False,Tokenization fixes the position; the unit of analysis is the residual representation carried at that position; it is read across layers 0 to output. The token is not the unit.,The corpus named the dichotomy; the model processed that naming; the measurement recorded the processing; a human interprets the record.,"The corpus named the dichotomy good / bad; the model processed that naming; the measurement recorded, at layer 19, excluded_perp_norm(mediocre) = 0.9787; a human interprets the record.",
person_good_bad,item,scalar_collapse,good / bad,19,excluded_t,mediocre,0.483338,True,(b) cross-layer pole relation,False,Tokenization fixes the position; the unit of analysis is the residual representation carried at that position; it is read across layers 0 to output. The token is not the unit.,The corpus named the dichotomy; the model processed that naming; the measurement recorded the processing; a human interprets the record.,"The corpus named the dichotomy good / bad; the model processed that naming; the measurement recorded, at layer 19, excluded_t(mediocre) = 0.4833; a human interprets the record.",
person_good_bad,item,scalar_collapse,good / bad,19,excluded_perp_norm,average,1.072937,True,(b) cross-layer pole relation,False,Tokenization fixes the position; the unit of analysis is the residual representation carried at that position; it is read across layers 0 to output. The token is not the unit.,The corpus named the dichotomy; the model processed that naming; the measurement recorded the processing; a human interprets the record.,"The corpus named the dichotomy good / bad; the model processed that naming; the measurement recorded, at layer 19, excluded_perp_norm(average) = 1.0729; a human interprets the record.",
person_good_bad,item,scalar_collapse,good / bad,19,excluded_t,average,0.446644,True,(b) cross-layer pole relation,False,Tokenization fixes the position; the unit of analysis is the residual representation carried at that position; it is read across layers 0 to output. The token is not the unit.,The corpus named the dichotomy; the model processed that naming; the measurement recorded the processing; a human interprets the record.,"The corpus named the dichotomy good / bad; the model processed that naming; the measurement recorded, at layer 19, excluded_t(average) = 0.4466; a human interprets the record.",
person_good_bad,item,scalar_collapse,good / bad,19,excluded_perp_norm,okay,1.017118,True,(b) cross-layer pole relation,False,Tokenization fixes the position; the unit of analysis is the residual representation carried at that position; it is read across layers 0 to output. The token is not the unit.,The corpus named the dichotomy; the model processed that naming; the measurement recorded the processing; a human interprets the record.,"The corpus named the dichotomy good / bad; the model processed that naming; the measurement recorded, at layer 19, excluded_perp_norm(okay) = 1.0171; a human interprets the record.",
person_good_bad,item,scalar_collapse,good / bad,19,excluded_t,okay,0.451734,True,(b) cross-layer pole relation,False,Tokenization fixes the position; the unit of analysis is the residual representation carried at that position; it is read across layers 0 to output. The token is not the unit.,The corpus named the dichotomy; the model processed that naming; the measurement recorded the processing; a human interprets the record.,"The corpus named the dichotomy good / bad; the model processed that naming; the measurement recorded, at layer 19, excluded_t(okay) = 0.4517; a human interprets the record.",
person_good_bad,item,scalar_collapse,good / bad,19,excluded_perp_norm,fine,1.020394,True,(b) cross-layer pole relation,False,Tokenization fixes the position; the unit of analysis is the residual representation carried at that position; it is read across layers 0 to output. The token is not the unit.,The corpus named the dichotomy; the model processed that naming; the measurement recorded the processing; a human interprets the record.,"The corpus named the dichotomy good / bad; the model processed that naming; the measurement recorded, at layer 19, excluded_perp_norm(fine) = 1.0204; a human interprets the record.",
person_good_bad,item,scalar_collapse,good / bad,19,excluded_t,fine,0.444613,True,(b) cross-layer pole relation,False,Tokenization fixes the position; the unit of analysis is the residual representation carried at that position; it is read across layers 0 to output. The token is not the unit.,The corpus named the dichotomy; the model processed that naming; the measurement recorded the processing; a human interprets the record.,"The corpus named the dichotomy good / bad; the model processed that naming; the measurement recorded, at layer 19, excluded_t(fine) = 0.4446; a human interprets the record.",
person_good_bad,item,scalar_collapse,good / bad,19,excluded_perp_norm,decent,0.696725,True,(b) cross-layer pole relation,False,Tokenization fixes the position; the unit of analysis is the residual representation carried at that position; it is read across layers 0 to output. The token is not the unit.,The corpus named the dichotomy; the model processed that naming; the measurement recorded the processing; a human interprets the record.,"The corpus named the dichotomy good / bad; the model processed that naming; the measurement recorded, at layer 19, excluded_perp_norm(decent) = 0.6967; a human interprets the record.",
person_good_bad,item,scalar_collapse,good / bad,19,excluded_t,decent,0.179491,True,(b) cross-layer pole relation,False,Tokenization fixes the position; the unit of analysis is the residual representation carried at that position; it is read across layers 0 to output. The token is not the unit.,The corpus named the dichotomy; the model processed that naming; the measurement recorded the processing; a human interprets the record.,"The corpus named the dichotomy good / bad; the model processed that naming; the measurement recorded, at layer 19, excluded_t(decent) = 0.1795; a human interprets the record.",
person_good_bad,item,scalar_collapse,good / bad,19,excluded_perp_norm,poor,0.998538,True,(b) cross-layer pole relation,False,Tokenization fixes the position; the unit of analysis is the residual representation carried at that position; it is read across layers 0 to output. The token is not the unit.,The corpus named the dichotomy; the model processed that naming; the measurement recorded the processing; a human interprets the record.,"The corpus named the dichotomy good / bad; the model processed that naming; the measurement recorded, at layer 19, excluded_perp_norm(poor) = 0.9985; a human interprets the record.",
person_good_bad,item,scalar_collapse,good / bad,19,excluded_t,poor,0.634155,True,(b) cross-layer pole relation,False,Tokenization fixes the position; the unit of analysis is the residual representation carried at that position; it is read across layers 0 to output. The token is not the unit.,The corpus named the dichotomy; the model processed that naming; the measurement recorded the processing; a human interprets the record.,"The corpus named the dichotomy good / bad; the model processed that naming; the measurement recorded, at layer 19, excluded_t(poor) = 0.6342; a human interprets the record.",
person_good_bad,item,scalar_collapse,good / bad,19,remainder_ratio,excluded_set,0.964073,True,(b) cross-layer pole relation,False,Tokenization fixes the position; the unit of analysis is the residual representation carried at that position; it is read across layers 0 to output. The token is not the unit.,The corpus named the dichotomy; the model processed that naming; the measurement recorded the processing; a human interprets the record.,"The corpus named the dichotomy good / bad; the model processed that naming; the measurement recorded, at layer 19, remainder_ratio(excluded_set) = 0.9641; a human interprets the record.",
person_good_bad,item,scalar_collapse,good / bad,20,cosine_AB_named,good|bad,0.767699,True,(b) cross-layer pole relation,True,Tokenization fixes the position; the unit of analysis is the residual representation carried at that position; it is read across layers 0 to output. The token is not the unit.,The corpus named the dichotomy; the model processed that naming; the measurement recorded the processing; a human interprets the record.,"The corpus named the dichotomy good / bad; the model processed that naming; the measurement recorded, at layer 20, cosine_AB_named(good|bad) = 0.7677 (corroboration only); a human interprets the record.",
person_good_bad,item,scalar_collapse,good / bad,20,cosine_AB_carrier,good|bad,0.765019,True,(b) cross-layer pole relation,True,Tokenization fixes the position; the unit of analysis is the residual representation carried at that position; it is read across layers 0 to output. The token is not the unit.,The corpus named the dichotomy; the model processed that naming; the measurement recorded the processing; a human interprets the record.,"The corpus named the dichotomy good / bad; the model processed that naming; the measurement recorded, at layer 20, cosine_AB_carrier(good|bad) = 0.7650 (corroboration only); a human interprets the record.",
person_good_bad,item,scalar_collapse,good / bad,20,midpoint_t,(none),,False,(a) seated-midpoint,True,Tokenization fixes the position; the unit of analysis is the residual representation carried at that position; it is read across layers 0 to output. The token is not the unit.,The corpus named the dichotomy; the model processed that naming; the measurement recorded the processing; a human interprets the record.,"The corpus named the dichotomy good / bad; the model processed that naming; the measurement recorded, at layer 20, midpoint_t((none)) is undefined here (corroboration only); a human interprets the record. [Moral midpoint is phrasal/multi-token; measurement (a) does not close on a single Y-unit (anticipated finding).]",Moral midpoint is phrasal/multi-token; measurement (a) does not close on a single Y-unit (anticipated finding).
person_good_bad,item,scalar_collapse,good / bad,20,excluded_perp_norm,mediocre,0.936387,True,(b) cross-layer pole relation,False,Tokenization fixes the position; the unit of analysis is the residual representation carried at that position; it is read across layers 0 to output. The token is not the unit.,The corpus named the dichotomy; the model processed that naming; the measurement recorded the processing; a human interprets the record.,"The corpus named the dichotomy good / bad; the model processed that naming; the measurement recorded, at layer 20, excluded_perp_norm(mediocre) = 0.9364; a human interprets the record.",
person_good_bad,item,scalar_collapse,good / bad,20,excluded_t,mediocre,0.416571,True,(b) cross-layer pole relation,False,Tokenization fixes the position; the unit of analysis is the residual representation carried at that position; it is read across layers 0 to output. The token is not the unit.,The corpus named the dichotomy; the model processed that naming; the measurement recorded the processing; a human interprets the record.,"The corpus named the dichotomy good / bad; the model processed that naming; the measurement recorded, at layer 20, excluded_t(mediocre) = 0.4166; a human interprets the record.",
person_good_bad,item,scalar_collapse,good / bad,20,excluded_perp_norm,average,1.073527,True,(b) cross-layer pole relation,False,Tokenization fixes the position; the unit of analysis is the residual representation carried at that position; it is read across layers 0 to output. The token is not the unit.,The corpus named the dichotomy; the model processed that naming; the measurement recorded the processing; a human interprets the record.,"The corpus named the dichotomy good / bad; the model processed that naming; the measurement recorded, at layer 20, excluded_perp_norm(average) = 1.0735; a human interprets the record.",
person_good_bad,item,scalar_collapse,good / bad,20,excluded_t,average,0.364834,True,(b) cross-layer pole relation,False,Tokenization fixes the position; the unit of analysis is the residual representation carried at that position; it is read across layers 0 to output. The token is not the unit.,The corpus named the dichotomy; the model processed that naming; the measurement recorded the processing; a human interprets the record.,"The corpus named the dichotomy good / bad; the model processed that naming; the measurement recorded, at layer 20, excluded_t(average) = 0.3648; a human interprets the record.",
person_good_bad,item,scalar_collapse,good / bad,20,excluded_perp_norm,okay,1.033275,True,(b) cross-layer pole relation,False,Tokenization fixes the position; the unit of analysis is the residual representation carried at that position; it is read across layers 0 to output. The token is not the unit.,The corpus named the dichotomy; the model processed that naming; the measurement recorded the processing; a human interprets the record.,"The corpus named the dichotomy good / bad; the model processed that naming; the measurement recorded, at layer 20, excluded_perp_norm(okay) = 1.0333; a human interprets the record.",
person_good_bad,item,scalar_collapse,good / bad,20,excluded_t,okay,0.401126,True,(b) cross-layer pole relation,False,Tokenization fixes the position; the unit of analysis is the residual representation carried at that position; it is read across layers 0 to output. The token is not the unit.,The corpus named the dichotomy; the model processed that naming; the measurement recorded the processing; a human interprets the record.,"The corpus named the dichotomy good / bad; the model processed that naming; the measurement recorded, at layer 20, excluded_t(okay) = 0.4011; a human interprets the record.",
person_good_bad,item,scalar_collapse,good / bad,20,excluded_perp_norm,fine,1.042377,True,(b) cross-layer pole relation,False,Tokenization fixes the position; the unit of analysis is the residual representation carried at that position; it is read across layers 0 to output. The token is not the unit.,The corpus named the dichotomy; the model processed that naming; the measurement recorded the processing; a human interprets the record.,"The corpus named the dichotomy good / bad; the model processed that naming; the measurement recorded, at layer 20, excluded_perp_norm(fine) = 1.0424; a human interprets the record.",
person_good_bad,item,scalar_collapse,good / bad,20,excluded_t,fine,0.399502,True,(b) cross-layer pole relation,False,Tokenization fixes the position; the unit of analysis is the residual representation carried at that position; it is read across layers 0 to output. The token is not the unit.,The corpus named the dichotomy; the model processed that naming; the measurement recorded the processing; a human interprets the record.,"The corpus named the dichotomy good / bad; the model processed that naming; the measurement recorded, at layer 20, excluded_t(fine) = 0.3995; a human interprets the record.",
person_good_bad,item,scalar_collapse,good / bad,20,excluded_perp_norm,decent,0.667875,True,(b) cross-layer pole relation,False,Tokenization fixes the position; the unit of analysis is the residual representation carried at that position; it is read across layers 0 to output. The token is not the unit.,The corpus named the dichotomy; the model processed that naming; the measurement recorded the processing; a human interprets the record.,"The corpus named the dichotomy good / bad; the model processed that naming; the measurement recorded, at layer 20, excluded_perp_norm(decent) = 0.6679; a human interprets the record.",
person_good_bad,item,scalar_collapse,good / bad,20,excluded_t,decent,0.12821,True,(b) cross-layer pole relation,False,Tokenization fixes the position; the unit of analysis is the residual representation carried at that position; it is read across layers 0 to output. The token is not the unit.,The corpus named the dichotomy; the model processed that naming; the measurement recorded the processing; a human interprets the record.,"The corpus named the dichotomy good / bad; the model processed that naming; the measurement recorded, at layer 20, excluded_t(decent) = 0.1282; a human interprets the record.",
person_good_bad,item,scalar_collapse,good / bad,20,excluded_perp_norm,poor,0.979512,True,(b) cross-layer pole relation,False,Tokenization fixes the position; the unit of analysis is the residual representation carried at that position; it is read across layers 0 to output. The token is not the unit.,The corpus named the dichotomy; the model processed that naming; the measurement recorded the processing; a human interprets the record.,"The corpus named the dichotomy good / bad; the model processed that naming; the measurement recorded, at layer 20, excluded_perp_norm(poor) = 0.9795; a human interprets the record.",
person_good_bad,item,scalar_collapse,good / bad,20,excluded_t,poor,0.534441,True,(b) cross-layer pole relation,False,Tokenization fixes the position; the unit of analysis is the residual representation carried at that position; it is read across layers 0 to output. The token is not the unit.,The corpus named the dichotomy; the model processed that naming; the measurement recorded the processing; a human interprets the record.,"The corpus named the dichotomy good / bad; the model processed that naming; the measurement recorded, at layer 20, excluded_t(poor) = 0.5344; a human interprets the record.",
person_good_bad,item,scalar_collapse,good / bad,20,remainder_ratio,excluded_set,0.955492,True,(b) cross-layer pole relation,False,Tokenization fixes the position; the unit of analysis is the residual representation carried at that position; it is read across layers 0 to output. The token is not the unit.,The corpus named the dichotomy; the model processed that naming; the measurement recorded the processing; a human interprets the record.,"The corpus named the dichotomy good / bad; the model processed that naming; the measurement recorded, at layer 20, remainder_ratio(excluded_set) = 0.9555; a human interprets the record.",
person_good_bad,item,scalar_collapse,good / bad,21,cosine_AB_named,good|bad,0.777165,True,(b) cross-layer pole relation,True,Tokenization fixes the position; the unit of analysis is the residual representation carried at that position; it is read across layers 0 to output. The token is not the unit.,The corpus named the dichotomy; the model processed that naming; the measurement recorded the processing; a human interprets the record.,"The corpus named the dichotomy good / bad; the model processed that naming; the measurement recorded, at layer 21, cosine_AB_named(good|bad) = 0.7772 (corroboration only); a human interprets the record.",
person_good_bad,item,scalar_collapse,good / bad,21,cosine_AB_carrier,good|bad,0.768989,True,(b) cross-layer pole relation,True,Tokenization fixes the position; the unit of analysis is the residual representation carried at that position; it is read across layers 0 to output. The token is not the unit.,The corpus named the dichotomy; the model processed that naming; the measurement recorded the processing; a human interprets the record.,"The corpus named the dichotomy good / bad; the model processed that naming; the measurement recorded, at layer 21, cosine_AB_carrier(good|bad) = 0.7690 (corroboration only); a human interprets the record.",
person_good_bad,item,scalar_collapse,good / bad,21,midpoint_t,(none),,False,(a) seated-midpoint,True,Tokenization fixes the position; the unit of analysis is the residual representation carried at that position; it is read across layers 0 to output. The token is not the unit.,The corpus named the dichotomy; the model processed that naming; the measurement recorded the processing; a human interprets the record.,"The corpus named the dichotomy good / bad; the model processed that naming; the measurement recorded, at layer 21, midpoint_t((none)) is undefined here (corroboration only); a human interprets the record. [Moral midpoint is phrasal/multi-token; measurement (a) does not close on a single Y-unit (anticipated finding).]",Moral midpoint is phrasal/multi-token; measurement (a) does not close on a single Y-unit (anticipated finding).
person_good_bad,item,scalar_collapse,good / bad,21,excluded_perp_norm,mediocre,0.887944,True,(b) cross-layer pole relation,False,Tokenization fixes the position; the unit of analysis is the residual representation carried at that position; it is read across layers 0 to output. The token is not the unit.,The corpus named the dichotomy; the model processed that naming; the measurement recorded the processing; a human interprets the record.,"The corpus named the dichotomy good / bad; the model processed that naming; the measurement recorded, at layer 21, excluded_perp_norm(mediocre) = 0.8879; a human interprets the record.",
person_good_bad,item,scalar_collapse,good / bad,21,excluded_t,mediocre,0.347746,True,(b) cross-layer pole relation,False,Tokenization fixes the position; the unit of analysis is the residual representation carried at that position; it is read across layers 0 to output. The token is not the unit.,The corpus named the dichotomy; the model processed that naming; the measurement recorded the processing; a human interprets the record.,"The corpus named the dichotomy good / bad; the model processed that naming; the measurement recorded, at layer 21, excluded_t(mediocre) = 0.3477; a human interprets the record.",
person_good_bad,item,scalar_collapse,good / bad,21,excluded_perp_norm,average,0.999968,True,(b) cross-layer pole relation,False,Tokenization fixes the position; the unit of analysis is the residual representation carried at that position; it is read across layers 0 to output. The token is not the unit.,The corpus named the dichotomy; the model processed that naming; the measurement recorded the processing; a human interprets the record.,"The corpus named the dichotomy good / bad; the model processed that naming; the measurement recorded, at layer 21, excluded_perp_norm(average) = 1.0000; a human interprets the record.",
person_good_bad,item,scalar_collapse,good / bad,21,excluded_t,average,0.321814,True,(b) cross-layer pole relation,False,Tokenization fixes the position; the unit of analysis is the residual representation carried at that position; it is read across layers 0 to output. The token is not the unit.,The corpus named the dichotomy; the model processed that naming; the measurement recorded the processing; a human interprets the record.,"The corpus named the dichotomy good / bad; the model processed that naming; the measurement recorded, at layer 21, excluded_t(average) = 0.3218; a human interprets the record.",
person_good_bad,item,scalar_collapse,good / bad,21,excluded_perp_norm,okay,0.967058,True,(b) cross-layer pole relation,False,Tokenization fixes the position; the unit of analysis is the residual representation carried at that position; it is read across layers 0 to output. The token is not the unit.,The corpus named the dichotomy; the model processed that naming; the measurement recorded the processing; a human interprets the record.,"The corpus named the dichotomy good / bad; the model processed that naming; the measurement recorded, at layer 21, excluded_perp_norm(okay) = 0.9671; a human interprets the record.",
person_good_bad,item,scalar_collapse,good / bad,21,excluded_t,okay,0.351132,True,(b) cross-layer pole relation,False,Tokenization fixes the position; the unit of analysis is the residual representation carried at that position; it is read across layers 0 to output. The token is not the unit.,The corpus named the dichotomy; the model processed that naming; the measurement recorded the processing; a human interprets the record.,"The corpus named the dichotomy good / bad; the model processed that naming; the measurement recorded, at layer 21, excluded_t(okay) = 0.3511; a human interprets the record.",
person_good_bad,item,scalar_collapse,good / bad,21,excluded_perp_norm,fine,0.959774,True,(b) cross-layer pole relation,False,Tokenization fixes the position; the unit of analysis is the residual representation carried at that position; it is read across layers 0 to output. The token is not the unit.,The corpus named the dichotomy; the model processed that naming; the measurement recorded the processing; a human interprets the record.,"The corpus named the dichotomy good / bad; the model processed that naming; the measurement recorded, at layer 21, excluded_perp_norm(fine) = 0.9598; a human interprets the record.",
person_good_bad,item,scalar_collapse,good / bad,21,excluded_t,fine,0.345467,True,(b) cross-layer pole relation,False,Tokenization fixes the position; the unit of analysis is the residual representation carried at that position; it is read across layers 0 to output. The token is not the unit.,The corpus named the dichotomy; the model processed that naming; the measurement recorded the processing; a human interprets the record.,"The corpus named the dichotomy good / bad; the model processed that naming; the measurement recorded, at layer 21, excluded_t(fine) = 0.3455; a human interprets the record.",
person_good_bad,item,scalar_collapse,good / bad,21,excluded_perp_norm,decent,0.635518,True,(b) cross-layer pole relation,False,Tokenization fixes the position; the unit of analysis is the residual representation carried at that position; it is read across layers 0 to output. The token is not the unit.,The corpus named the dichotomy; the model processed that naming; the measurement recorded the processing; a human interprets the record.,"The corpus named the dichotomy good / bad; the model processed that naming; the measurement recorded, at layer 21, excluded_perp_norm(decent) = 0.6355; a human interprets the record.",
person_good_bad,item,scalar_collapse,good / bad,21,excluded_t,decent,0.114564,True,(b) cross-layer pole relation,False,Tokenization fixes the position; the unit of analysis is the residual representation carried at that position; it is read across layers 0 to output. The token is not the unit.,The corpus named the dichotomy; the model processed that naming; the measurement recorded the processing; a human interprets the record.,"The corpus named the dichotomy good / bad; the model processed that naming; the measurement recorded, at layer 21, excluded_t(decent) = 0.1146; a human interprets the record.",
person_good_bad,item,scalar_collapse,good / bad,21,excluded_perp_norm,poor,0.895097,True,(b) cross-layer pole relation,False,Tokenization fixes the position; the unit of analysis is the residual representation carried at that position; it is read across layers 0 to output. The token is not the unit.,The corpus named the dichotomy; the model processed that naming; the measurement recorded the processing; a human interprets the record.,"The corpus named the dichotomy good / bad; the model processed that naming; the measurement recorded, at layer 21, excluded_perp_norm(poor) = 0.8951; a human interprets the record.",
person_good_bad,item,scalar_collapse,good / bad,21,excluded_t,poor,0.450421,True,(b) cross-layer pole relation,False,Tokenization fixes the position; the unit of analysis is the residual representation carried at that position; it is read across layers 0 to output. The token is not the unit.,The corpus named the dichotomy; the model processed that naming; the measurement recorded the processing; a human interprets the record.,"The corpus named the dichotomy good / bad; the model processed that naming; the measurement recorded, at layer 21, excluded_t(poor) = 0.4504; a human interprets the record.",
person_good_bad,item,scalar_collapse,good / bad,21,remainder_ratio,excluded_set,0.890893,True,(b) cross-layer pole relation,False,Tokenization fixes the position; the unit of analysis is the residual representation carried at that position; it is read across layers 0 to output. The token is not the unit.,The corpus named the dichotomy; the model processed that naming; the measurement recorded the processing; a human interprets the record.,"The corpus named the dichotomy good / bad; the model processed that naming; the measurement recorded, at layer 21, remainder_ratio(excluded_set) = 0.8909; a human interprets the record.",
person_good_bad,item,scalar_collapse,good / bad,22,cosine_AB_named,good|bad,0.797097,True,(b) cross-layer pole relation,True,Tokenization fixes the position; the unit of analysis is the residual representation carried at that position; it is read across layers 0 to output. The token is not the unit.,The corpus named the dichotomy; the model processed that naming; the measurement recorded the processing; a human interprets the record.,"The corpus named the dichotomy good / bad; the model processed that naming; the measurement recorded, at layer 22, cosine_AB_named(good|bad) = 0.7971 (corroboration only); a human interprets the record.",
person_good_bad,item,scalar_collapse,good / bad,22,cosine_AB_carrier,good|bad,0.77049,True,(b) cross-layer pole relation,True,Tokenization fixes the position; the unit of analysis is the residual representation carried at that position; it is read across layers 0 to output. The token is not the unit.,The corpus named the dichotomy; the model processed that naming; the measurement recorded the processing; a human interprets the record.,"The corpus named the dichotomy good / bad; the model processed that naming; the measurement recorded, at layer 22, cosine_AB_carrier(good|bad) = 0.7705 (corroboration only); a human interprets the record.",
person_good_bad,item,scalar_collapse,good / bad,22,midpoint_t,(none),,False,(a) seated-midpoint,True,Tokenization fixes the position; the unit of analysis is the residual representation carried at that position; it is read across layers 0 to output. The token is not the unit.,The corpus named the dichotomy; the model processed that naming; the measurement recorded the processing; a human interprets the record.,"The corpus named the dichotomy good / bad; the model processed that naming; the measurement recorded, at layer 22, midpoint_t((none)) is undefined here (corroboration only); a human interprets the record. [Moral midpoint is phrasal/multi-token; measurement (a) does not close on a single Y-unit (anticipated finding).]",Moral midpoint is phrasal/multi-token; measurement (a) does not close on a single Y-unit (anticipated finding).
person_good_bad,item,scalar_collapse,good / bad,22,excluded_perp_norm,mediocre,0.81313,True,(b) cross-layer pole relation,False,Tokenization fixes the position; the unit of analysis is the residual representation carried at that position; it is read across layers 0 to output. The token is not the unit.,The corpus named the dichotomy; the model processed that naming; the measurement recorded the processing; a human interprets the record.,"The corpus named the dichotomy good / bad; the model processed that naming; the measurement recorded, at layer 22, excluded_perp_norm(mediocre) = 0.8131; a human interprets the record.",
person_good_bad,item,scalar_collapse,good / bad,22,excluded_t,mediocre,0.305632,True,(b) cross-layer pole relation,False,Tokenization fixes the position; the unit of analysis is the residual representation carried at that position; it is read across layers 0 to output. The token is not the unit.,The corpus named the dichotomy; the model processed that naming; the measurement recorded the processing; a human interprets the record.,"The corpus named the dichotomy good / bad; the model processed that naming; the measurement recorded, at layer 22, excluded_t(mediocre) = 0.3056; a human interprets the record.",
person_good_bad,item,scalar_collapse,good / bad,22,excluded_perp_norm,average,0.939157,True,(b) cross-layer pole relation,False,Tokenization fixes the position; the unit of analysis is the residual representation carried at that position; it is read across layers 0 to output. The token is not the unit.,The corpus named the dichotomy; the model processed that naming; the measurement recorded the processing; a human interprets the record.,"The corpus named the dichotomy good / bad; the model processed that naming; the measurement recorded, at layer 22, excluded_perp_norm(average) = 0.9392; a human interprets the record.",
person_good_bad,item,scalar_collapse,good / bad,22,excluded_t,average,0.285749,True,(b) cross-layer pole relation,False,Tokenization fixes the position; the unit of analysis is the residual representation carried at that position; it is read across layers 0 to output. The token is not the unit.,The corpus named the dichotomy; the model processed that naming; the measurement recorded the processing; a human interprets the record.,"The corpus named the dichotomy good / bad; the model processed that naming; the measurement recorded, at layer 22, excluded_t(average) = 0.2857; a human interprets the record.",
person_good_bad,item,scalar_collapse,good / bad,22,excluded_perp_norm,okay,0.917671,True,(b) cross-layer pole relation,False,Tokenization fixes the position; the unit of analysis is the residual representation carried at that position; it is read across layers 0 to output. The token is not the unit.,The corpus named the dichotomy; the model processed that naming; the measurement recorded the processing; a human interprets the record.,"The corpus named the dichotomy good / bad; the model processed that naming; the measurement recorded, at layer 22, excluded_perp_norm(okay) = 0.9177; a human interprets the record.",
person_good_bad,item,scalar_collapse,good / bad,22,excluded_t,okay,0.303849,True,(b) cross-layer pole relation,False,Tokenization fixes the position; the unit of analysis is the residual representation carried at that position; it is read across layers 0 to output. The token is not the unit.,The corpus named the dichotomy; the model processed that naming; the measurement recorded the processing; a human interprets the record.,"The corpus named the dichotomy good / bad; the model processed that naming; the measurement recorded, at layer 22, excluded_t(okay) = 0.3038; a human interprets the record.",
person_good_bad,item,scalar_collapse,good / bad,22,excluded_perp_norm,fine,0.902426,True,(b) cross-layer pole relation,False,Tokenization fixes the position; the unit of analysis is the residual representation carried at that position; it is read across layers 0 to output. The token is not the unit.,The corpus named the dichotomy; the model processed that naming; the measurement recorded the processing; a human interprets the record.,"The corpus named the dichotomy good / bad; the model processed that naming; the measurement recorded, at layer 22, excluded_perp_norm(fine) = 0.9024; a human interprets the record.",
person_good_bad,item,scalar_collapse,good / bad,22,excluded_t,fine,0.303497,True,(b) cross-layer pole relation,False,Tokenization fixes the position; the unit of analysis is the residual representation carried at that position; it is read across layers 0 to output. The token is not the unit.,The corpus named the dichotomy; the model processed that naming; the measurement recorded the processing; a human interprets the record.,"The corpus named the dichotomy good / bad; the model processed that naming; the measurement recorded, at layer 22, excluded_t(fine) = 0.3035; a human interprets the record.",
person_good_bad,item,scalar_collapse,good / bad,22,excluded_perp_norm,decent,0.591812,True,(b) cross-layer pole relation,False,Tokenization fixes the position; the unit of analysis is the residual representation carried at that position; it is read across layers 0 to output. The token is not the unit.,The corpus named the dichotomy; the model processed that naming; the measurement recorded the processing; a human interprets the record.,"The corpus named the dichotomy good / bad; the model processed that naming; the measurement recorded, at layer 22, excluded_perp_norm(decent) = 0.5918; a human interprets the record.",
person_good_bad,item,scalar_collapse,good / bad,22,excluded_t,decent,0.103876,True,(b) cross-layer pole relation,False,Tokenization fixes the position; the unit of analysis is the residual representation carried at that position; it is read across layers 0 to output. The token is not the unit.,The corpus named the dichotomy; the model processed that naming; the measurement recorded the processing; a human interprets the record.,"The corpus named the dichotomy good / bad; the model processed that naming; the measurement recorded, at layer 22, excluded_t(decent) = 0.1039; a human interprets the record.",
person_good_bad,item,scalar_collapse,good / bad,22,excluded_perp_norm,poor,0.820571,True,(b) cross-layer pole relation,False,Tokenization fixes the position; the unit of analysis is the residual representation carried at that position; it is read across layers 0 to output. The token is not the unit.,The corpus named the dichotomy; the model processed that naming; the measurement recorded the processing; a human interprets the record.,"The corpus named the dichotomy good / bad; the model processed that naming; the measurement recorded, at layer 22, excluded_perp_norm(poor) = 0.8206; a human interprets the record.",
person_good_bad,item,scalar_collapse,good / bad,22,excluded_t,poor,0.412713,True,(b) cross-layer pole relation,False,Tokenization fixes the position; the unit of analysis is the residual representation carried at that position; it is read across layers 0 to output. The token is not the unit.,The corpus named the dichotomy; the model processed that naming; the measurement recorded the processing; a human interprets the record.,"The corpus named the dichotomy good / bad; the model processed that naming; the measurement recorded, at layer 22, excluded_t(poor) = 0.4127; a human interprets the record.",
person_good_bad,item,scalar_collapse,good / bad,22,remainder_ratio,excluded_set,0.830795,True,(b) cross-layer pole relation,False,Tokenization fixes the position; the unit of analysis is the residual representation carried at that position; it is read across layers 0 to output. The token is not the unit.,The corpus named the dichotomy; the model processed that naming; the measurement recorded the processing; a human interprets the record.,"The corpus named the dichotomy good / bad; the model processed that naming; the measurement recorded, at layer 22, remainder_ratio(excluded_set) = 0.8308; a human interprets the record.",
person_good_bad,item,scalar_collapse,good / bad,23,cosine_AB_named,good|bad,0.780416,True,(b) cross-layer pole relation,True,Tokenization fixes the position; the unit of analysis is the residual representation carried at that position; it is read across layers 0 to output. The token is not the unit.,The corpus named the dichotomy; the model processed that naming; the measurement recorded the processing; a human interprets the record.,"The corpus named the dichotomy good / bad; the model processed that naming; the measurement recorded, at layer 23, cosine_AB_named(good|bad) = 0.7804 (corroboration only); a human interprets the record.",
person_good_bad,item,scalar_collapse,good / bad,23,cosine_AB_carrier,good|bad,0.773648,True,(b) cross-layer pole relation,True,Tokenization fixes the position; the unit of analysis is the residual representation carried at that position; it is read across layers 0 to output. The token is not the unit.,The corpus named the dichotomy; the model processed that naming; the measurement recorded the processing; a human interprets the record.,"The corpus named the dichotomy good / bad; the model processed that naming; the measurement recorded, at layer 23, cosine_AB_carrier(good|bad) = 0.7736 (corroboration only); a human interprets the record.",
person_good_bad,item,scalar_collapse,good / bad,23,midpoint_t,(none),,False,(a) seated-midpoint,True,Tokenization fixes the position; the unit of analysis is the residual representation carried at that position; it is read across layers 0 to output. The token is not the unit.,The corpus named the dichotomy; the model processed that naming; the measurement recorded the processing; a human interprets the record.,"The corpus named the dichotomy good / bad; the model processed that naming; the measurement recorded, at layer 23, midpoint_t((none)) is undefined here (corroboration only); a human interprets the record. [Moral midpoint is phrasal/multi-token; measurement (a) does not close on a single Y-unit (anticipated finding).]",Moral midpoint is phrasal/multi-token; measurement (a) does not close on a single Y-unit (anticipated finding).
person_good_bad,item,scalar_collapse,good / bad,23,excluded_perp_norm,mediocre,0.820944,True,(b) cross-layer pole relation,False,Tokenization fixes the position; the unit of analysis is the residual representation carried at that position; it is read across layers 0 to output. The token is not the unit.,The corpus named the dichotomy; the model processed that naming; the measurement recorded the processing; a human interprets the record.,"The corpus named the dichotomy good / bad; the model processed that naming; the measurement recorded, at layer 23, excluded_perp_norm(mediocre) = 0.8209; a human interprets the record.",
person_good_bad,item,scalar_collapse,good / bad,23,excluded_t,mediocre,0.28978,True,(b) cross-layer pole relation,False,Tokenization fixes the position; the unit of analysis is the residual representation carried at that position; it is read across layers 0 to output. The token is not the unit.,The corpus named the dichotomy; the model processed that naming; the measurement recorded the processing; a human interprets the record.,"The corpus named the dichotomy good / bad; the model processed that naming; the measurement recorded, at layer 23, excluded_t(mediocre) = 0.2898; a human interprets the record.",
person_good_bad,item,scalar_collapse,good / bad,23,excluded_perp_norm,average,0.949311,True,(b) cross-layer pole relation,False,Tokenization fixes the position; the unit of analysis is the residual representation carried at that position; it is read across layers 0 to output. The token is not the unit.,The corpus named the dichotomy; the model processed that naming; the measurement recorded the processing; a human interprets the record.,"The corpus named the dichotomy good / bad; the model processed that naming; the measurement recorded, at layer 23, excluded_perp_norm(average) = 0.9493; a human interprets the record.",
person_good_bad,item,scalar_collapse,good / bad,23,excluded_t,average,0.275793,True,(b) cross-layer pole relation,False,Tokenization fixes the position; the unit of analysis is the residual representation carried at that position; it is read across layers 0 to output. The token is not the unit.,The corpus named the dichotomy; the model processed that naming; the measurement recorded the processing; a human interprets the record.,"The corpus named the dichotomy good / bad; the model processed that naming; the measurement recorded, at layer 23, excluded_t(average) = 0.2758; a human interprets the record.",
person_good_bad,item,scalar_collapse,good / bad,23,excluded_perp_norm,okay,0.929339,True,(b) cross-layer pole relation,False,Tokenization fixes the position; the unit of analysis is the residual representation carried at that position; it is read across layers 0 to output. The token is not the unit.,The corpus named the dichotomy; the model processed that naming; the measurement recorded the processing; a human interprets the record.,"The corpus named the dichotomy good / bad; the model processed that naming; the measurement recorded, at layer 23, excluded_perp_norm(okay) = 0.9293; a human interprets the record.",
person_good_bad,item,scalar_collapse,good / bad,23,excluded_t,okay,0.283854,True,(b) cross-layer pole relation,False,Tokenization fixes the position; the unit of analysis is the residual representation carried at that position; it is read across layers 0 to output. The token is not the unit.,The corpus named the dichotomy; the model processed that naming; the measurement recorded the processing; a human interprets the record.,"The corpus named the dichotomy good / bad; the model processed that naming; the measurement recorded, at layer 23, excluded_t(okay) = 0.2839; a human interprets the record.",
person_good_bad,item,scalar_collapse,good / bad,23,excluded_perp_norm,fine,0.902229,True,(b) cross-layer pole relation,False,Tokenization fixes the position; the unit of analysis is the residual representation carried at that position; it is read across layers 0 to output. The token is not the unit.,The corpus named the dichotomy; the model processed that naming; the measurement recorded the processing; a human interprets the record.,"The corpus named the dichotomy good / bad; the model processed that naming; the measurement recorded, at layer 23, excluded_perp_norm(fine) = 0.9022; a human interprets the record.",
person_good_bad,item,scalar_collapse,good / bad,23,excluded_t,fine,0.295797,True,(b) cross-layer pole relation,False,Tokenization fixes the position; the unit of analysis is the residual representation carried at that position; it is read across layers 0 to output. The token is not the unit.,The corpus named the dichotomy; the model processed that naming; the measurement recorded the processing; a human interprets the record.,"The corpus named the dichotomy good / bad; the model processed that naming; the measurement recorded, at layer 23, excluded_t(fine) = 0.2958; a human interprets the record.",
person_good_bad,item,scalar_collapse,good / bad,23,excluded_perp_norm,decent,0.5746,True,(b) cross-layer pole relation,False,Tokenization fixes the position; the unit of analysis is the residual representation carried at that position; it is read across layers 0 to output. The token is not the unit.,The corpus named the dichotomy; the model processed that naming; the measurement recorded the processing; a human interprets the record.,"The corpus named the dichotomy good / bad; the model processed that naming; the measurement recorded, at layer 23, excluded_perp_norm(decent) = 0.5746; a human interprets the record.",
person_good_bad,item,scalar_collapse,good / bad,23,excluded_t,decent,0.113325,True,(b) cross-layer pole relation,False,Tokenization fixes the position; the unit of analysis is the residual representation carried at that position; it is read across layers 0 to output. The token is not the unit.,The corpus named the dichotomy; the model processed that naming; the measurement recorded the processing; a human interprets the record.,"The corpus named the dichotomy good / bad; the model processed that naming; the measurement recorded, at layer 23, excluded_t(decent) = 0.1133; a human interprets the record.",
person_good_bad,item,scalar_collapse,good / bad,23,excluded_perp_norm,poor,0.826761,True,(b) cross-layer pole relation,False,Tokenization fixes the position; the unit of analysis is the residual representation carried at that position; it is read across layers 0 to output. The token is not the unit.,The corpus named the dichotomy; the model processed that naming; the measurement recorded the processing; a human interprets the record.,"The corpus named the dichotomy good / bad; the model processed that naming; the measurement recorded, at layer 23, excluded_perp_norm(poor) = 0.8268; a human interprets the record.",
person_good_bad,item,scalar_collapse,good / bad,23,excluded_t,poor,0.392495,True,(b) cross-layer pole relation,False,Tokenization fixes the position; the unit of analysis is the residual representation carried at that position; it is read across layers 0 to output. The token is not the unit.,The corpus named the dichotomy; the model processed that naming; the measurement recorded the processing; a human interprets the record.,"The corpus named the dichotomy good / bad; the model processed that naming; the measurement recorded, at layer 23, excluded_t(poor) = 0.3925; a human interprets the record.",
person_good_bad,item,scalar_collapse,good / bad,23,remainder_ratio,excluded_set,0.833864,True,(b) cross-layer pole relation,False,Tokenization fixes the position; the unit of analysis is the residual representation carried at that position; it is read across layers 0 to output. The token is not the unit.,The corpus named the dichotomy; the model processed that naming; the measurement recorded the processing; a human interprets the record.,"The corpus named the dichotomy good / bad; the model processed that naming; the measurement recorded, at layer 23, remainder_ratio(excluded_set) = 0.8339; a human interprets the record.",
person_good_bad,item,scalar_collapse,good / bad,24,cosine_AB_named,good|bad,0.790985,True,(b) cross-layer pole relation,True,Tokenization fixes the position; the unit of analysis is the residual representation carried at that position; it is read across layers 0 to output. The token is not the unit.,The corpus named the dichotomy; the model processed that naming; the measurement recorded the processing; a human interprets the record.,"The corpus named the dichotomy good / bad; the model processed that naming; the measurement recorded, at layer 24, cosine_AB_named(good|bad) = 0.7910 (corroboration only); a human interprets the record.",
person_good_bad,item,scalar_collapse,good / bad,24,cosine_AB_carrier,good|bad,0.779034,True,(b) cross-layer pole relation,True,Tokenization fixes the position; the unit of analysis is the residual representation carried at that position; it is read across layers 0 to output. The token is not the unit.,The corpus named the dichotomy; the model processed that naming; the measurement recorded the processing; a human interprets the record.,"The corpus named the dichotomy good / bad; the model processed that naming; the measurement recorded, at layer 24, cosine_AB_carrier(good|bad) = 0.7790 (corroboration only); a human interprets the record.",
person_good_bad,item,scalar_collapse,good / bad,24,midpoint_t,(none),,False,(a) seated-midpoint,True,Tokenization fixes the position; the unit of analysis is the residual representation carried at that position; it is read across layers 0 to output. The token is not the unit.,The corpus named the dichotomy; the model processed that naming; the measurement recorded the processing; a human interprets the record.,"The corpus named the dichotomy good / bad; the model processed that naming; the measurement recorded, at layer 24, midpoint_t((none)) is undefined here (corroboration only); a human interprets the record. [Moral midpoint is phrasal/multi-token; measurement (a) does not close on a single Y-unit (anticipated finding).]",Moral midpoint is phrasal/multi-token; measurement (a) does not close on a single Y-unit (anticipated finding).
person_good_bad,item,scalar_collapse,good / bad,24,excluded_perp_norm,mediocre,0.799193,True,(b) cross-layer pole relation,False,Tokenization fixes the position; the unit of analysis is the residual representation carried at that position; it is read across layers 0 to output. The token is not the unit.,The corpus named the dichotomy; the model processed that naming; the measurement recorded the processing; a human interprets the record.,"The corpus named the dichotomy good / bad; the model processed that naming; the measurement recorded, at layer 24, excluded_perp_norm(mediocre) = 0.7992; a human interprets the record.",
person_good_bad,item,scalar_collapse,good / bad,24,excluded_t,mediocre,0.252296,True,(b) cross-layer pole relation,False,Tokenization fixes the position; the unit of analysis is the residual representation carried at that position; it is read across layers 0 to output. The token is not the unit.,The corpus named the dichotomy; the model processed that naming; the measurement recorded the processing; a human interprets the record.,"The corpus named the dichotomy good / bad; the model processed that naming; the measurement recorded, at layer 24, excluded_t(mediocre) = 0.2523; a human interprets the record.",
person_good_bad,item,scalar_collapse,good / bad,24,excluded_perp_norm,average,0.933008,True,(b) cross-layer pole relation,False,Tokenization fixes the position; the unit of analysis is the residual representation carried at that position; it is read across layers 0 to output. The token is not the unit.,The corpus named the dichotomy; the model processed that naming; the measurement recorded the processing; a human interprets the record.,"The corpus named the dichotomy good / bad; the model processed that naming; the measurement recorded, at layer 24, excluded_perp_norm(average) = 0.9330; a human interprets the record.",
person_good_bad,item,scalar_collapse,good / bad,24,excluded_t,average,0.256817,True,(b) cross-layer pole relation,False,Tokenization fixes the position; the unit of analysis is the residual representation carried at that position; it is read across layers 0 to output. The token is not the unit.,The corpus named the dichotomy; the model processed that naming; the measurement recorded the processing; a human interprets the record.,"The corpus named the dichotomy good / bad; the model processed that naming; the measurement recorded, at layer 24, excluded_t(average) = 0.2568; a human interprets the record.",
person_good_bad,item,scalar_collapse,good / bad,24,excluded_perp_norm,okay,0.914039,True,(b) cross-layer pole relation,False,Tokenization fixes the position; the unit of analysis is the residual representation carried at that position; it is read across layers 0 to output. The token is not the unit.,The corpus named the dichotomy; the model processed that naming; the measurement recorded the processing; a human interprets the record.,"The corpus named the dichotomy good / bad; the model processed that naming; the measurement recorded, at layer 24, excluded_perp_norm(okay) = 0.9140; a human interprets the record.",
person_good_bad,item,scalar_collapse,good / bad,24,excluded_t,okay,0.24862,True,(b) cross-layer pole relation,False,Tokenization fixes the position; the unit of analysis is the residual representation carried at that position; it is read across layers 0 to output. The token is not the unit.,The corpus named the dichotomy; the model processed that naming; the measurement recorded the processing; a human interprets the record.,"The corpus named the dichotomy good / bad; the model processed that naming; the measurement recorded, at layer 24, excluded_t(okay) = 0.2486; a human interprets the record.",
person_good_bad,item,scalar_collapse,good / bad,24,excluded_perp_norm,fine,0.880585,True,(b) cross-layer pole relation,False,Tokenization fixes the position; the unit of analysis is the residual representation carried at that position; it is read across layers 0 to output. The token is not the unit.,The corpus named the dichotomy; the model processed that naming; the measurement recorded the processing; a human interprets the record.,"The corpus named the dichotomy good / bad; the model processed that naming; the measurement recorded, at layer 24, excluded_perp_norm(fine) = 0.8806; a human interprets the record.",
person_good_bad,item,scalar_collapse,good / bad,24,excluded_t,fine,0.263639,True,(b) cross-layer pole relation,False,Tokenization fixes the position; the unit of analysis is the residual representation carried at that position; it is read across layers 0 to output. The token is not the unit.,The corpus named the dichotomy; the model processed that naming; the measurement recorded the processing; a human interprets the record.,"The corpus named the dichotomy good / bad; the model processed that naming; the measurement recorded, at layer 24, excluded_t(fine) = 0.2636; a human interprets the record.",
person_good_bad,item,scalar_collapse,good / bad,24,excluded_perp_norm,decent,0.555586,True,(b) cross-layer pole relation,False,Tokenization fixes the position; the unit of analysis is the residual representation carried at that position; it is read across layers 0 to output. The token is not the unit.,The corpus named the dichotomy; the model processed that naming; the measurement recorded the processing; a human interprets the record.,"The corpus named the dichotomy good / bad; the model processed that naming; the measurement recorded, at layer 24, excluded_perp_norm(decent) = 0.5556; a human interprets the record.",
person_good_bad,item,scalar_collapse,good / bad,24,excluded_t,decent,0.109196,True,(b) cross-layer pole relation,False,Tokenization fixes the position; the unit of analysis is the residual representation carried at that position; it is read across layers 0 to output. The token is not the unit.,The corpus named the dichotomy; the model processed that naming; the measurement recorded the processing; a human interprets the record.,"The corpus named the dichotomy good / bad; the model processed that naming; the measurement recorded, at layer 24, excluded_t(decent) = 0.1092; a human interprets the record.",
person_good_bad,item,scalar_collapse,good / bad,24,excluded_perp_norm,poor,0.807027,True,(b) cross-layer pole relation,False,Tokenization fixes the position; the unit of analysis is the residual representation carried at that position; it is read across layers 0 to output. The token is not the unit.,The corpus named the dichotomy; the model processed that naming; the measurement recorded the processing; a human interprets the record.,"The corpus named the dichotomy good / bad; the model processed that naming; the measurement recorded, at layer 24, excluded_perp_norm(poor) = 0.8070; a human interprets the record.",
person_good_bad,item,scalar_collapse,good / bad,24,excluded_t,poor,0.351209,True,(b) cross-layer pole relation,False,Tokenization fixes the position; the unit of analysis is the residual representation carried at that position; it is read across layers 0 to output. The token is not the unit.,The corpus named the dichotomy; the model processed that naming; the measurement recorded the processing; a human interprets the record.,"The corpus named the dichotomy good / bad; the model processed that naming; the measurement recorded, at layer 24, excluded_t(poor) = 0.3512; a human interprets the record.",
person_good_bad,item,scalar_collapse,good / bad,24,remainder_ratio,excluded_set,0.814906,True,(b) cross-layer pole relation,False,Tokenization fixes the position; the unit of analysis is the residual representation carried at that position; it is read across layers 0 to output. The token is not the unit.,The corpus named the dichotomy; the model processed that naming; the measurement recorded the processing; a human interprets the record.,"The corpus named the dichotomy good / bad; the model processed that naming; the measurement recorded, at layer 24, remainder_ratio(excluded_set) = 0.8149; a human interprets the record.",
person_good_bad,item,scalar_collapse,good / bad,25,cosine_AB_named,good|bad,0.793,True,(b) cross-layer pole relation,True,Tokenization fixes the position; the unit of analysis is the residual representation carried at that position; it is read across layers 0 to output. The token is not the unit.,The corpus named the dichotomy; the model processed that naming; the measurement recorded the processing; a human interprets the record.,"The corpus named the dichotomy good / bad; the model processed that naming; the measurement recorded, at layer 25, cosine_AB_named(good|bad) = 0.7930 (corroboration only); a human interprets the record.",
person_good_bad,item,scalar_collapse,good / bad,25,cosine_AB_carrier,good|bad,0.775983,True,(b) cross-layer pole relation,True,Tokenization fixes the position; the unit of analysis is the residual representation carried at that position; it is read across layers 0 to output. The token is not the unit.,The corpus named the dichotomy; the model processed that naming; the measurement recorded the processing; a human interprets the record.,"The corpus named the dichotomy good / bad; the model processed that naming; the measurement recorded, at layer 25, cosine_AB_carrier(good|bad) = 0.7760 (corroboration only); a human interprets the record.",
person_good_bad,item,scalar_collapse,good / bad,25,midpoint_t,(none),,False,(a) seated-midpoint,True,Tokenization fixes the position; the unit of analysis is the residual representation carried at that position; it is read across layers 0 to output. The token is not the unit.,The corpus named the dichotomy; the model processed that naming; the measurement recorded the processing; a human interprets the record.,"The corpus named the dichotomy good / bad; the model processed that naming; the measurement recorded, at layer 25, midpoint_t((none)) is undefined here (corroboration only); a human interprets the record. [Moral midpoint is phrasal/multi-token; measurement (a) does not close on a single Y-unit (anticipated finding).]",Moral midpoint is phrasal/multi-token; measurement (a) does not close on a single Y-unit (anticipated finding).
person_good_bad,item,scalar_collapse,good / bad,25,excluded_perp_norm,mediocre,0.748046,True,(b) cross-layer pole relation,False,Tokenization fixes the position; the unit of analysis is the residual representation carried at that position; it is read across layers 0 to output. The token is not the unit.,The corpus named the dichotomy; the model processed that naming; the measurement recorded the processing; a human interprets the record.,"The corpus named the dichotomy good / bad; the model processed that naming; the measurement recorded, at layer 25, excluded_perp_norm(mediocre) = 0.7480; a human interprets the record.",
person_good_bad,item,scalar_collapse,good / bad,25,excluded_t,mediocre,0.203393,True,(b) cross-layer pole relation,False,Tokenization fixes the position; the unit of analysis is the residual representation carried at that position; it is read across layers 0 to output. The token is not the unit.,The corpus named the dichotomy; the model processed that naming; the measurement recorded the processing; a human interprets the record.,"The corpus named the dichotomy good / bad; the model processed that naming; the measurement recorded, at layer 25, excluded_t(mediocre) = 0.2034; a human interprets the record.",
person_good_bad,item,scalar_collapse,good / bad,25,excluded_perp_norm,average,0.898095,True,(b) cross-layer pole relation,False,Tokenization fixes the position; the unit of analysis is the residual representation carried at that position; it is read across layers 0 to output. The token is not the unit.,The corpus named the dichotomy; the model processed that naming; the measurement recorded the processing; a human interprets the record.,"The corpus named the dichotomy good / bad; the model processed that naming; the measurement recorded, at layer 25, excluded_perp_norm(average) = 0.8981; a human interprets the record.",
person_good_bad,item,scalar_collapse,good / bad,25,excluded_t,average,0.208669,True,(b) cross-layer pole relation,False,Tokenization fixes the position; the unit of analysis is the residual representation carried at that position; it is read across layers 0 to output. The token is not the unit.,The corpus named the dichotomy; the model processed that naming; the measurement recorded the processing; a human interprets the record.,"The corpus named the dichotomy good / bad; the model processed that naming; the measurement recorded, at layer 25, excluded_t(average) = 0.2087; a human interprets the record.",
person_good_bad,item,scalar_collapse,good / bad,25,excluded_perp_norm,okay,0.84562,True,(b) cross-layer pole relation,False,Tokenization fixes the position; the unit of analysis is the residual representation carried at that position; it is read across layers 0 to output. The token is not the unit.,The corpus named the dichotomy; the model processed that naming; the measurement recorded the processing; a human interprets the record.,"The corpus named the dichotomy good / bad; the model processed that naming; the measurement recorded, at layer 25, excluded_perp_norm(okay) = 0.8456; a human interprets the record.",
person_good_bad,item,scalar_collapse,good / bad,25,excluded_t,okay,0.240848,True,(b) cross-layer pole relation,False,Tokenization fixes the position; the unit of analysis is the residual representation carried at that position; it is read across layers 0 to output. The token is not the unit.,The corpus named the dichotomy; the model processed that naming; the measurement recorded the processing; a human interprets the record.,"The corpus named the dichotomy good / bad; the model processed that naming; the measurement recorded, at layer 25, excluded_t(okay) = 0.2408; a human interprets the record.",
person_good_bad,item,scalar_collapse,good / bad,25,excluded_perp_norm,fine,0.836782,True,(b) cross-layer pole relation,False,Tokenization fixes the position; the unit of analysis is the residual representation carried at that position; it is read across layers 0 to output. The token is not the unit.,The corpus named the dichotomy; the model processed that naming; the measurement recorded the processing; a human interprets the record.,"The corpus named the dichotomy good / bad; the model processed that naming; the measurement recorded, at layer 25, excluded_perp_norm(fine) = 0.8368; a human interprets the record.",
person_good_bad,item,scalar_collapse,good / bad,25,excluded_t,fine,0.246365,True,(b) cross-layer pole relation,False,Tokenization fixes the position; the unit of analysis is the residual representation carried at that position; it is read across layers 0 to output. The token is not the unit.,The corpus named the dichotomy; the model processed that naming; the measurement recorded the processing; a human interprets the record.,"The corpus named the dichotomy good / bad; the model processed that naming; the measurement recorded, at layer 25, excluded_t(fine) = 0.2464; a human interprets the record.",
person_good_bad,item,scalar_collapse,good / bad,25,excluded_perp_norm,decent,0.512964,True,(b) cross-layer pole relation,False,Tokenization fixes the position; the unit of analysis is the residual representation carried at that position; it is read across layers 0 to output. The token is not the unit.,The corpus named the dichotomy; the model processed that naming; the measurement recorded the processing; a human interprets the record.,"The corpus named the dichotomy good / bad; the model processed that naming; the measurement recorded, at layer 25, excluded_perp_norm(decent) = 0.5130; a human interprets the record.",
person_good_bad,item,scalar_collapse,good / bad,25,excluded_t,decent,0.097251,True,(b) cross-layer pole relation,False,Tokenization fixes the position; the unit of analysis is the residual representation carried at that position; it is read across layers 0 to output. The token is not the unit.,The corpus named the dichotomy; the model processed that naming; the measurement recorded the processing; a human interprets the record.,"The corpus named the dichotomy good / bad; the model processed that naming; the measurement recorded, at layer 25, excluded_t(decent) = 0.0973; a human interprets the record.",
person_good_bad,item,scalar_collapse,good / bad,25,excluded_perp_norm,poor,0.770209,True,(b) cross-layer pole relation,False,Tokenization fixes the position; the unit of analysis is the residual representation carried at that position; it is read across layers 0 to output. The token is not the unit.,The corpus named the dichotomy; the model processed that naming; the measurement recorded the processing; a human interprets the record.,"The corpus named the dichotomy good / bad; the model processed that naming; the measurement recorded, at layer 25, excluded_perp_norm(poor) = 0.7702; a human interprets the record.",
person_good_bad,item,scalar_collapse,good / bad,25,excluded_t,poor,0.309347,True,(b) cross-layer pole relation,False,Tokenization fixes the position; the unit of analysis is the residual representation carried at that position; it is read across layers 0 to output. The token is not the unit.,The corpus named the dichotomy; the model processed that naming; the measurement recorded the processing; a human interprets the record.,"The corpus named the dichotomy good / bad; the model processed that naming; the measurement recorded, at layer 25, excluded_t(poor) = 0.3093; a human interprets the record.",
person_good_bad,item,scalar_collapse,good / bad,25,remainder_ratio,excluded_set,0.768619,True,(b) cross-layer pole relation,False,Tokenization fixes the position; the unit of analysis is the residual representation carried at that position; it is read across layers 0 to output. The token is not the unit.,The corpus named the dichotomy; the model processed that naming; the measurement recorded the processing; a human interprets the record.,"The corpus named the dichotomy good / bad; the model processed that naming; the measurement recorded, at layer 25, remainder_ratio(excluded_set) = 0.7686; a human interprets the record.",
person_good_bad,item,scalar_collapse,good / bad,26,cosine_AB_named,good|bad,0.819938,True,(b) cross-layer pole relation,True,Tokenization fixes the position; the unit of analysis is the residual representation carried at that position; it is read across layers 0 to output. The token is not the unit.,The corpus named the dichotomy; the model processed that naming; the measurement recorded the processing; a human interprets the record.,"The corpus named the dichotomy good / bad; the model processed that naming; the measurement recorded, at layer 26, cosine_AB_named(good|bad) = 0.8199 (corroboration only); a human interprets the record.",
person_good_bad,item,scalar_collapse,good / bad,26,cosine_AB_carrier,good|bad,0.71178,True,(b) cross-layer pole relation,True,Tokenization fixes the position; the unit of analysis is the residual representation carried at that position; it is read across layers 0 to output. The token is not the unit.,The corpus named the dichotomy; the model processed that naming; the measurement recorded the processing; a human interprets the record.,"The corpus named the dichotomy good / bad; the model processed that naming; the measurement recorded, at layer 26, cosine_AB_carrier(good|bad) = 0.7118 (corroboration only); a human interprets the record.",
person_good_bad,item,scalar_collapse,good / bad,26,midpoint_t,(none),,False,(a) seated-midpoint,True,Tokenization fixes the position; the unit of analysis is the residual representation carried at that position; it is read across layers 0 to output. The token is not the unit.,The corpus named the dichotomy; the model processed that naming; the measurement recorded the processing; a human interprets the record.,"The corpus named the dichotomy good / bad; the model processed that naming; the measurement recorded, at layer 26, midpoint_t((none)) is undefined here (corroboration only); a human interprets the record. [Moral midpoint is phrasal/multi-token; measurement (a) does not close on a single Y-unit (anticipated finding).]",Moral midpoint is phrasal/multi-token; measurement (a) does not close on a single Y-unit (anticipated finding).
person_good_bad,item,scalar_collapse,good / bad,26,excluded_perp_norm,mediocre,0.827418,True,(b) cross-layer pole relation,False,Tokenization fixes the position; the unit of analysis is the residual representation carried at that position; it is read across layers 0 to output. The token is not the unit.,The corpus named the dichotomy; the model processed that naming; the measurement recorded the processing; a human interprets the record.,"The corpus named the dichotomy good / bad; the model processed that naming; the measurement recorded, at layer 26, excluded_perp_norm(mediocre) = 0.8274; a human interprets the record.",
person_good_bad,item,scalar_collapse,good / bad,26,excluded_t,mediocre,0.078426,True,(b) cross-layer pole relation,False,Tokenization fixes the position; the unit of analysis is the residual representation carried at that position; it is read across layers 0 to output. The token is not the unit.,The corpus named the dichotomy; the model processed that naming; the measurement recorded the processing; a human interprets the record.,"The corpus named the dichotomy good / bad; the model processed that naming; the measurement recorded, at layer 26, excluded_t(mediocre) = 0.0784; a human interprets the record.",
person_good_bad,item,scalar_collapse,good / bad,26,excluded_perp_norm,average,0.936322,True,(b) cross-layer pole relation,False,Tokenization fixes the position; the unit of analysis is the residual representation carried at that position; it is read across layers 0 to output. The token is not the unit.,The corpus named the dichotomy; the model processed that naming; the measurement recorded the processing; a human interprets the record.,"The corpus named the dichotomy good / bad; the model processed that naming; the measurement recorded, at layer 26, excluded_perp_norm(average) = 0.9363; a human interprets the record.",
person_good_bad,item,scalar_collapse,good / bad,26,excluded_t,average,0.080109,True,(b) cross-layer pole relation,False,Tokenization fixes the position; the unit of analysis is the residual representation carried at that position; it is read across layers 0 to output. The token is not the unit.,The corpus named the dichotomy; the model processed that naming; the measurement recorded the processing; a human interprets the record.,"The corpus named the dichotomy good / bad; the model processed that naming; the measurement recorded, at layer 26, excluded_t(average) = 0.0801; a human interprets the record.",
person_good_bad,item,scalar_collapse,good / bad,26,excluded_perp_norm,okay,0.850231,True,(b) cross-layer pole relation,False,Tokenization fixes the position; the unit of analysis is the residual representation carried at that position; it is read across layers 0 to output. The token is not the unit.,The corpus named the dichotomy; the model processed that naming; the measurement recorded the processing; a human interprets the record.,"The corpus named the dichotomy good / bad; the model processed that naming; the measurement recorded, at layer 26, excluded_perp_norm(okay) = 0.8502; a human interprets the record.",
person_good_bad,item,scalar_collapse,good / bad,26,excluded_t,okay,0.291513,True,(b) cross-layer pole relation,False,Tokenization fixes the position; the unit of analysis is the residual representation carried at that position; it is read across layers 0 to output. The token is not the unit.,The corpus named the dichotomy; the model processed that naming; the measurement recorded the processing; a human interprets the record.,"The corpus named the dichotomy good / bad; the model processed that naming; the measurement recorded, at layer 26, excluded_t(okay) = 0.2915; a human interprets the record.",
person_good_bad,item,scalar_collapse,good / bad,26,excluded_perp_norm,fine,0.90021,True,(b) cross-layer pole relation,False,Tokenization fixes the position; the unit of analysis is the residual representation carried at that position; it is read across layers 0 to output. The token is not the unit.,The corpus named the dichotomy; the model processed that naming; the measurement recorded the processing; a human interprets the record.,"The corpus named the dichotomy good / bad; the model processed that naming; the measurement recorded, at layer 26, excluded_perp_norm(fine) = 0.9002; a human interprets the record.",
person_good_bad,item,scalar_collapse,good / bad,26,excluded_t,fine,0.252762,True,(b) cross-layer pole relation,False,Tokenization fixes the position; the unit of analysis is the residual representation carried at that position; it is read across layers 0 to output. The token is not the unit.,The corpus named the dichotomy; the model processed that naming; the measurement recorded the processing; a human interprets the record.,"The corpus named the dichotomy good / bad; the model processed that naming; the measurement recorded, at layer 26, excluded_t(fine) = 0.2528; a human interprets the record.",
person_good_bad,item,scalar_collapse,good / bad,26,excluded_perp_norm,decent,0.532259,True,(b) cross-layer pole relation,False,Tokenization fixes the position; the unit of analysis is the residual representation carried at that position; it is read across layers 0 to output. The token is not the unit.,The corpus named the dichotomy; the model processed that naming; the measurement recorded the processing; a human interprets the record.,"The corpus named the dichotomy good / bad; the model processed that naming; the measurement recorded, at layer 26, excluded_perp_norm(decent) = 0.5323; a human interprets the record.",
person_good_bad,item,scalar_collapse,good / bad,26,excluded_t,decent,0.067178,True,(b) cross-layer pole relation,False,Tokenization fixes the position; the unit of analysis is the residual representation carried at that position; it is read across layers 0 to output. The token is not the unit.,The corpus named the dichotomy; the model processed that naming; the measurement recorded the processing; a human interprets the record.,"The corpus named the dichotomy good / bad; the model processed that naming; the measurement recorded, at layer 26, excluded_t(decent) = 0.0672; a human interprets the record.",
person_good_bad,item,scalar_collapse,good / bad,26,excluded_perp_norm,poor,0.818728,True,(b) cross-layer pole relation,False,Tokenization fixes the position; the unit of analysis is the residual representation carried at that position; it is read across layers 0 to output. The token is not the unit.,The corpus named the dichotomy; the model processed that naming; the measurement recorded the processing; a human interprets the record.,"The corpus named the dichotomy good / bad; the model processed that naming; the measurement recorded, at layer 26, excluded_perp_norm(poor) = 0.8187; a human interprets the record.",
person_good_bad,item,scalar_collapse,good / bad,26,excluded_t,poor,0.23316,True,(b) cross-layer pole relation,False,Tokenization fixes the position; the unit of analysis is the residual representation carried at that position; it is read across layers 0 to output. The token is not the unit.,The corpus named the dichotomy; the model processed that naming; the measurement recorded the processing; a human interprets the record.,"The corpus named the dichotomy good / bad; the model processed that naming; the measurement recorded, at layer 26, excluded_t(poor) = 0.2332; a human interprets the record.",
person_good_bad,item,scalar_collapse,good / bad,26,remainder_ratio,excluded_set,0.810861,True,(b) cross-layer pole relation,False,Tokenization fixes the position; the unit of analysis is the residual representation carried at that position; it is read across layers 0 to output. The token is not the unit.,The corpus named the dichotomy; the model processed that naming; the measurement recorded the processing; a human interprets the record.,"The corpus named the dichotomy good / bad; the model processed that naming; the measurement recorded, at layer 26, remainder_ratio(excluded_set) = 0.8109; a human interprets the record.",
integer_even_odd,control,true_dichotomy,even / odd,0,cosine_AB_named,even|odd,0.114544,True,(b) cross-layer pole relation,True,Tokenization fixes the position; the unit of analysis is the residual representation carried at that position; it is read across layers 0 to output. The token is not the unit.,The corpus named the dichotomy; the model processed that naming; the measurement recorded the processing; a human interprets the record.,"The corpus named the dichotomy even / odd; the model processed that naming; the measurement recorded, at layer 0, cosine_AB_named(even|odd) = 0.1145 (corroboration only); a human interprets the record.",
integer_even_odd,control,true_dichotomy,even / odd,0,cosine_AB_carrier,even|odd,0.114544,True,(b) cross-layer pole relation,True,Tokenization fixes the position; the unit of analysis is the residual representation carried at that position; it is read across layers 0 to output. The token is not the unit.,The corpus named the dichotomy; the model processed that naming; the measurement recorded the processing; a human interprets the record.,"The corpus named the dichotomy even / odd; the model processed that naming; the measurement recorded, at layer 0, cosine_AB_carrier(even|odd) = 0.1145 (corroboration only); a human interprets the record.",
integer_even_odd,control,true_dichotomy,even / odd,0,midpoint_t,(none),,False,(a) seated-midpoint,True,Tokenization fixes the position; the unit of analysis is the residual representation carried at that position; it is read across layers 0 to output. The token is not the unit.,The corpus named the dichotomy; the model processed that naming; the measurement recorded the processing; a human interprets the record.,"The corpus named the dichotomy even / odd; the model processed that naming; the measurement recorded, at layer 0, midpoint_t((none)) is undefined here (corroboration only); a human interprets the record. [No single-token midpoint exists for this unit by construction.]",No single-token midpoint exists for this unit by construction.
integer_even_odd,control,true_dichotomy,even / odd,0,remainder_ratio,excluded_set,,False,(b) cross-layer pole relation,False,Tokenization fixes the position; the unit of analysis is the residual representation carried at that position; it is read across layers 0 to output. The token is not the unit.,The corpus named the dichotomy; the model processed that naming; the measurement recorded the processing; a human interprets the record.,"The corpus named the dichotomy even / odd; the model processed that naming; the measurement recorded, at layer 0, remainder_ratio(excluded_set) is undefined here; a human interprets the record. [A true two-term opposition has no excluded middle; remainder is near-zero/undefined by construction — the contrast, reported flat.]","A true two-term opposition has no excluded middle; remainder is near-zero/undefined by construction — the contrast, reported flat."
integer_even_odd,control,true_dichotomy,even / odd,1,cosine_AB_named,even|odd,0.340401,True,(b) cross-layer pole relation,True,Tokenization fixes the position; the unit of analysis is the residual representation carried at that position; it is read across layers 0 to output. The token is not the unit.,The corpus named the dichotomy; the model processed that naming; the measurement recorded the processing; a human interprets the record.,"The corpus named the dichotomy even / odd; the model processed that naming; the measurement recorded, at layer 1, cosine_AB_named(even|odd) = 0.3404 (corroboration only); a human interprets the record.",
integer_even_odd,control,true_dichotomy,even / odd,1,cosine_AB_carrier,even|odd,0.316501,True,(b) cross-layer pole relation,True,Tokenization fixes the position; the unit of analysis is the residual representation carried at that position; it is read across layers 0 to output. The token is not the unit.,The corpus named the dichotomy; the model processed that naming; the measurement recorded the processing; a human interprets the record.,"The corpus named the dichotomy even / odd; the model processed that naming; the measurement recorded, at layer 1, cosine_AB_carrier(even|odd) = 0.3165 (corroboration only); a human interprets the record.",
integer_even_odd,control,true_dichotomy,even / odd,1,midpoint_t,(none),,False,(a) seated-midpoint,True,Tokenization fixes the position; the unit of analysis is the residual representation carried at that position; it is read across layers 0 to output. The token is not the unit.,The corpus named the dichotomy; the model processed that naming; the measurement recorded the processing; a human interprets the record.,"The corpus named the dichotomy even / odd; the model processed that naming; the measurement recorded, at layer 1, midpoint_t((none)) is undefined here (corroboration only); a human interprets the record. [No single-token midpoint exists for this unit by construction.]",No single-token midpoint exists for this unit by construction.
integer_even_odd,control,true_dichotomy,even / odd,1,remainder_ratio,excluded_set,,False,(b) cross-layer pole relation,False,Tokenization fixes the position; the unit of analysis is the residual representation carried at that position; it is read across layers 0 to output. The token is not the unit.,The corpus named the dichotomy; the model processed that naming; the measurement recorded the processing; a human interprets the record.,"The corpus named the dichotomy even / odd; the model processed that naming; the measurement recorded, at layer 1, remainder_ratio(excluded_set) is undefined here; a human interprets the record. [A true two-term opposition has no excluded middle; remainder is near-zero/undefined by construction — the contrast, reported flat.]","A true two-term opposition has no excluded middle; remainder is near-zero/undefined by construction — the contrast, reported flat."
integer_even_odd,control,true_dichotomy,even / odd,2,cosine_AB_named,even|odd,0.473358,True,(b) cross-layer pole relation,True,Tokenization fixes the position; the unit of analysis is the residual representation carried at that position; it is read across layers 0 to output. The token is not the unit.,The corpus named the dichotomy; the model processed that naming; the measurement recorded the processing; a human interprets the record.,"The corpus named the dichotomy even / odd; the model processed that naming; the measurement recorded, at layer 2, cosine_AB_named(even|odd) = 0.4734 (corroboration only); a human interprets the record.",
integer_even_odd,control,true_dichotomy,even / odd,2,cosine_AB_carrier,even|odd,0.425238,True,(b) cross-layer pole relation,True,Tokenization fixes the position; the unit of analysis is the residual representation carried at that position; it is read across layers 0 to output. The token is not the unit.,The corpus named the dichotomy; the model processed that naming; the measurement recorded the processing; a human interprets the record.,"The corpus named the dichotomy even / odd; the model processed that naming; the measurement recorded, at layer 2, cosine_AB_carrier(even|odd) = 0.4252 (corroboration only); a human interprets the record.",
integer_even_odd,control,true_dichotomy,even / odd,2,midpoint_t,(none),,False,(a) seated-midpoint,True,Tokenization fixes the position; the unit of analysis is the residual representation carried at that position; it is read across layers 0 to output. The token is not the unit.,The corpus named the dichotomy; the model processed that naming; the measurement recorded the processing; a human interprets the record.,"The corpus named the dichotomy even / odd; the model processed that naming; the measurement recorded, at layer 2, midpoint_t((none)) is undefined here (corroboration only); a human interprets the record. [No single-token midpoint exists for this unit by construction.]",No single-token midpoint exists for this unit by construction.
integer_even_odd,control,true_dichotomy,even / odd,2,remainder_ratio,excluded_set,,False,(b) cross-layer pole relation,False,Tokenization fixes the position; the unit of analysis is the residual representation carried at that position; it is read across layers 0 to output. The token is not the unit.,The corpus named the dichotomy; the model processed that naming; the measurement recorded the processing; a human interprets the record.,"The corpus named the dichotomy even / odd; the model processed that naming; the measurement recorded, at layer 2, remainder_ratio(excluded_set) is undefined here; a human interprets the record. [A true two-term opposition has no excluded middle; remainder is near-zero/undefined by construction — the contrast, reported flat.]","A true two-term opposition has no excluded middle; remainder is near-zero/undefined by construction — the contrast, reported flat."
integer_even_odd,control,true_dichotomy,even / odd,3,cosine_AB_named,even|odd,0.588164,True,(b) cross-layer pole relation,True,Tokenization fixes the position; the unit of analysis is the residual representation carried at that position; it is read across layers 0 to output. The token is not the unit.,The corpus named the dichotomy; the model processed that naming; the measurement recorded the processing; a human interprets the record.,"The corpus named the dichotomy even / odd; the model processed that naming; the measurement recorded, at layer 3, cosine_AB_named(even|odd) = 0.5882 (corroboration only); a human interprets the record.",
integer_even_odd,control,true_dichotomy,even / odd,3,cosine_AB_carrier,even|odd,0.507235,True,(b) cross-layer pole relation,True,Tokenization fixes the position; the unit of analysis is the residual representation carried at that position; it is read across layers 0 to output. The token is not the unit.,The corpus named the dichotomy; the model processed that naming; the measurement recorded the processing; a human interprets the record.,"The corpus named the dichotomy even / odd; the model processed that naming; the measurement recorded, at layer 3, cosine_AB_carrier(even|odd) = 0.5072 (corroboration only); a human interprets the record.",
integer_even_odd,control,true_dichotomy,even / odd,3,midpoint_t,(none),,False,(a) seated-midpoint,True,Tokenization fixes the position; the unit of analysis is the residual representation carried at that position; it is read across layers 0 to output. The token is not the unit.,The corpus named the dichotomy; the model processed that naming; the measurement recorded the processing; a human interprets the record.,"The corpus named the dichotomy even / odd; the model processed that naming; the measurement recorded, at layer 3, midpoint_t((none)) is undefined here (corroboration only); a human interprets the record. [No single-token midpoint exists for this unit by construction.]",No single-token midpoint exists for this unit by construction.
integer_even_odd,control,true_dichotomy,even / odd,3,remainder_ratio,excluded_set,,False,(b) cross-layer pole relation,False,Tokenization fixes the position; the unit of analysis is the residual representation carried at that position; it is read across layers 0 to output. The token is not the unit.,The corpus named the dichotomy; the model processed that naming; the measurement recorded the processing; a human interprets the record.,"The corpus named the dichotomy even / odd; the model processed that naming; the measurement recorded, at layer 3, remainder_ratio(excluded_set) is undefined here; a human interprets the record. [A true two-term opposition has no excluded middle; remainder is near-zero/undefined by construction — the contrast, reported flat.]","A true two-term opposition has no excluded middle; remainder is near-zero/undefined by construction — the contrast, reported flat."
integer_even_odd,control,true_dichotomy,even / odd,4,cosine_AB_named,even|odd,0.635776,True,(b) cross-layer pole relation,True,Tokenization fixes the position; the unit of analysis is the residual representation carried at that position; it is read across layers 0 to output. The token is not the unit.,The corpus named the dichotomy; the model processed that naming; the measurement recorded the processing; a human interprets the record.,"The corpus named the dichotomy even / odd; the model processed that naming; the measurement recorded, at layer 4, cosine_AB_named(even|odd) = 0.6358 (corroboration only); a human interprets the record.",
integer_even_odd,control,true_dichotomy,even / odd,4,cosine_AB_carrier,even|odd,0.610745,True,(b) cross-layer pole relation,True,Tokenization fixes the position; the unit of analysis is the residual representation carried at that position; it is read across layers 0 to output. The token is not the unit.,The corpus named the dichotomy; the model processed that naming; the measurement recorded the processing; a human interprets the record.,"The corpus named the dichotomy even / odd; the model processed that naming; the measurement recorded, at layer 4, cosine_AB_carrier(even|odd) = 0.6107 (corroboration only); a human interprets the record.",
integer_even_odd,control,true_dichotomy,even / odd,4,midpoint_t,(none),,False,(a) seated-midpoint,True,Tokenization fixes the position; the unit of analysis is the residual representation carried at that position; it is read across layers 0 to output. The token is not the unit.,The corpus named the dichotomy; the model processed that naming; the measurement recorded the processing; a human interprets the record.,"The corpus named the dichotomy even / odd; the model processed that naming; the measurement recorded, at layer 4, midpoint_t((none)) is undefined here (corroboration only); a human interprets the record. [No single-token midpoint exists for this unit by construction.]",No single-token midpoint exists for this unit by construction.
integer_even_odd,control,true_dichotomy,even / odd,4,remainder_ratio,excluded_set,,False,(b) cross-layer pole relation,False,Tokenization fixes the position; the unit of analysis is the residual representation carried at that position; it is read across layers 0 to output. The token is not the unit.,The corpus named the dichotomy; the model processed that naming; the measurement recorded the processing; a human interprets the record.,"The corpus named the dichotomy even / odd; the model processed that naming; the measurement recorded, at layer 4, remainder_ratio(excluded_set) is undefined here; a human interprets the record. [A true two-term opposition has no excluded middle; remainder is near-zero/undefined by construction — the contrast, reported flat.]","A true two-term opposition has no excluded middle; remainder is near-zero/undefined by construction — the contrast, reported flat."
integer_even_odd,control,true_dichotomy,even / odd,5,cosine_AB_named,even|odd,0.712036,True,(b) cross-layer pole relation,True,Tokenization fixes the position; the unit of analysis is the residual representation carried at that position; it is read across layers 0 to output. The token is not the unit.,The corpus named the dichotomy; the model processed that naming; the measurement recorded the processing; a human interprets the record.,"The corpus named the dichotomy even / odd; the model processed that naming; the measurement recorded, at layer 5, cosine_AB_named(even|odd) = 0.7120 (corroboration only); a human interprets the record.",
integer_even_odd,control,true_dichotomy,even / odd,5,cosine_AB_carrier,even|odd,0.74565,True,(b) cross-layer pole relation,True,Tokenization fixes the position; the unit of analysis is the residual representation carried at that position; it is read across layers 0 to output. The token is not the unit.,The corpus named the dichotomy; the model processed that naming; the measurement recorded the processing; a human interprets the record.,"The corpus named the dichotomy even / odd; the model processed that naming; the measurement recorded, at layer 5, cosine_AB_carrier(even|odd) = 0.7457 (corroboration only); a human interprets the record.",
integer_even_odd,control,true_dichotomy,even / odd,5,midpoint_t,(none),,False,(a) seated-midpoint,True,Tokenization fixes the position; the unit of analysis is the residual representation carried at that position; it is read across layers 0 to output. The token is not the unit.,The corpus named the dichotomy; the model processed that naming; the measurement recorded the processing; a human interprets the record.,"The corpus named the dichotomy even / odd; the model processed that naming; the measurement recorded, at layer 5, midpoint_t((none)) is undefined here (corroboration only); a human interprets the record. [No single-token midpoint exists for this unit by construction.]",No single-token midpoint exists for this unit by construction.
integer_even_odd,control,true_dichotomy,even / odd,5,remainder_ratio,excluded_set,,False,(b) cross-layer pole relation,False,Tokenization fixes the position; the unit of analysis is the residual representation carried at that position; it is read across layers 0 to output. The token is not the unit.,The corpus named the dichotomy; the model processed that naming; the measurement recorded the processing; a human interprets the record.,"The corpus named the dichotomy even / odd; the model processed that naming; the measurement recorded, at layer 5, remainder_ratio(excluded_set) is undefined here; a human interprets the record. [A true two-term opposition has no excluded middle; remainder is near-zero/undefined by construction — the contrast, reported flat.]","A true two-term opposition has no excluded middle; remainder is near-zero/undefined by construction — the contrast, reported flat."
integer_even_odd,control,true_dichotomy,even / odd,6,cosine_AB_named,even|odd,0.676722,True,(b) cross-layer pole relation,True,Tokenization fixes the position; the unit of analysis is the residual representation carried at that position; it is read across layers 0 to output. The token is not the unit.,The corpus named the dichotomy; the model processed that naming; the measurement recorded the processing; a human interprets the record.,"The corpus named the dichotomy even / odd; the model processed that naming; the measurement recorded, at layer 6, cosine_AB_named(even|odd) = 0.6767 (corroboration only); a human interprets the record.",
integer_even_odd,control,true_dichotomy,even / odd,6,cosine_AB_carrier,even|odd,0.75686,True,(b) cross-layer pole relation,True,Tokenization fixes the position; the unit of analysis is the residual representation carried at that position; it is read across layers 0 to output. The token is not the unit.,The corpus named the dichotomy; the model processed that naming; the measurement recorded the processing; a human interprets the record.,"The corpus named the dichotomy even / odd; the model processed that naming; the measurement recorded, at layer 6, cosine_AB_carrier(even|odd) = 0.7569 (corroboration only); a human interprets the record.",
integer_even_odd,control,true_dichotomy,even / odd,6,midpoint_t,(none),,False,(a) seated-midpoint,True,Tokenization fixes the position; the unit of analysis is the residual representation carried at that position; it is read across layers 0 to output. The token is not the unit.,The corpus named the dichotomy; the model processed that naming; the measurement recorded the processing; a human interprets the record.,"The corpus named the dichotomy even / odd; the model processed that naming; the measurement recorded, at layer 6, midpoint_t((none)) is undefined here (corroboration only); a human interprets the record. [No single-token midpoint exists for this unit by construction.]",No single-token midpoint exists for this unit by construction.
integer_even_odd,control,true_dichotomy,even / odd,6,remainder_ratio,excluded_set,,False,(b) cross-layer pole relation,False,Tokenization fixes the position; the unit of analysis is the residual representation carried at that position; it is read across layers 0 to output. The token is not the unit.,The corpus named the dichotomy; the model processed that naming; the measurement recorded the processing; a human interprets the record.,"The corpus named the dichotomy even / odd; the model processed that naming; the measurement recorded, at layer 6, remainder_ratio(excluded_set) is undefined here; a human interprets the record. [A true two-term opposition has no excluded middle; remainder is near-zero/undefined by construction — the contrast, reported flat.]","A true two-term opposition has no excluded middle; remainder is near-zero/undefined by construction — the contrast, reported flat."
integer_even_odd,control,true_dichotomy,even / odd,7,cosine_AB_named,even|odd,0.705996,True,(b) cross-layer pole relation,True,Tokenization fixes the position; the unit of analysis is the residual representation carried at that position; it is read across layers 0 to output. The token is not the unit.,The corpus named the dichotomy; the model processed that naming; the measurement recorded the processing; a human interprets the record.,"The corpus named the dichotomy even / odd; the model processed that naming; the measurement recorded, at layer 7, cosine_AB_named(even|odd) = 0.7060 (corroboration only); a human interprets the record.",
integer_even_odd,control,true_dichotomy,even / odd,7,cosine_AB_carrier,even|odd,0.794163,True,(b) cross-layer pole relation,True,Tokenization fixes the position; the unit of analysis is the residual representation carried at that position; it is read across layers 0 to output. The token is not the unit.,The corpus named the dichotomy; the model processed that naming; the measurement recorded the processing; a human interprets the record.,"The corpus named the dichotomy even / odd; the model processed that naming; the measurement recorded, at layer 7, cosine_AB_carrier(even|odd) = 0.7942 (corroboration only); a human interprets the record.",
integer_even_odd,control,true_dichotomy,even / odd,7,midpoint_t,(none),,False,(a) seated-midpoint,True,Tokenization fixes the position; the unit of analysis is the residual representation carried at that position; it is read across layers 0 to output. The token is not the unit.,The corpus named the dichotomy; the model processed that naming; the measurement recorded the processing; a human interprets the record.,"The corpus named the dichotomy even / odd; the model processed that naming; the measurement recorded, at layer 7, midpoint_t((none)) is undefined here (corroboration only); a human interprets the record. [No single-token midpoint exists for this unit by construction.]",No single-token midpoint exists for this unit by construction.
integer_even_odd,control,true_dichotomy,even / odd,7,remainder_ratio,excluded_set,,False,(b) cross-layer pole relation,False,Tokenization fixes the position; the unit of analysis is the residual representation carried at that position; it is read across layers 0 to output. The token is not the unit.,The corpus named the dichotomy; the model processed that naming; the measurement recorded the processing; a human interprets the record.,"The corpus named the dichotomy even / odd; the model processed that naming; the measurement recorded, at layer 7, remainder_ratio(excluded_set) is undefined here; a human interprets the record. [A true two-term opposition has no excluded middle; remainder is near-zero/undefined by construction — the contrast, reported flat.]","A true two-term opposition has no excluded middle; remainder is near-zero/undefined by construction — the contrast, reported flat."
integer_even_odd,control,true_dichotomy,even / odd,8,cosine_AB_named,even|odd,0.769237,True,(b) cross-layer pole relation,True,Tokenization fixes the position; the unit of analysis is the residual representation carried at that position; it is read across layers 0 to output. The token is not the unit.,The corpus named the dichotomy; the model processed that naming; the measurement recorded the processing; a human interprets the record.,"The corpus named the dichotomy even / odd; the model processed that naming; the measurement recorded, at layer 8, cosine_AB_named(even|odd) = 0.7692 (corroboration only); a human interprets the record.",
integer_even_odd,control,true_dichotomy,even / odd,8,cosine_AB_carrier,even|odd,0.818675,True,(b) cross-layer pole relation,True,Tokenization fixes the position; the unit of analysis is the residual representation carried at that position; it is read across layers 0 to output. The token is not the unit.,The corpus named the dichotomy; the model processed that naming; the measurement recorded the processing; a human interprets the record.,"The corpus named the dichotomy even / odd; the model processed that naming; the measurement recorded, at layer 8, cosine_AB_carrier(even|odd) = 0.8187 (corroboration only); a human interprets the record.",
integer_even_odd,control,true_dichotomy,even / odd,8,midpoint_t,(none),,False,(a) seated-midpoint,True,Tokenization fixes the position; the unit of analysis is the residual representation carried at that position; it is read across layers 0 to output. The token is not the unit.,The corpus named the dichotomy; the model processed that naming; the measurement recorded the processing; a human interprets the record.,"The corpus named the dichotomy even / odd; the model processed that naming; the measurement recorded, at layer 8, midpoint_t((none)) is undefined here (corroboration only); a human interprets the record. [No single-token midpoint exists for this unit by construction.]",No single-token midpoint exists for this unit by construction.
integer_even_odd,control,true_dichotomy,even / odd,8,remainder_ratio,excluded_set,,False,(b) cross-layer pole relation,False,Tokenization fixes the position; the unit of analysis is the residual representation carried at that position; it is read across layers 0 to output. The token is not the unit.,The corpus named the dichotomy; the model processed that naming; the measurement recorded the processing; a human interprets the record.,"The corpus named the dichotomy even / odd; the model processed that naming; the measurement recorded, at layer 8, remainder_ratio(excluded_set) is undefined here; a human interprets the record. [A true two-term opposition has no excluded middle; remainder is near-zero/undefined by construction — the contrast, reported flat.]","A true two-term opposition has no excluded middle; remainder is near-zero/undefined by construction — the contrast, reported flat."
integer_even_odd,control,true_dichotomy,even / odd,9,cosine_AB_named,even|odd,0.78391,True,(b) cross-layer pole relation,True,Tokenization fixes the position; the unit of analysis is the residual representation carried at that position; it is read across layers 0 to output. The token is not the unit.,The corpus named the dichotomy; the model processed that naming; the measurement recorded the processing; a human interprets the record.,"The corpus named the dichotomy even / odd; the model processed that naming; the measurement recorded, at layer 9, cosine_AB_named(even|odd) = 0.7839 (corroboration only); a human interprets the record.",
integer_even_odd,control,true_dichotomy,even / odd,9,cosine_AB_carrier,even|odd,0.827415,True,(b) cross-layer pole relation,True,Tokenization fixes the position; the unit of analysis is the residual representation carried at that position; it is read across layers 0 to output. The token is not the unit.,The corpus named the dichotomy; the model processed that naming; the measurement recorded the processing; a human interprets the record.,"The corpus named the dichotomy even / odd; the model processed that naming; the measurement recorded, at layer 9, cosine_AB_carrier(even|odd) = 0.8274 (corroboration only); a human interprets the record.",
integer_even_odd,control,true_dichotomy,even / odd,9,midpoint_t,(none),,False,(a) seated-midpoint,True,Tokenization fixes the position; the unit of analysis is the residual representation carried at that position; it is read across layers 0 to output. The token is not the unit.,The corpus named the dichotomy; the model processed that naming; the measurement recorded the processing; a human interprets the record.,"The corpus named the dichotomy even / odd; the model processed that naming; the measurement recorded, at layer 9, midpoint_t((none)) is undefined here (corroboration only); a human interprets the record. [No single-token midpoint exists for this unit by construction.]",No single-token midpoint exists for this unit by construction.
integer_even_odd,control,true_dichotomy,even / odd,9,remainder_ratio,excluded_set,,False,(b) cross-layer pole relation,False,Tokenization fixes the position; the unit of analysis is the residual representation carried at that position; it is read across layers 0 to output. The token is not the unit.,The corpus named the dichotomy; the model processed that naming; the measurement recorded the processing; a human interprets the record.,"The corpus named the dichotomy even / odd; the model processed that naming; the measurement recorded, at layer 9, remainder_ratio(excluded_set) is undefined here; a human interprets the record. [A true two-term opposition has no excluded middle; remainder is near-zero/undefined by construction — the contrast, reported flat.]","A true two-term opposition has no excluded middle; remainder is near-zero/undefined by construction — the contrast, reported flat."
integer_even_odd,control,true_dichotomy,even / odd,10,cosine_AB_named,even|odd,0.806283,True,(b) cross-layer pole relation,True,Tokenization fixes the position; the unit of analysis is the residual representation carried at that position; it is read across layers 0 to output. The token is not the unit.,The corpus named the dichotomy; the model processed that naming; the measurement recorded the processing; a human interprets the record.,"The corpus named the dichotomy even / odd; the model processed that naming; the measurement recorded, at layer 10, cosine_AB_named(even|odd) = 0.8063 (corroboration only); a human interprets the record.",
integer_even_odd,control,true_dichotomy,even / odd,10,cosine_AB_carrier,even|odd,0.84157,True,(b) cross-layer pole relation,True,Tokenization fixes the position; the unit of analysis is the residual representation carried at that position; it is read across layers 0 to output. The token is not the unit.,The corpus named the dichotomy; the model processed that naming; the measurement recorded the processing; a human interprets the record.,"The corpus named the dichotomy even / odd; the model processed that naming; the measurement recorded, at layer 10, cosine_AB_carrier(even|odd) = 0.8416 (corroboration only); a human interprets the record.",
integer_even_odd,control,true_dichotomy,even / odd,10,midpoint_t,(none),,False,(a) seated-midpoint,True,Tokenization fixes the position; the unit of analysis is the residual representation carried at that position; it is read across layers 0 to output. The token is not the unit.,The corpus named the dichotomy; the model processed that naming; the measurement recorded the processing; a human interprets the record.,"The corpus named the dichotomy even / odd; the model processed that naming; the measurement recorded, at layer 10, midpoint_t((none)) is undefined here (corroboration only); a human interprets the record. [No single-token midpoint exists for this unit by construction.]",No single-token midpoint exists for this unit by construction.
integer_even_odd,control,true_dichotomy,even / odd,10,remainder_ratio,excluded_set,,False,(b) cross-layer pole relation,False,Tokenization fixes the position; the unit of analysis is the residual representation carried at that position; it is read across layers 0 to output. The token is not the unit.,The corpus named the dichotomy; the model processed that naming; the measurement recorded the processing; a human interprets the record.,"The corpus named the dichotomy even / odd; the model processed that naming; the measurement recorded, at layer 10, remainder_ratio(excluded_set) is undefined here; a human interprets the record. [A true two-term opposition has no excluded middle; remainder is near-zero/undefined by construction — the contrast, reported flat.]","A true two-term opposition has no excluded middle; remainder is near-zero/undefined by construction — the contrast, reported flat."
integer_even_odd,control,true_dichotomy,even / odd,11,cosine_AB_named,even|odd,0.772306,True,(b) cross-layer pole relation,True,Tokenization fixes the position; the unit of analysis is the residual representation carried at that position; it is read across layers 0 to output. The token is not the unit.,The corpus named the dichotomy; the model processed that naming; the measurement recorded the processing; a human interprets the record.,"The corpus named the dichotomy even / odd; the model processed that naming; the measurement recorded, at layer 11, cosine_AB_named(even|odd) = 0.7723 (corroboration only); a human interprets the record.",
integer_even_odd,control,true_dichotomy,even / odd,11,cosine_AB_carrier,even|odd,0.785918,True,(b) cross-layer pole relation,True,Tokenization fixes the position; the unit of analysis is the residual representation carried at that position; it is read across layers 0 to output. The token is not the unit.,The corpus named the dichotomy; the model processed that naming; the measurement recorded the processing; a human interprets the record.,"The corpus named the dichotomy even / odd; the model processed that naming; the measurement recorded, at layer 11, cosine_AB_carrier(even|odd) = 0.7859 (corroboration only); a human interprets the record.",
integer_even_odd,control,true_dichotomy,even / odd,11,midpoint_t,(none),,False,(a) seated-midpoint,True,Tokenization fixes the position; the unit of analysis is the residual representation carried at that position; it is read across layers 0 to output. The token is not the unit.,The corpus named the dichotomy; the model processed that naming; the measurement recorded the processing; a human interprets the record.,"The corpus named the dichotomy even / odd; the model processed that naming; the measurement recorded, at layer 11, midpoint_t((none)) is undefined here (corroboration only); a human interprets the record. [No single-token midpoint exists for this unit by construction.]",No single-token midpoint exists for this unit by construction.
integer_even_odd,control,true_dichotomy,even / odd,11,remainder_ratio,excluded_set,,False,(b) cross-layer pole relation,False,Tokenization fixes the position; the unit of analysis is the residual representation carried at that position; it is read across layers 0 to output. The token is not the unit.,The corpus named the dichotomy; the model processed that naming; the measurement recorded the processing; a human interprets the record.,"The corpus named the dichotomy even / odd; the model processed that naming; the measurement recorded, at layer 11, remainder_ratio(excluded_set) is undefined here; a human interprets the record. [A true two-term opposition has no excluded middle; remainder is near-zero/undefined by construction — the contrast, reported flat.]","A true two-term opposition has no excluded middle; remainder is near-zero/undefined by construction — the contrast, reported flat."
integer_even_odd,control,true_dichotomy,even / odd,12,cosine_AB_named,even|odd,0.803175,True,(b) cross-layer pole relation,True,Tokenization fixes the position; the unit of analysis is the residual representation carried at that position; it is read across layers 0 to output. The token is not the unit.,The corpus named the dichotomy; the model processed that naming; the measurement recorded the processing; a human interprets the record.,"The corpus named the dichotomy even / odd; the model processed that naming; the measurement recorded, at layer 12, cosine_AB_named(even|odd) = 0.8032 (corroboration only); a human interprets the record.",
integer_even_odd,control,true_dichotomy,even / odd,12,cosine_AB_carrier,even|odd,0.811834,True,(b) cross-layer pole relation,True,Tokenization fixes the position; the unit of analysis is the residual representation carried at that position; it is read across layers 0 to output. The token is not the unit.,The corpus named the dichotomy; the model processed that naming; the measurement recorded the processing; a human interprets the record.,"The corpus named the dichotomy even / odd; the model processed that naming; the measurement recorded, at layer 12, cosine_AB_carrier(even|odd) = 0.8118 (corroboration only); a human interprets the record.",
integer_even_odd,control,true_dichotomy,even / odd,12,midpoint_t,(none),,False,(a) seated-midpoint,True,Tokenization fixes the position; the unit of analysis is the residual representation carried at that position; it is read across layers 0 to output. The token is not the unit.,The corpus named the dichotomy; the model processed that naming; the measurement recorded the processing; a human interprets the record.,"The corpus named the dichotomy even / odd; the model processed that naming; the measurement recorded, at layer 12, midpoint_t((none)) is undefined here (corroboration only); a human interprets the record. [No single-token midpoint exists for this unit by construction.]",No single-token midpoint exists for this unit by construction.
integer_even_odd,control,true_dichotomy,even / odd,12,remainder_ratio,excluded_set,,False,(b) cross-layer pole relation,False,Tokenization fixes the position; the unit of analysis is the residual representation carried at that position; it is read across layers 0 to output. The token is not the unit.,The corpus named the dichotomy; the model processed that naming; the measurement recorded the processing; a human interprets the record.,"The corpus named the dichotomy even / odd; the model processed that naming; the measurement recorded, at layer 12, remainder_ratio(excluded_set) is undefined here; a human interprets the record. [A true two-term opposition has no excluded middle; remainder is near-zero/undefined by construction — the contrast, reported flat.]","A true two-term opposition has no excluded middle; remainder is near-zero/undefined by construction — the contrast, reported flat."
integer_even_odd,control,true_dichotomy,even / odd,13,cosine_AB_named,even|odd,0.758786,True,(b) cross-layer pole relation,True,Tokenization fixes the position; the unit of analysis is the residual representation carried at that position; it is read across layers 0 to output. The token is not the unit.,The corpus named the dichotomy; the model processed that naming; the measurement recorded the processing; a human interprets the record.,"The corpus named the dichotomy even / odd; the model processed that naming; the measurement recorded, at layer 13, cosine_AB_named(even|odd) = 0.7588 (corroboration only); a human interprets the record.",
integer_even_odd,control,true_dichotomy,even / odd,13,cosine_AB_carrier,even|odd,0.785195,True,(b) cross-layer pole relation,True,Tokenization fixes the position; the unit of analysis is the residual representation carried at that position; it is read across layers 0 to output. The token is not the unit.,The corpus named the dichotomy; the model processed that naming; the measurement recorded the processing; a human interprets the record.,"The corpus named the dichotomy even / odd; the model processed that naming; the measurement recorded, at layer 13, cosine_AB_carrier(even|odd) = 0.7852 (corroboration only); a human interprets the record.",
integer_even_odd,control,true_dichotomy,even / odd,13,midpoint_t,(none),,False,(a) seated-midpoint,True,Tokenization fixes the position; the unit of analysis is the residual representation carried at that position; it is read across layers 0 to output. The token is not the unit.,The corpus named the dichotomy; the model processed that naming; the measurement recorded the processing; a human interprets the record.,"The corpus named the dichotomy even / odd; the model processed that naming; the measurement recorded, at layer 13, midpoint_t((none)) is undefined here (corroboration only); a human interprets the record. [No single-token midpoint exists for this unit by construction.]",No single-token midpoint exists for this unit by construction.
integer_even_odd,control,true_dichotomy,even / odd,13,remainder_ratio,excluded_set,,False,(b) cross-layer pole relation,False,Tokenization fixes the position; the unit of analysis is the residual representation carried at that position; it is read across layers 0 to output. The token is not the unit.,The corpus named the dichotomy; the model processed that naming; the measurement recorded the processing; a human interprets the record.,"The corpus named the dichotomy even / odd; the model processed that naming; the measurement recorded, at layer 13, remainder_ratio(excluded_set) is undefined here; a human interprets the record. [A true two-term opposition has no excluded middle; remainder is near-zero/undefined by construction — the contrast, reported flat.]","A true two-term opposition has no excluded middle; remainder is near-zero/undefined by construction — the contrast, reported flat."
integer_even_odd,control,true_dichotomy,even / odd,14,cosine_AB_named,even|odd,0.777487,True,(b) cross-layer pole relation,True,Tokenization fixes the position; the unit of analysis is the residual representation carried at that position; it is read across layers 0 to output. The token is not the unit.,The corpus named the dichotomy; the model processed that naming; the measurement recorded the processing; a human interprets the record.,"The corpus named the dichotomy even / odd; the model processed that naming; the measurement recorded, at layer 14, cosine_AB_named(even|odd) = 0.7775 (corroboration only); a human interprets the record.",
integer_even_odd,control,true_dichotomy,even / odd,14,cosine_AB_carrier,even|odd,0.81578,True,(b) cross-layer pole relation,True,Tokenization fixes the position; the unit of analysis is the residual representation carried at that position; it is read across layers 0 to output. The token is not the unit.,The corpus named the dichotomy; the model processed that naming; the measurement recorded the processing; a human interprets the record.,"The corpus named the dichotomy even / odd; the model processed that naming; the measurement recorded, at layer 14, cosine_AB_carrier(even|odd) = 0.8158 (corroboration only); a human interprets the record.",
integer_even_odd,control,true_dichotomy,even / odd,14,midpoint_t,(none),,False,(a) seated-midpoint,True,Tokenization fixes the position; the unit of analysis is the residual representation carried at that position; it is read across layers 0 to output. The token is not the unit.,The corpus named the dichotomy; the model processed that naming; the measurement recorded the processing; a human interprets the record.,"The corpus named the dichotomy even / odd; the model processed that naming; the measurement recorded, at layer 14, midpoint_t((none)) is undefined here (corroboration only); a human interprets the record. [No single-token midpoint exists for this unit by construction.]",No single-token midpoint exists for this unit by construction.
integer_even_odd,control,true_dichotomy,even / odd,14,remainder_ratio,excluded_set,,False,(b) cross-layer pole relation,False,Tokenization fixes the position; the unit of analysis is the residual representation carried at that position; it is read across layers 0 to output. The token is not the unit.,The corpus named the dichotomy; the model processed that naming; the measurement recorded the processing; a human interprets the record.,"The corpus named the dichotomy even / odd; the model processed that naming; the measurement recorded, at layer 14, remainder_ratio(excluded_set) is undefined here; a human interprets the record. [A true two-term opposition has no excluded middle; remainder is near-zero/undefined by construction — the contrast, reported flat.]","A true two-term opposition has no excluded middle; remainder is near-zero/undefined by construction — the contrast, reported flat."
integer_even_odd,control,true_dichotomy,even / odd,15,cosine_AB_named,even|odd,0.766675,True,(b) cross-layer pole relation,True,Tokenization fixes the position; the unit of analysis is the residual representation carried at that position; it is read across layers 0 to output. The token is not the unit.,The corpus named the dichotomy; the model processed that naming; the measurement recorded the processing; a human interprets the record.,"The corpus named the dichotomy even / odd; the model processed that naming; the measurement recorded, at layer 15, cosine_AB_named(even|odd) = 0.7667 (corroboration only); a human interprets the record.",
integer_even_odd,control,true_dichotomy,even / odd,15,cosine_AB_carrier,even|odd,0.819251,True,(b) cross-layer pole relation,True,Tokenization fixes the position; the unit of analysis is the residual representation carried at that position; it is read across layers 0 to output. The token is not the unit.,The corpus named the dichotomy; the model processed that naming; the measurement recorded the processing; a human interprets the record.,"The corpus named the dichotomy even / odd; the model processed that naming; the measurement recorded, at layer 15, cosine_AB_carrier(even|odd) = 0.8193 (corroboration only); a human interprets the record.",
integer_even_odd,control,true_dichotomy,even / odd,15,midpoint_t,(none),,False,(a) seated-midpoint,True,Tokenization fixes the position; the unit of analysis is the residual representation carried at that position; it is read across layers 0 to output. The token is not the unit.,The corpus named the dichotomy; the model processed that naming; the measurement recorded the processing; a human interprets the record.,"The corpus named the dichotomy even / odd; the model processed that naming; the measurement recorded, at layer 15, midpoint_t((none)) is undefined here (corroboration only); a human interprets the record. [No single-token midpoint exists for this unit by construction.]",No single-token midpoint exists for this unit by construction.
integer_even_odd,control,true_dichotomy,even / odd,15,remainder_ratio,excluded_set,,False,(b) cross-layer pole relation,False,Tokenization fixes the position; the unit of analysis is the residual representation carried at that position; it is read across layers 0 to output. The token is not the unit.,The corpus named the dichotomy; the model processed that naming; the measurement recorded the processing; a human interprets the record.,"The corpus named the dichotomy even / odd; the model processed that naming; the measurement recorded, at layer 15, remainder_ratio(excluded_set) is undefined here; a human interprets the record. [A true two-term opposition has no excluded middle; remainder is near-zero/undefined by construction — the contrast, reported flat.]","A true two-term opposition has no excluded middle; remainder is near-zero/undefined by construction — the contrast, reported flat."
integer_even_odd,control,true_dichotomy,even / odd,16,cosine_AB_named,even|odd,0.780252,True,(b) cross-layer pole relation,True,Tokenization fixes the position; the unit of analysis is the residual representation carried at that position; it is read across layers 0 to output. The token is not the unit.,The corpus named the dichotomy; the model processed that naming; the measurement recorded the processing; a human interprets the record.,"The corpus named the dichotomy even / odd; the model processed that naming; the measurement recorded, at layer 16, cosine_AB_named(even|odd) = 0.7803 (corroboration only); a human interprets the record.",
integer_even_odd,control,true_dichotomy,even / odd,16,cosine_AB_carrier,even|odd,0.8087,True,(b) cross-layer pole relation,True,Tokenization fixes the position; the unit of analysis is the residual representation carried at that position; it is read across layers 0 to output. The token is not the unit.,The corpus named the dichotomy; the model processed that naming; the measurement recorded the processing; a human interprets the record.,"The corpus named the dichotomy even / odd; the model processed that naming; the measurement recorded, at layer 16, cosine_AB_carrier(even|odd) = 0.8087 (corroboration only); a human interprets the record.",
integer_even_odd,control,true_dichotomy,even / odd,16,midpoint_t,(none),,False,(a) seated-midpoint,True,Tokenization fixes the position; the unit of analysis is the residual representation carried at that position; it is read across layers 0 to output. The token is not the unit.,The corpus named the dichotomy; the model processed that naming; the measurement recorded the processing; a human interprets the record.,"The corpus named the dichotomy even / odd; the model processed that naming; the measurement recorded, at layer 16, midpoint_t((none)) is undefined here (corroboration only); a human interprets the record. [No single-token midpoint exists for this unit by construction.]",No single-token midpoint exists for this unit by construction.
integer_even_odd,control,true_dichotomy,even / odd,16,remainder_ratio,excluded_set,,False,(b) cross-layer pole relation,False,Tokenization fixes the position; the unit of analysis is the residual representation carried at that position; it is read across layers 0 to output. The token is not the unit.,The corpus named the dichotomy; the model processed that naming; the measurement recorded the processing; a human interprets the record.,"The corpus named the dichotomy even / odd; the model processed that naming; the measurement recorded, at layer 16, remainder_ratio(excluded_set) is undefined here; a human interprets the record. [A true two-term opposition has no excluded middle; remainder is near-zero/undefined by construction — the contrast, reported flat.]","A true two-term opposition has no excluded middle; remainder is near-zero/undefined by construction — the contrast, reported flat."
integer_even_odd,control,true_dichotomy,even / odd,17,cosine_AB_named,even|odd,0.775339,True,(b) cross-layer pole relation,True,Tokenization fixes the position; the unit of analysis is the residual representation carried at that position; it is read across layers 0 to output. The token is not the unit.,The corpus named the dichotomy; the model processed that naming; the measurement recorded the processing; a human interprets the record.,"The corpus named the dichotomy even / odd; the model processed that naming; the measurement recorded, at layer 17, cosine_AB_named(even|odd) = 0.7753 (corroboration only); a human interprets the record.",
integer_even_odd,control,true_dichotomy,even / odd,17,cosine_AB_carrier,even|odd,0.809522,True,(b) cross-layer pole relation,True,Tokenization fixes the position; the unit of analysis is the residual representation carried at that position; it is read across layers 0 to output. The token is not the unit.,The corpus named the dichotomy; the model processed that naming; the measurement recorded the processing; a human interprets the record.,"The corpus named the dichotomy even / odd; the model processed that naming; the measurement recorded, at layer 17, cosine_AB_carrier(even|odd) = 0.8095 (corroboration only); a human interprets the record.",
integer_even_odd,control,true_dichotomy,even / odd,17,midpoint_t,(none),,False,(a) seated-midpoint,True,Tokenization fixes the position; the unit of analysis is the residual representation carried at that position; it is read across layers 0 to output. The token is not the unit.,The corpus named the dichotomy; the model processed that naming; the measurement recorded the processing; a human interprets the record.,"The corpus named the dichotomy even / odd; the model processed that naming; the measurement recorded, at layer 17, midpoint_t((none)) is undefined here (corroboration only); a human interprets the record. [No single-token midpoint exists for this unit by construction.]",No single-token midpoint exists for this unit by construction.
integer_even_odd,control,true_dichotomy,even / odd,17,remainder_ratio,excluded_set,,False,(b) cross-layer pole relation,False,Tokenization fixes the position; the unit of analysis is the residual representation carried at that position; it is read across layers 0 to output. The token is not the unit.,The corpus named the dichotomy; the model processed that naming; the measurement recorded the processing; a human interprets the record.,"The corpus named the dichotomy even / odd; the model processed that naming; the measurement recorded, at layer 17, remainder_ratio(excluded_set) is undefined here; a human interprets the record. [A true two-term opposition has no excluded middle; remainder is near-zero/undefined by construction — the contrast, reported flat.]","A true two-term opposition has no excluded middle; remainder is near-zero/undefined by construction — the contrast, reported flat."
integer_even_odd,control,true_dichotomy,even / odd,18,cosine_AB_named,even|odd,0.7744,True,(b) cross-layer pole relation,True,Tokenization fixes the position; the unit of analysis is the residual representation carried at that position; it is read across layers 0 to output. The token is not the unit.,The corpus named the dichotomy; the model processed that naming; the measurement recorded the processing; a human interprets the record.,"The corpus named the dichotomy even / odd; the model processed that naming; the measurement recorded, at layer 18, cosine_AB_named(even|odd) = 0.7744 (corroboration only); a human interprets the record.",
integer_even_odd,control,true_dichotomy,even / odd,18,cosine_AB_carrier,even|odd,0.81281,True,(b) cross-layer pole relation,True,Tokenization fixes the position; the unit of analysis is the residual representation carried at that position; it is read across layers 0 to output. The token is not the unit.,The corpus named the dichotomy; the model processed that naming; the measurement recorded the processing; a human interprets the record.,"The corpus named the dichotomy even / odd; the model processed that naming; the measurement recorded, at layer 18, cosine_AB_carrier(even|odd) = 0.8128 (corroboration only); a human interprets the record.",
integer_even_odd,control,true_dichotomy,even / odd,18,midpoint_t,(none),,False,(a) seated-midpoint,True,Tokenization fixes the position; the unit of analysis is the residual representation carried at that position; it is read across layers 0 to output. The token is not the unit.,The corpus named the dichotomy; the model processed that naming; the measurement recorded the processing; a human interprets the record.,"The corpus named the dichotomy even / odd; the model processed that naming; the measurement recorded, at layer 18, midpoint_t((none)) is undefined here (corroboration only); a human interprets the record. [No single-token midpoint exists for this unit by construction.]",No single-token midpoint exists for this unit by construction.
integer_even_odd,control,true_dichotomy,even / odd,18,remainder_ratio,excluded_set,,False,(b) cross-layer pole relation,False,Tokenization fixes the position; the unit of analysis is the residual representation carried at that position; it is read across layers 0 to output. The token is not the unit.,The corpus named the dichotomy; the model processed that naming; the measurement recorded the processing; a human interprets the record.,"The corpus named the dichotomy even / odd; the model processed that naming; the measurement recorded, at layer 18, remainder_ratio(excluded_set) is undefined here; a human interprets the record. [A true two-term opposition has no excluded middle; remainder is near-zero/undefined by construction — the contrast, reported flat.]","A true two-term opposition has no excluded middle; remainder is near-zero/undefined by construction — the contrast, reported flat."
integer_even_odd,control,true_dichotomy,even / odd,19,cosine_AB_named,even|odd,0.72336,True,(b) cross-layer pole relation,True,Tokenization fixes the position; the unit of analysis is the residual representation carried at that position; it is read across layers 0 to output. The token is not the unit.,The corpus named the dichotomy; the model processed that naming; the measurement recorded the processing; a human interprets the record.,"The corpus named the dichotomy even / odd; the model processed that naming; the measurement recorded, at layer 19, cosine_AB_named(even|odd) = 0.7234 (corroboration only); a human interprets the record.",
integer_even_odd,control,true_dichotomy,even / odd,19,cosine_AB_carrier,even|odd,0.773068,True,(b) cross-layer pole relation,True,Tokenization fixes the position; the unit of analysis is the residual representation carried at that position; it is read across layers 0 to output. The token is not the unit.,The corpus named the dichotomy; the model processed that naming; the measurement recorded the processing; a human interprets the record.,"The corpus named the dichotomy even / odd; the model processed that naming; the measurement recorded, at layer 19, cosine_AB_carrier(even|odd) = 0.7731 (corroboration only); a human interprets the record.",
integer_even_odd,control,true_dichotomy,even / odd,19,midpoint_t,(none),,False,(a) seated-midpoint,True,Tokenization fixes the position; the unit of analysis is the residual representation carried at that position; it is read across layers 0 to output. The token is not the unit.,The corpus named the dichotomy; the model processed that naming; the measurement recorded the processing; a human interprets the record.,"The corpus named the dichotomy even / odd; the model processed that naming; the measurement recorded, at layer 19, midpoint_t((none)) is undefined here (corroboration only); a human interprets the record. [No single-token midpoint exists for this unit by construction.]",No single-token midpoint exists for this unit by construction.
integer_even_odd,control,true_dichotomy,even / odd,19,remainder_ratio,excluded_set,,False,(b) cross-layer pole relation,False,Tokenization fixes the position; the unit of analysis is the residual representation carried at that position; it is read across layers 0 to output. The token is not the unit.,The corpus named the dichotomy; the model processed that naming; the measurement recorded the processing; a human interprets the record.,"The corpus named the dichotomy even / odd; the model processed that naming; the measurement recorded, at layer 19, remainder_ratio(excluded_set) is undefined here; a human interprets the record. [A true two-term opposition has no excluded middle; remainder is near-zero/undefined by construction — the contrast, reported flat.]","A true two-term opposition has no excluded middle; remainder is near-zero/undefined by construction — the contrast, reported flat."
integer_even_odd,control,true_dichotomy,even / odd,20,cosine_AB_named,even|odd,0.707605,True,(b) cross-layer pole relation,True,Tokenization fixes the position; the unit of analysis is the residual representation carried at that position; it is read across layers 0 to output. The token is not the unit.,The corpus named the dichotomy; the model processed that naming; the measurement recorded the processing; a human interprets the record.,"The corpus named the dichotomy even / odd; the model processed that naming; the measurement recorded, at layer 20, cosine_AB_named(even|odd) = 0.7076 (corroboration only); a human interprets the record.",
integer_even_odd,control,true_dichotomy,even / odd,20,cosine_AB_carrier,even|odd,0.754568,True,(b) cross-layer pole relation,True,Tokenization fixes the position; the unit of analysis is the residual representation carried at that position; it is read across layers 0 to output. The token is not the unit.,The corpus named the dichotomy; the model processed that naming; the measurement recorded the processing; a human interprets the record.,"The corpus named the dichotomy even / odd; the model processed that naming; the measurement recorded, at layer 20, cosine_AB_carrier(even|odd) = 0.7546 (corroboration only); a human interprets the record.",
integer_even_odd,control,true_dichotomy,even / odd,20,midpoint_t,(none),,False,(a) seated-midpoint,True,Tokenization fixes the position; the unit of analysis is the residual representation carried at that position; it is read across layers 0 to output. The token is not the unit.,The corpus named the dichotomy; the model processed that naming; the measurement recorded the processing; a human interprets the record.,"The corpus named the dichotomy even / odd; the model processed that naming; the measurement recorded, at layer 20, midpoint_t((none)) is undefined here (corroboration only); a human interprets the record. [No single-token midpoint exists for this unit by construction.]",No single-token midpoint exists for this unit by construction.
integer_even_odd,control,true_dichotomy,even / odd,20,remainder_ratio,excluded_set,,False,(b) cross-layer pole relation,False,Tokenization fixes the position; the unit of analysis is the residual representation carried at that position; it is read across layers 0 to output. The token is not the unit.,The corpus named the dichotomy; the model processed that naming; the measurement recorded the processing; a human interprets the record.,"The corpus named the dichotomy even / odd; the model processed that naming; the measurement recorded, at layer 20, remainder_ratio(excluded_set) is undefined here; a human interprets the record. [A true two-term opposition has no excluded middle; remainder is near-zero/undefined by construction — the contrast, reported flat.]","A true two-term opposition has no excluded middle; remainder is near-zero/undefined by construction — the contrast, reported flat."
integer_even_odd,control,true_dichotomy,even / odd,21,cosine_AB_named,even|odd,0.720167,True,(b) cross-layer pole relation,True,Tokenization fixes the position; the unit of analysis is the residual representation carried at that position; it is read across layers 0 to output. The token is not the unit.,The corpus named the dichotomy; the model processed that naming; the measurement recorded the processing; a human interprets the record.,"The corpus named the dichotomy even / odd; the model processed that naming; the measurement recorded, at layer 21, cosine_AB_named(even|odd) = 0.7202 (corroboration only); a human interprets the record.",
integer_even_odd,control,true_dichotomy,even / odd,21,cosine_AB_carrier,even|odd,0.761166,True,(b) cross-layer pole relation,True,Tokenization fixes the position; the unit of analysis is the residual representation carried at that position; it is read across layers 0 to output. The token is not the unit.,The corpus named the dichotomy; the model processed that naming; the measurement recorded the processing; a human interprets the record.,"The corpus named the dichotomy even / odd; the model processed that naming; the measurement recorded, at layer 21, cosine_AB_carrier(even|odd) = 0.7612 (corroboration only); a human interprets the record.",
integer_even_odd,control,true_dichotomy,even / odd,21,midpoint_t,(none),,False,(a) seated-midpoint,True,Tokenization fixes the position; the unit of analysis is the residual representation carried at that position; it is read across layers 0 to output. The token is not the unit.,The corpus named the dichotomy; the model processed that naming; the measurement recorded the processing; a human interprets the record.,"The corpus named the dichotomy even / odd; the model processed that naming; the measurement recorded, at layer 21, midpoint_t((none)) is undefined here (corroboration only); a human interprets the record. [No single-token midpoint exists for this unit by construction.]",No single-token midpoint exists for this unit by construction.
integer_even_odd,control,true_dichotomy,even / odd,21,remainder_ratio,excluded_set,,False,(b) cross-layer pole relation,False,Tokenization fixes the position; the unit of analysis is the residual representation carried at that position; it is read across layers 0 to output. The token is not the unit.,The corpus named the dichotomy; the model processed that naming; the measurement recorded the processing; a human interprets the record.,"The corpus named the dichotomy even / odd; the model processed that naming; the measurement recorded, at layer 21, remainder_ratio(excluded_set) is undefined here; a human interprets the record. [A true two-term opposition has no excluded middle; remainder is near-zero/undefined by construction — the contrast, reported flat.]","A true two-term opposition has no excluded middle; remainder is near-zero/undefined by construction — the contrast, reported flat."
integer_even_odd,control,true_dichotomy,even / odd,22,cosine_AB_named,even|odd,0.750526,True,(b) cross-layer pole relation,True,Tokenization fixes the position; the unit of analysis is the residual representation carried at that position; it is read across layers 0 to output. The token is not the unit.,The corpus named the dichotomy; the model processed that naming; the measurement recorded the processing; a human interprets the record.,"The corpus named the dichotomy even / odd; the model processed that naming; the measurement recorded, at layer 22, cosine_AB_named(even|odd) = 0.7505 (corroboration only); a human interprets the record.",
integer_even_odd,control,true_dichotomy,even / odd,22,cosine_AB_carrier,even|odd,0.776612,True,(b) cross-layer pole relation,True,Tokenization fixes the position; the unit of analysis is the residual representation carried at that position; it is read across layers 0 to output. The token is not the unit.,The corpus named the dichotomy; the model processed that naming; the measurement recorded the processing; a human interprets the record.,"The corpus named the dichotomy even / odd; the model processed that naming; the measurement recorded, at layer 22, cosine_AB_carrier(even|odd) = 0.7766 (corroboration only); a human interprets the record.",
integer_even_odd,control,true_dichotomy,even / odd,22,midpoint_t,(none),,False,(a) seated-midpoint,True,Tokenization fixes the position; the unit of analysis is the residual representation carried at that position; it is read across layers 0 to output. The token is not the unit.,The corpus named the dichotomy; the model processed that naming; the measurement recorded the processing; a human interprets the record.,"The corpus named the dichotomy even / odd; the model processed that naming; the measurement recorded, at layer 22, midpoint_t((none)) is undefined here (corroboration only); a human interprets the record. [No single-token midpoint exists for this unit by construction.]",No single-token midpoint exists for this unit by construction.
integer_even_odd,control,true_dichotomy,even / odd,22,remainder_ratio,excluded_set,,False,(b) cross-layer pole relation,False,Tokenization fixes the position; the unit of analysis is the residual representation carried at that position; it is read across layers 0 to output. The token is not the unit.,The corpus named the dichotomy; the model processed that naming; the measurement recorded the processing; a human interprets the record.,"The corpus named the dichotomy even / odd; the model processed that naming; the measurement recorded, at layer 22, remainder_ratio(excluded_set) is undefined here; a human interprets the record. [A true two-term opposition has no excluded middle; remainder is near-zero/undefined by construction — the contrast, reported flat.]","A true two-term opposition has no excluded middle; remainder is near-zero/undefined by construction — the contrast, reported flat."
integer_even_odd,control,true_dichotomy,even / odd,23,cosine_AB_named,even|odd,0.762406,True,(b) cross-layer pole relation,True,Tokenization fixes the position; the unit of analysis is the residual representation carried at that position; it is read across layers 0 to output. The token is not the unit.,The corpus named the dichotomy; the model processed that naming; the measurement recorded the processing; a human interprets the record.,"The corpus named the dichotomy even / odd; the model processed that naming; the measurement recorded, at layer 23, cosine_AB_named(even|odd) = 0.7624 (corroboration only); a human interprets the record.",
integer_even_odd,control,true_dichotomy,even / odd,23,cosine_AB_carrier,even|odd,0.756598,True,(b) cross-layer pole relation,True,Tokenization fixes the position; the unit of analysis is the residual representation carried at that position; it is read across layers 0 to output. The token is not the unit.,The corpus named the dichotomy; the model processed that naming; the measurement recorded the processing; a human interprets the record.,"The corpus named the dichotomy even / odd; the model processed that naming; the measurement recorded, at layer 23, cosine_AB_carrier(even|odd) = 0.7566 (corroboration only); a human interprets the record.",
integer_even_odd,control,true_dichotomy,even / odd,23,midpoint_t,(none),,False,(a) seated-midpoint,True,Tokenization fixes the position; the unit of analysis is the residual representation carried at that position; it is read across layers 0 to output. The token is not the unit.,The corpus named the dichotomy; the model processed that naming; the measurement recorded the processing; a human interprets the record.,"The corpus named the dichotomy even / odd; the model processed that naming; the measurement recorded, at layer 23, midpoint_t((none)) is undefined here (corroboration only); a human interprets the record. [No single-token midpoint exists for this unit by construction.]",No single-token midpoint exists for this unit by construction.
integer_even_odd,control,true_dichotomy,even / odd,23,remainder_ratio,excluded_set,,False,(b) cross-layer pole relation,False,Tokenization fixes the position; the unit of analysis is the residual representation carried at that position; it is read across layers 0 to output. The token is not the unit.,The corpus named the dichotomy; the model processed that naming; the measurement recorded the processing; a human interprets the record.,"The corpus named the dichotomy even / odd; the model processed that naming; the measurement recorded, at layer 23, remainder_ratio(excluded_set) is undefined here; a human interprets the record. [A true two-term opposition has no excluded middle; remainder is near-zero/undefined by construction — the contrast, reported flat.]","A true two-term opposition has no excluded middle; remainder is near-zero/undefined by construction — the contrast, reported flat."
integer_even_odd,control,true_dichotomy,even / odd,24,cosine_AB_named,even|odd,0.774025,True,(b) cross-layer pole relation,True,Tokenization fixes the position; the unit of analysis is the residual representation carried at that position; it is read across layers 0 to output. The token is not the unit.,The corpus named the dichotomy; the model processed that naming; the measurement recorded the processing; a human interprets the record.,"The corpus named the dichotomy even / odd; the model processed that naming; the measurement recorded, at layer 24, cosine_AB_named(even|odd) = 0.7740 (corroboration only); a human interprets the record.",
integer_even_odd,control,true_dichotomy,even / odd,24,cosine_AB_carrier,even|odd,0.765755,True,(b) cross-layer pole relation,True,Tokenization fixes the position; the unit of analysis is the residual representation carried at that position; it is read across layers 0 to output. The token is not the unit.,The corpus named the dichotomy; the model processed that naming; the measurement recorded the processing; a human interprets the record.,"The corpus named the dichotomy even / odd; the model processed that naming; the measurement recorded, at layer 24, cosine_AB_carrier(even|odd) = 0.7658 (corroboration only); a human interprets the record.",
integer_even_odd,control,true_dichotomy,even / odd,24,midpoint_t,(none),,False,(a) seated-midpoint,True,Tokenization fixes the position; the unit of analysis is the residual representation carried at that position; it is read across layers 0 to output. The token is not the unit.,The corpus named the dichotomy; the model processed that naming; the measurement recorded the processing; a human interprets the record.,"The corpus named the dichotomy even / odd; the model processed that naming; the measurement recorded, at layer 24, midpoint_t((none)) is undefined here (corroboration only); a human interprets the record. [No single-token midpoint exists for this unit by construction.]",No single-token midpoint exists for this unit by construction.
integer_even_odd,control,true_dichotomy,even / odd,24,remainder_ratio,excluded_set,,False,(b) cross-layer pole relation,False,Tokenization fixes the position; the unit of analysis is the residual representation carried at that position; it is read across layers 0 to output. The token is not the unit.,The corpus named the dichotomy; the model processed that naming; the measurement recorded the processing; a human interprets the record.,"The corpus named the dichotomy even / odd; the model processed that naming; the measurement recorded, at layer 24, remainder_ratio(excluded_set) is undefined here; a human interprets the record. [A true two-term opposition has no excluded middle; remainder is near-zero/undefined by construction — the contrast, reported flat.]","A true two-term opposition has no excluded middle; remainder is near-zero/undefined by construction — the contrast, reported flat."
integer_even_odd,control,true_dichotomy,even / odd,25,cosine_AB_named,even|odd,0.771522,True,(b) cross-layer pole relation,True,Tokenization fixes the position; the unit of analysis is the residual representation carried at that position; it is read across layers 0 to output. The token is not the unit.,The corpus named the dichotomy; the model processed that naming; the measurement recorded the processing; a human interprets the record.,"The corpus named the dichotomy even / odd; the model processed that naming; the measurement recorded, at layer 25, cosine_AB_named(even|odd) = 0.7715 (corroboration only); a human interprets the record.",
integer_even_odd,control,true_dichotomy,even / odd,25,cosine_AB_carrier,even|odd,0.778066,True,(b) cross-layer pole relation,True,Tokenization fixes the position; the unit of analysis is the residual representation carried at that position; it is read across layers 0 to output. The token is not the unit.,The corpus named the dichotomy; the model processed that naming; the measurement recorded the processing; a human interprets the record.,"The corpus named the dichotomy even / odd; the model processed that naming; the measurement recorded, at layer 25, cosine_AB_carrier(even|odd) = 0.7781 (corroboration only); a human interprets the record.",
integer_even_odd,control,true_dichotomy,even / odd,25,midpoint_t,(none),,False,(a) seated-midpoint,True,Tokenization fixes the position; the unit of analysis is the residual representation carried at that position; it is read across layers 0 to output. The token is not the unit.,The corpus named the dichotomy; the model processed that naming; the measurement recorded the processing; a human interprets the record.,"The corpus named the dichotomy even / odd; the model processed that naming; the measurement recorded, at layer 25, midpoint_t((none)) is undefined here (corroboration only); a human interprets the record. [No single-token midpoint exists for this unit by construction.]",No single-token midpoint exists for this unit by construction.
integer_even_odd,control,true_dichotomy,even / odd,25,remainder_ratio,excluded_set,,False,(b) cross-layer pole relation,False,Tokenization fixes the position; the unit of analysis is the residual representation carried at that position; it is read across layers 0 to output. The token is not the unit.,The corpus named the dichotomy; the model processed that naming; the measurement recorded the processing; a human interprets the record.,"The corpus named the dichotomy even / odd; the model processed that naming; the measurement recorded, at layer 25, remainder_ratio(excluded_set) is undefined here; a human interprets the record. [A true two-term opposition has no excluded middle; remainder is near-zero/undefined by construction — the contrast, reported flat.]","A true two-term opposition has no excluded middle; remainder is near-zero/undefined by construction — the contrast, reported flat."
integer_even_odd,control,true_dichotomy,even / odd,26,cosine_AB_named,even|odd,0.801489,True,(b) cross-layer pole relation,True,Tokenization fixes the position; the unit of analysis is the residual representation carried at that position; it is read across layers 0 to output. The token is not the unit.,The corpus named the dichotomy; the model processed that naming; the measurement recorded the processing; a human interprets the record.,"The corpus named the dichotomy even / odd; the model processed that naming; the measurement recorded, at layer 26, cosine_AB_named(even|odd) = 0.8015 (corroboration only); a human interprets the record.",
integer_even_odd,control,true_dichotomy,even / odd,26,cosine_AB_carrier,even|odd,0.804623,True,(b) cross-layer pole relation,True,Tokenization fixes the position; the unit of analysis is the residual representation carried at that position; it is read across layers 0 to output. The token is not the unit.,The corpus named the dichotomy; the model processed that naming; the measurement recorded the processing; a human interprets the record.,"The corpus named the dichotomy even / odd; the model processed that naming; the measurement recorded, at layer 26, cosine_AB_carrier(even|odd) = 0.8046 (corroboration only); a human interprets the record.",
integer_even_odd,control,true_dichotomy,even / odd,26,midpoint_t,(none),,False,(a) seated-midpoint,True,Tokenization fixes the position; the unit of analysis is the residual representation carried at that position; it is read across layers 0 to output. The token is not the unit.,The corpus named the dichotomy; the model processed that naming; the measurement recorded the processing; a human interprets the record.,"The corpus named the dichotomy even / odd; the model processed that naming; the measurement recorded, at layer 26, midpoint_t((none)) is undefined here (corroboration only); a human interprets the record. [No single-token midpoint exists for this unit by construction.]",No single-token midpoint exists for this unit by construction.
integer_even_odd,control,true_dichotomy,even / odd,26,remainder_ratio,excluded_set,,False,(b) cross-layer pole relation,False,Tokenization fixes the position; the unit of analysis is the residual representation carried at that position; it is read across layers 0 to output. The token is not the unit.,The corpus named the dichotomy; the model processed that naming; the measurement recorded the processing; a human interprets the record.,"The corpus named the dichotomy even / odd; the model processed that naming; the measurement recorded, at layer 26, remainder_ratio(excluded_set) is undefined here; a human interprets the record. [A true two-term opposition has no excluded middle; remainder is near-zero/undefined by construction — the contrast, reported flat.]","A true two-term opposition has no excluded middle; remainder is near-zero/undefined by construction — the contrast, reported flat."
water_hot_cold,control,scalar_collapse,hot / cold,0,cosine_AB_named,hot|cold,0.333286,True,(b) cross-layer pole relation,True,Tokenization fixes the position; the unit of analysis is the residual representation carried at that position; it is read across layers 0 to output. The token is not the unit.,The corpus named the dichotomy; the model processed that naming; the measurement recorded the processing; a human interprets the record.,"The corpus named the dichotomy hot / cold; the model processed that naming; the measurement recorded, at layer 0, cosine_AB_named(hot|cold) = 0.3333 (corroboration only); a human interprets the record.",
water_hot_cold,control,scalar_collapse,hot / cold,0,cosine_AB_carrier,hot|cold,0.333286,True,(b) cross-layer pole relation,True,Tokenization fixes the position; the unit of analysis is the residual representation carried at that position; it is read across layers 0 to output. The token is not the unit.,The corpus named the dichotomy; the model processed that naming; the measurement recorded the processing; a human interprets the record.,"The corpus named the dichotomy hot / cold; the model processed that naming; the measurement recorded, at layer 0, cosine_AB_carrier(hot|cold) = 0.3333 (corroboration only); a human interprets the record.",
water_hot_cold,control,scalar_collapse,hot / cold,0,midpoint_t,warm,0.503581,True,(a) seated-midpoint,True,Tokenization fixes the position; the unit of analysis is the residual representation carried at that position; it is read across layers 0 to output. The token is not the unit.,The corpus named the dichotomy; the model processed that naming; the measurement recorded the processing; a human interprets the record.,"The corpus named the dichotomy hot / cold; the model processed that naming; the measurement recorded, at layer 0, midpoint_t(warm) = 0.5036 (corroboration only); a human interprets the record.",
water_hot_cold,control,scalar_collapse,hot / cold,0,midpoint_perp_norm,warm,0.82078,True,(a) seated-midpoint,True,Tokenization fixes the position; the unit of analysis is the residual representation carried at that position; it is read across layers 0 to output. The token is not the unit.,The corpus named the dichotomy; the model processed that naming; the measurement recorded the processing; a human interprets the record.,"The corpus named the dichotomy hot / cold; the model processed that naming; the measurement recorded, at layer 0, midpoint_perp_norm(warm) = 0.8208 (corroboration only); a human interprets the record.",
water_hot_cold,control,scalar_collapse,hot / cold,0,cosine_midpoint_A,warm,0.372729,True,(a) seated-midpoint,True,Tokenization fixes the position; the unit of analysis is the residual representation carried at that position; it is read across layers 0 to output. The token is not the unit.,The corpus named the dichotomy; the model processed that naming; the measurement recorded the processing; a human interprets the record.,"The corpus named the dichotomy hot / cold; the model processed that naming; the measurement recorded, at layer 0, cosine_midpoint_A(warm) = 0.3727 (corroboration only); a human interprets the record.",
water_hot_cold,control,scalar_collapse,hot / cold,0,cosine_midpoint_B,warm,0.372164,True,(a) seated-midpoint,True,Tokenization fixes the position; the unit of analysis is the residual representation carried at that position; it is read across layers 0 to output. The token is not the unit.,The corpus named the dichotomy; the model processed that naming; the measurement recorded the processing; a human interprets the record.,"The corpus named the dichotomy hot / cold; the model processed that naming; the measurement recorded, at layer 0, cosine_midpoint_B(warm) = 0.3722 (corroboration only); a human interprets the record.",
water_hot_cold,control,scalar_collapse,hot / cold,0,excluded_perp_norm,cool,0.875148,True,(b) cross-layer pole relation,False,Tokenization fixes the position; the unit of analysis is the residual representation carried at that position; it is read across layers 0 to output. The token is not the unit.,The corpus named the dichotomy; the model processed that naming; the measurement recorded the processing; a human interprets the record.,"The corpus named the dichotomy hot / cold; the model processed that naming; the measurement recorded, at layer 0, excluded_perp_norm(cool) = 0.8751; a human interprets the record.",
water_hot_cold,control,scalar_collapse,hot / cold,0,excluded_t,cool,0.576628,True,(b) cross-layer pole relation,False,Tokenization fixes the position; the unit of analysis is the residual representation carried at that position; it is read across layers 0 to output. The token is not the unit.,The corpus named the dichotomy; the model processed that naming; the measurement recorded the processing; a human interprets the record.,"The corpus named the dichotomy hot / cold; the model processed that naming; the measurement recorded, at layer 0, excluded_t(cool) = 0.5766; a human interprets the record.",
water_hot_cold,control,scalar_collapse,hot / cold,0,excluded_perp_norm,mild,0.980939,True,(b) cross-layer pole relation,False,Tokenization fixes the position; the unit of analysis is the residual representation carried at that position; it is read across layers 0 to output. The token is not the unit.,The corpus named the dichotomy; the model processed that naming; the measurement recorded the processing; a human interprets the record.,"The corpus named the dichotomy hot / cold; the model processed that naming; the measurement recorded, at layer 0, excluded_perp_norm(mild) = 0.9809; a human interprets the record.",
water_hot_cold,control,scalar_collapse,hot / cold,0,excluded_t,mild,0.521527,True,(b) cross-layer pole relation,False,Tokenization fixes the position; the unit of analysis is the residual representation carried at that position; it is read across layers 0 to output. The token is not the unit.,The corpus named the dichotomy; the model processed that naming; the measurement recorded the processing; a human interprets the record.,"The corpus named the dichotomy hot / cold; the model processed that naming; the measurement recorded, at layer 0, excluded_t(mild) = 0.5215; a human interprets the record.",
water_hot_cold,control,scalar_collapse,hot / cold,0,excluded_perp_norm,lukewarm,0.956725,True,(b) cross-layer pole relation,False,Tokenization fixes the position; the unit of analysis is the residual representation carried at that position; it is read across layers 0 to output. The token is not the unit.,The corpus named the dichotomy; the model processed that naming; the measurement recorded the processing; a human interprets the record.,"The corpus named the dichotomy hot / cold; the model processed that naming; the measurement recorded, at layer 0, excluded_perp_norm(lukewarm) = 0.9567; a human interprets the record.",
water_hot_cold,control,scalar_collapse,hot / cold,0,excluded_t,lukewarm,0.595958,True,(b) cross-layer pole relation,False,Tokenization fixes the position; the unit of analysis is the residual representation carried at that position; it is read across layers 0 to output. The token is not the unit.,The corpus named the dichotomy; the model processed that naming; the measurement recorded the processing; a human interprets the record.,"The corpus named the dichotomy hot / cold; the model processed that naming; the measurement recorded, at layer 0, excluded_t(lukewarm) = 0.5960; a human interprets the record.",
water_hot_cold,control,scalar_collapse,hot / cold,0,remainder_ratio,excluded_set,0.937604,True,(b) cross-layer pole relation,False,Tokenization fixes the position; the unit of analysis is the residual representation carried at that position; it is read across layers 0 to output. The token is not the unit.,The corpus named the dichotomy; the model processed that naming; the measurement recorded the processing; a human interprets the record.,"The corpus named the dichotomy hot / cold; the model processed that naming; the measurement recorded, at layer 0, remainder_ratio(excluded_set) = 0.9376; a human interprets the record.",
water_hot_cold,control,scalar_collapse,hot / cold,1,cosine_AB_named,hot|cold,0.436742,True,(b) cross-layer pole relation,True,Tokenization fixes the position; the unit of analysis is the residual representation carried at that position; it is read across layers 0 to output. The token is not the unit.,The corpus named the dichotomy; the model processed that naming; the measurement recorded the processing; a human interprets the record.,"The corpus named the dichotomy hot / cold; the model processed that naming; the measurement recorded, at layer 1, cosine_AB_named(hot|cold) = 0.4367 (corroboration only); a human interprets the record.",
water_hot_cold,control,scalar_collapse,hot / cold,1,cosine_AB_carrier,hot|cold,0.461381,True,(b) cross-layer pole relation,True,Tokenization fixes the position; the unit of analysis is the residual representation carried at that position; it is read across layers 0 to output. The token is not the unit.,The corpus named the dichotomy; the model processed that naming; the measurement recorded the processing; a human interprets the record.,"The corpus named the dichotomy hot / cold; the model processed that naming; the measurement recorded, at layer 1, cosine_AB_carrier(hot|cold) = 0.4614 (corroboration only); a human interprets the record.",
water_hot_cold,control,scalar_collapse,hot / cold,1,midpoint_t,warm,0.511177,True,(a) seated-midpoint,True,Tokenization fixes the position; the unit of analysis is the residual representation carried at that position; it is read across layers 0 to output. The token is not the unit.,The corpus named the dichotomy; the model processed that naming; the measurement recorded the processing; a human interprets the record.,"The corpus named the dichotomy hot / cold; the model processed that naming; the measurement recorded, at layer 1, midpoint_t(warm) = 0.5112 (corroboration only); a human interprets the record.",
water_hot_cold,control,scalar_collapse,hot / cold,1,midpoint_perp_norm,warm,0.82434,True,(a) seated-midpoint,True,Tokenization fixes the position; the unit of analysis is the residual representation carried at that position; it is read across layers 0 to output. The token is not the unit.,The corpus named the dichotomy; the model processed that naming; the measurement recorded the processing; a human interprets the record.,"The corpus named the dichotomy hot / cold; the model processed that naming; the measurement recorded, at layer 1, midpoint_perp_norm(warm) = 0.8243 (corroboration only); a human interprets the record.",
water_hot_cold,control,scalar_collapse,hot / cold,1,cosine_midpoint_A,warm,0.489209,True,(a) seated-midpoint,True,Tokenization fixes the position; the unit of analysis is the residual representation carried at that position; it is read across layers 0 to output. The token is not the unit.,The corpus named the dichotomy; the model processed that naming; the measurement recorded the processing; a human interprets the record.,"The corpus named the dichotomy hot / cold; the model processed that naming; the measurement recorded, at layer 1, cosine_midpoint_A(warm) = 0.4892 (corroboration only); a human interprets the record.",
water_hot_cold,control,scalar_collapse,hot / cold,1,cosine_midpoint_B,warm,0.509823,True,(a) seated-midpoint,True,Tokenization fixes the position; the unit of analysis is the residual representation carried at that position; it is read across layers 0 to output. The token is not the unit.,The corpus named the dichotomy; the model processed that naming; the measurement recorded the processing; a human interprets the record.,"The corpus named the dichotomy hot / cold; the model processed that naming; the measurement recorded, at layer 1, cosine_midpoint_B(warm) = 0.5098 (corroboration only); a human interprets the record.",
water_hot_cold,control,scalar_collapse,hot / cold,1,excluded_perp_norm,cool,0.878773,True,(b) cross-layer pole relation,False,Tokenization fixes the position; the unit of analysis is the residual representation carried at that position; it is read across layers 0 to output. The token is not the unit.,The corpus named the dichotomy; the model processed that naming; the measurement recorded the processing; a human interprets the record.,"The corpus named the dichotomy hot / cold; the model processed that naming; the measurement recorded, at layer 1, excluded_perp_norm(cool) = 0.8788; a human interprets the record.",
water_hot_cold,control,scalar_collapse,hot / cold,1,excluded_t,cool,0.580382,True,(b) cross-layer pole relation,False,Tokenization fixes the position; the unit of analysis is the residual representation carried at that position; it is read across layers 0 to output. The token is not the unit.,The corpus named the dichotomy; the model processed that naming; the measurement recorded the processing; a human interprets the record.,"The corpus named the dichotomy hot / cold; the model processed that naming; the measurement recorded, at layer 1, excluded_t(cool) = 0.5804; a human interprets the record.",
water_hot_cold,control,scalar_collapse,hot / cold,1,excluded_perp_norm,mild,1.013568,True,(b) cross-layer pole relation,False,Tokenization fixes the position; the unit of analysis is the residual representation carried at that position; it is read across layers 0 to output. The token is not the unit.,The corpus named the dichotomy; the model processed that naming; the measurement recorded the processing; a human interprets the record.,"The corpus named the dichotomy hot / cold; the model processed that naming; the measurement recorded, at layer 1, excluded_perp_norm(mild) = 1.0136; a human interprets the record.",
water_hot_cold,control,scalar_collapse,hot / cold,1,excluded_t,mild,0.517905,True,(b) cross-layer pole relation,False,Tokenization fixes the position; the unit of analysis is the residual representation carried at that position; it is read across layers 0 to output. The token is not the unit.,The corpus named the dichotomy; the model processed that naming; the measurement recorded the processing; a human interprets the record.,"The corpus named the dichotomy hot / cold; the model processed that naming; the measurement recorded, at layer 1, excluded_t(mild) = 0.5179; a human interprets the record.",
water_hot_cold,control,scalar_collapse,hot / cold,1,excluded_perp_norm,lukewarm,0.892256,True,(b) cross-layer pole relation,False,Tokenization fixes the position; the unit of analysis is the residual representation carried at that position; it is read across layers 0 to output. The token is not the unit.,The corpus named the dichotomy; the model processed that naming; the measurement recorded the processing; a human interprets the record.,"The corpus named the dichotomy hot / cold; the model processed that naming; the measurement recorded, at layer 1, excluded_perp_norm(lukewarm) = 0.8923; a human interprets the record.",
water_hot_cold,control,scalar_collapse,hot / cold,1,excluded_t,lukewarm,0.533803,True,(b) cross-layer pole relation,False,Tokenization fixes the position; the unit of analysis is the residual representation carried at that position; it is read across layers 0 to output. The token is not the unit.,The corpus named the dichotomy; the model processed that naming; the measurement recorded the processing; a human interprets the record.,"The corpus named the dichotomy hot / cold; the model processed that naming; the measurement recorded, at layer 1, excluded_t(lukewarm) = 0.5338; a human interprets the record.",
water_hot_cold,control,scalar_collapse,hot / cold,1,remainder_ratio,excluded_set,0.928199,True,(b) cross-layer pole relation,False,Tokenization fixes the position; the unit of analysis is the residual representation carried at that position; it is read across layers 0 to output. The token is not the unit.,The corpus named the dichotomy; the model processed that naming; the measurement recorded the processing; a human interprets the record.,"The corpus named the dichotomy hot / cold; the model processed that naming; the measurement recorded, at layer 1, remainder_ratio(excluded_set) = 0.9282; a human interprets the record.",
water_hot_cold,control,scalar_collapse,hot / cold,2,cosine_AB_named,hot|cold,0.515269,True,(b) cross-layer pole relation,True,Tokenization fixes the position; the unit of analysis is the residual representation carried at that position; it is read across layers 0 to output. The token is not the unit.,The corpus named the dichotomy; the model processed that naming; the measurement recorded the processing; a human interprets the record.,"The corpus named the dichotomy hot / cold; the model processed that naming; the measurement recorded, at layer 2, cosine_AB_named(hot|cold) = 0.5153 (corroboration only); a human interprets the record.",
water_hot_cold,control,scalar_collapse,hot / cold,2,cosine_AB_carrier,hot|cold,0.553954,True,(b) cross-layer pole relation,True,Tokenization fixes the position; the unit of analysis is the residual representation carried at that position; it is read across layers 0 to output. The token is not the unit.,The corpus named the dichotomy; the model processed that naming; the measurement recorded the processing; a human interprets the record.,"The corpus named the dichotomy hot / cold; the model processed that naming; the measurement recorded, at layer 2, cosine_AB_carrier(hot|cold) = 0.5540 (corroboration only); a human interprets the record.",
water_hot_cold,control,scalar_collapse,hot / cold,2,midpoint_t,warm,0.549418,True,(a) seated-midpoint,True,Tokenization fixes the position; the unit of analysis is the residual representation carried at that position; it is read across layers 0 to output. The token is not the unit.,The corpus named the dichotomy; the model processed that naming; the measurement recorded the processing; a human interprets the record.,"The corpus named the dichotomy hot / cold; the model processed that naming; the measurement recorded, at layer 2, midpoint_t(warm) = 0.5494 (corroboration only); a human interprets the record.",
water_hot_cold,control,scalar_collapse,hot / cold,2,midpoint_perp_norm,warm,0.809013,True,(a) seated-midpoint,True,Tokenization fixes the position; the unit of analysis is the residual representation carried at that position; it is read across layers 0 to output. The token is not the unit.,The corpus named the dichotomy; the model processed that naming; the measurement recorded the processing; a human interprets the record.,"The corpus named the dichotomy hot / cold; the model processed that naming; the measurement recorded, at layer 2, midpoint_perp_norm(warm) = 0.8090 (corroboration only); a human interprets the record.",
water_hot_cold,control,scalar_collapse,hot / cold,2,cosine_midpoint_A,warm,0.572362,True,(a) seated-midpoint,True,Tokenization fixes the position; the unit of analysis is the residual representation carried at that position; it is read across layers 0 to output. The token is not the unit.,The corpus named the dichotomy; the model processed that naming; the measurement recorded the processing; a human interprets the record.,"The corpus named the dichotomy hot / cold; the model processed that naming; the measurement recorded, at layer 2, cosine_midpoint_A(warm) = 0.5724 (corroboration only); a human interprets the record.",
water_hot_cold,control,scalar_collapse,hot / cold,2,cosine_midpoint_B,warm,0.622909,True,(a) seated-midpoint,True,Tokenization fixes the position; the unit of analysis is the residual representation carried at that position; it is read across layers 0 to output. The token is not the unit.,The corpus named the dichotomy; the model processed that naming; the measurement recorded the processing; a human interprets the record.,"The corpus named the dichotomy hot / cold; the model processed that naming; the measurement recorded, at layer 2, cosine_midpoint_B(warm) = 0.6229 (corroboration only); a human interprets the record.",
water_hot_cold,control,scalar_collapse,hot / cold,2,excluded_perp_norm,cool,0.8594,True,(b) cross-layer pole relation,False,Tokenization fixes the position; the unit of analysis is the residual representation carried at that position; it is read across layers 0 to output. The token is not the unit.,The corpus named the dichotomy; the model processed that naming; the measurement recorded the processing; a human interprets the record.,"The corpus named the dichotomy hot / cold; the model processed that naming; the measurement recorded, at layer 2, excluded_perp_norm(cool) = 0.8594; a human interprets the record.",
water_hot_cold,control,scalar_collapse,hot / cold,2,excluded_t,cool,0.592654,True,(b) cross-layer pole relation,False,Tokenization fixes the position; the unit of analysis is the residual representation carried at that position; it is read across layers 0 to output. The token is not the unit.,The corpus named the dichotomy; the model processed that naming; the measurement recorded the processing; a human interprets the record.,"The corpus named the dichotomy hot / cold; the model processed that naming; the measurement recorded, at layer 2, excluded_t(cool) = 0.5927; a human interprets the record.",
water_hot_cold,control,scalar_collapse,hot / cold,2,excluded_perp_norm,mild,1.022799,True,(b) cross-layer pole relation,False,Tokenization fixes the position; the unit of analysis is the residual representation carried at that position; it is read across layers 0 to output. The token is not the unit.,The corpus named the dichotomy; the model processed that naming; the measurement recorded the processing; a human interprets the record.,"The corpus named the dichotomy hot / cold; the model processed that naming; the measurement recorded, at layer 2, excluded_perp_norm(mild) = 1.0228; a human interprets the record.",
water_hot_cold,control,scalar_collapse,hot / cold,2,excluded_t,mild,0.540521,True,(b) cross-layer pole relation,False,Tokenization fixes the position; the unit of analysis is the residual representation carried at that position; it is read across layers 0 to output. The token is not the unit.,The corpus named the dichotomy; the model processed that naming; the measurement recorded the processing; a human interprets the record.,"The corpus named the dichotomy hot / cold; the model processed that naming; the measurement recorded, at layer 2, excluded_t(mild) = 0.5405; a human interprets the record.",
water_hot_cold,control,scalar_collapse,hot / cold,2,excluded_perp_norm,lukewarm,0.920929,True,(b) cross-layer pole relation,False,Tokenization fixes the position; the unit of analysis is the residual representation carried at that position; it is read across layers 0 to output. The token is not the unit.,The corpus named the dichotomy; the model processed that naming; the measurement recorded the processing; a human interprets the record.,"The corpus named the dichotomy hot / cold; the model processed that naming; the measurement recorded, at layer 2, excluded_perp_norm(lukewarm) = 0.9209; a human interprets the record.",
water_hot_cold,control,scalar_collapse,hot / cold,2,excluded_t,lukewarm,0.547228,True,(b) cross-layer pole relation,False,Tokenization fixes the position; the unit of analysis is the residual representation carried at that position; it is read across layers 0 to output. The token is not the unit.,The corpus named the dichotomy; the model processed that naming; the measurement recorded the processing; a human interprets the record.,"The corpus named the dichotomy hot / cold; the model processed that naming; the measurement recorded, at layer 2, excluded_t(lukewarm) = 0.5472; a human interprets the record.",
water_hot_cold,control,scalar_collapse,hot / cold,2,remainder_ratio,excluded_set,0.934376,True,(b) cross-layer pole relation,False,Tokenization fixes the position; the unit of analysis is the residual representation carried at that position; it is read across layers 0 to output. The token is not the unit.,The corpus named the dichotomy; the model processed that naming; the measurement recorded the processing; a human interprets the record.,"The corpus named the dichotomy hot / cold; the model processed that naming; the measurement recorded, at layer 2, remainder_ratio(excluded_set) = 0.9344; a human interprets the record.",
water_hot_cold,control,scalar_collapse,hot / cold,3,cosine_AB_named,hot|cold,0.574053,True,(b) cross-layer pole relation,True,Tokenization fixes the position; the unit of analysis is the residual representation carried at that position; it is read across layers 0 to output. The token is not the unit.,The corpus named the dichotomy; the model processed that naming; the measurement recorded the processing; a human interprets the record.,"The corpus named the dichotomy hot / cold; the model processed that naming; the measurement recorded, at layer 3, cosine_AB_named(hot|cold) = 0.5741 (corroboration only); a human interprets the record.",
water_hot_cold,control,scalar_collapse,hot / cold,3,cosine_AB_carrier,hot|cold,0.646521,True,(b) cross-layer pole relation,True,Tokenization fixes the position; the unit of analysis is the residual representation carried at that position; it is read across layers 0 to output. The token is not the unit.,The corpus named the dichotomy; the model processed that naming; the measurement recorded the processing; a human interprets the record.,"The corpus named the dichotomy hot / cold; the model processed that naming; the measurement recorded, at layer 3, cosine_AB_carrier(hot|cold) = 0.6465 (corroboration only); a human interprets the record.",
water_hot_cold,control,scalar_collapse,hot / cold,3,midpoint_t,warm,0.532589,True,(a) seated-midpoint,True,Tokenization fixes the position; the unit of analysis is the residual representation carried at that position; it is read across layers 0 to output. The token is not the unit.,The corpus named the dichotomy; the model processed that naming; the measurement recorded the processing; a human interprets the record.,"The corpus named the dichotomy hot / cold; the model processed that naming; the measurement recorded, at layer 3, midpoint_t(warm) = 0.5326 (corroboration only); a human interprets the record.",
water_hot_cold,control,scalar_collapse,hot / cold,3,midpoint_perp_norm,warm,0.81063,True,(a) seated-midpoint,True,Tokenization fixes the position; the unit of analysis is the residual representation carried at that position; it is read across layers 0 to output. The token is not the unit.,The corpus named the dichotomy; the model processed that naming; the measurement recorded the processing; a human interprets the record.,"The corpus named the dichotomy hot / cold; the model processed that naming; the measurement recorded, at layer 3, midpoint_perp_norm(warm) = 0.8106 (corroboration only); a human interprets the record.",
water_hot_cold,control,scalar_collapse,hot / cold,3,cosine_midpoint_A,warm,0.666845,True,(a) seated-midpoint,True,Tokenization fixes the position; the unit of analysis is the residual representation carried at that position; it is read across layers 0 to output. The token is not the unit.,The corpus named the dichotomy; the model processed that naming; the measurement recorded the processing; a human interprets the record.,"The corpus named the dichotomy hot / cold; the model processed that naming; the measurement recorded, at layer 3, cosine_midpoint_A(warm) = 0.6668 (corroboration only); a human interprets the record.",
water_hot_cold,control,scalar_collapse,hot / cold,3,cosine_midpoint_B,warm,0.69952,True,(a) seated-midpoint,True,Tokenization fixes the position; the unit of analysis is the residual representation carried at that position; it is read across layers 0 to output. The token is not the unit.,The corpus named the dichotomy; the model processed that naming; the measurement recorded the processing; a human interprets the record.,"The corpus named the dichotomy hot / cold; the model processed that naming; the measurement recorded, at layer 3, cosine_midpoint_B(warm) = 0.6995 (corroboration only); a human interprets the record.",
water_hot_cold,control,scalar_collapse,hot / cold,3,excluded_perp_norm,cool,0.86989,True,(b) cross-layer pole relation,False,Tokenization fixes the position; the unit of analysis is the residual representation carried at that position; it is read across layers 0 to output. The token is not the unit.,The corpus named the dichotomy; the model processed that naming; the measurement recorded the processing; a human interprets the record.,"The corpus named the dichotomy hot / cold; the model processed that naming; the measurement recorded, at layer 3, excluded_perp_norm(cool) = 0.8699; a human interprets the record.",
water_hot_cold,control,scalar_collapse,hot / cold,3,excluded_t,cool,0.595531,True,(b) cross-layer pole relation,False,Tokenization fixes the position; the unit of analysis is the residual representation carried at that position; it is read across layers 0 to output. The token is not the unit.,The corpus named the dichotomy; the model processed that naming; the measurement recorded the processing; a human interprets the record.,"The corpus named the dichotomy hot / cold; the model processed that naming; the measurement recorded, at layer 3, excluded_t(cool) = 0.5955; a human interprets the record.",
water_hot_cold,control,scalar_collapse,hot / cold,3,excluded_perp_norm,mild,1.048792,True,(b) cross-layer pole relation,False,Tokenization fixes the position; the unit of analysis is the residual representation carried at that position; it is read across layers 0 to output. The token is not the unit.,The corpus named the dichotomy; the model processed that naming; the measurement recorded the processing; a human interprets the record.,"The corpus named the dichotomy hot / cold; the model processed that naming; the measurement recorded, at layer 3, excluded_perp_norm(mild) = 1.0488; a human interprets the record.",
water_hot_cold,control,scalar_collapse,hot / cold,3,excluded_t,mild,0.549324,True,(b) cross-layer pole relation,False,Tokenization fixes the position; the unit of analysis is the residual representation carried at that position; it is read across layers 0 to output. The token is not the unit.,The corpus named the dichotomy; the model processed that naming; the measurement recorded the processing; a human interprets the record.,"The corpus named the dichotomy hot / cold; the model processed that naming; the measurement recorded, at layer 3, excluded_t(mild) = 0.5493; a human interprets the record.",
water_hot_cold,control,scalar_collapse,hot / cold,3,excluded_perp_norm,lukewarm,0.983908,True,(b) cross-layer pole relation,False,Tokenization fixes the position; the unit of analysis is the residual representation carried at that position; it is read across layers 0 to output. The token is not the unit.,The corpus named the dichotomy; the model processed that naming; the measurement recorded the processing; a human interprets the record.,"The corpus named the dichotomy hot / cold; the model processed that naming; the measurement recorded, at layer 3, excluded_perp_norm(lukewarm) = 0.9839; a human interprets the record.",
water_hot_cold,control,scalar_collapse,hot / cold,3,excluded_t,lukewarm,0.510714,True,(b) cross-layer pole relation,False,Tokenization fixes the position; the unit of analysis is the residual representation carried at that position; it is read across layers 0 to output. The token is not the unit.,The corpus named the dichotomy; the model processed that naming; the measurement recorded the processing; a human interprets the record.,"The corpus named the dichotomy hot / cold; the model processed that naming; the measurement recorded, at layer 3, excluded_t(lukewarm) = 0.5107; a human interprets the record.",
water_hot_cold,control,scalar_collapse,hot / cold,3,remainder_ratio,excluded_set,0.96753,True,(b) cross-layer pole relation,False,Tokenization fixes the position; the unit of analysis is the residual representation carried at that position; it is read across layers 0 to output. The token is not the unit.,The corpus named the dichotomy; the model processed that naming; the measurement recorded the processing; a human interprets the record.,"The corpus named the dichotomy hot / cold; the model processed that naming; the measurement recorded, at layer 3, remainder_ratio(excluded_set) = 0.9675; a human interprets the record.",
water_hot_cold,control,scalar_collapse,hot / cold,4,cosine_AB_named,hot|cold,0.641416,True,(b) cross-layer pole relation,True,Tokenization fixes the position; the unit of analysis is the residual representation carried at that position; it is read across layers 0 to output. The token is not the unit.,The corpus named the dichotomy; the model processed that naming; the measurement recorded the processing; a human interprets the record.,"The corpus named the dichotomy hot / cold; the model processed that naming; the measurement recorded, at layer 4, cosine_AB_named(hot|cold) = 0.6414 (corroboration only); a human interprets the record.",
water_hot_cold,control,scalar_collapse,hot / cold,4,cosine_AB_carrier,hot|cold,0.75352,True,(b) cross-layer pole relation,True,Tokenization fixes the position; the unit of analysis is the residual representation carried at that position; it is read across layers 0 to output. The token is not the unit.,The corpus named the dichotomy; the model processed that naming; the measurement recorded the processing; a human interprets the record.,"The corpus named the dichotomy hot / cold; the model processed that naming; the measurement recorded, at layer 4, cosine_AB_carrier(hot|cold) = 0.7535 (corroboration only); a human interprets the record.",
water_hot_cold,control,scalar_collapse,hot / cold,4,midpoint_t,warm,0.521286,True,(a) seated-midpoint,True,Tokenization fixes the position; the unit of analysis is the residual representation carried at that position; it is read across layers 0 to output. The token is not the unit.,The corpus named the dichotomy; the model processed that naming; the measurement recorded the processing; a human interprets the record.,"The corpus named the dichotomy hot / cold; the model processed that naming; the measurement recorded, at layer 4, midpoint_t(warm) = 0.5213 (corroboration only); a human interprets the record.",
water_hot_cold,control,scalar_collapse,hot / cold,4,midpoint_perp_norm,warm,0.794154,True,(a) seated-midpoint,True,Tokenization fixes the position; the unit of analysis is the residual representation carried at that position; it is read across layers 0 to output. The token is not the unit.,The corpus named the dichotomy; the model processed that naming; the measurement recorded the processing; a human interprets the record.,"The corpus named the dichotomy hot / cold; the model processed that naming; the measurement recorded, at layer 4, midpoint_perp_norm(warm) = 0.7942 (corroboration only); a human interprets the record.",
water_hot_cold,control,scalar_collapse,hot / cold,4,cosine_midpoint_A,warm,0.773031,True,(a) seated-midpoint,True,Tokenization fixes the position; the unit of analysis is the residual representation carried at that position; it is read across layers 0 to output. The token is not the unit.,The corpus named the dichotomy; the model processed that naming; the measurement recorded the processing; a human interprets the record.,"The corpus named the dichotomy hot / cold; the model processed that naming; the measurement recorded, at layer 4, cosine_midpoint_A(warm) = 0.7730 (corroboration only); a human interprets the record.",
water_hot_cold,control,scalar_collapse,hot / cold,4,cosine_midpoint_B,warm,0.796804,True,(a) seated-midpoint,True,Tokenization fixes the position; the unit of analysis is the residual representation carried at that position; it is read across layers 0 to output. The token is not the unit.,The corpus named the dichotomy; the model processed that naming; the measurement recorded the processing; a human interprets the record.,"The corpus named the dichotomy hot / cold; the model processed that naming; the measurement recorded, at layer 4, cosine_midpoint_B(warm) = 0.7968 (corroboration only); a human interprets the record.",
water_hot_cold,control,scalar_collapse,hot / cold,4,excluded_perp_norm,cool,0.865,True,(b) cross-layer pole relation,False,Tokenization fixes the position; the unit of analysis is the residual representation carried at that position; it is read across layers 0 to output. The token is not the unit.,The corpus named the dichotomy; the model processed that naming; the measurement recorded the processing; a human interprets the record.,"The corpus named the dichotomy hot / cold; the model processed that naming; the measurement recorded, at layer 4, excluded_perp_norm(cool) = 0.8650; a human interprets the record.",
water_hot_cold,control,scalar_collapse,hot / cold,4,excluded_t,cool,0.580868,True,(b) cross-layer pole relation,False,Tokenization fixes the position; the unit of analysis is the residual representation carried at that position; it is read across layers 0 to output. The token is not the unit.,The corpus named the dichotomy; the model processed that naming; the measurement recorded the processing; a human interprets the record.,"The corpus named the dichotomy hot / cold; the model processed that naming; the measurement recorded, at layer 4, excluded_t(cool) = 0.5809; a human interprets the record.",
water_hot_cold,control,scalar_collapse,hot / cold,4,excluded_perp_norm,mild,1.078071,True,(b) cross-layer pole relation,False,Tokenization fixes the position; the unit of analysis is the residual representation carried at that position; it is read across layers 0 to output. The token is not the unit.,The corpus named the dichotomy; the model processed that naming; the measurement recorded the processing; a human interprets the record.,"The corpus named the dichotomy hot / cold; the model processed that naming; the measurement recorded, at layer 4, excluded_perp_norm(mild) = 1.0781; a human interprets the record.",
water_hot_cold,control,scalar_collapse,hot / cold,4,excluded_t,mild,0.539527,True,(b) cross-layer pole relation,False,Tokenization fixes the position; the unit of analysis is the residual representation carried at that position; it is read across layers 0 to output. The token is not the unit.,The corpus named the dichotomy; the model processed that naming; the measurement recorded the processing; a human interprets the record.,"The corpus named the dichotomy hot / cold; the model processed that naming; the measurement recorded, at layer 4, excluded_t(mild) = 0.5395; a human interprets the record.",
water_hot_cold,control,scalar_collapse,hot / cold,4,excluded_perp_norm,lukewarm,1.009585,True,(b) cross-layer pole relation,False,Tokenization fixes the position; the unit of analysis is the residual representation carried at that position; it is read across layers 0 to output. The token is not the unit.,The corpus named the dichotomy; the model processed that naming; the measurement recorded the processing; a human interprets the record.,"The corpus named the dichotomy hot / cold; the model processed that naming; the measurement recorded, at layer 4, excluded_perp_norm(lukewarm) = 1.0096; a human interprets the record.",
water_hot_cold,control,scalar_collapse,hot / cold,4,excluded_t,lukewarm,0.531489,True,(b) cross-layer pole relation,False,Tokenization fixes the position; the unit of analysis is the residual representation carried at that position; it is read across layers 0 to output. The token is not the unit.,The corpus named the dichotomy; the model processed that naming; the measurement recorded the processing; a human interprets the record.,"The corpus named the dichotomy hot / cold; the model processed that naming; the measurement recorded, at layer 4, excluded_t(lukewarm) = 0.5315; a human interprets the record.",
water_hot_cold,control,scalar_collapse,hot / cold,4,remainder_ratio,excluded_set,0.984219,True,(b) cross-layer pole relation,False,Tokenization fixes the position; the unit of analysis is the residual representation carried at that position; it is read across layers 0 to output. The token is not the unit.,The corpus named the dichotomy; the model processed that naming; the measurement recorded the processing; a human interprets the record.,"The corpus named the dichotomy hot / cold; the model processed that naming; the measurement recorded, at layer 4, remainder_ratio(excluded_set) = 0.9842; a human interprets the record.",
water_hot_cold,control,scalar_collapse,hot / cold,5,cosine_AB_named,hot|cold,0.666379,True,(b) cross-layer pole relation,True,Tokenization fixes the position; the unit of analysis is the residual representation carried at that position; it is read across layers 0 to output. The token is not the unit.,The corpus named the dichotomy; the model processed that naming; the measurement recorded the processing; a human interprets the record.,"The corpus named the dichotomy hot / cold; the model processed that naming; the measurement recorded, at layer 5, cosine_AB_named(hot|cold) = 0.6664 (corroboration only); a human interprets the record.",
water_hot_cold,control,scalar_collapse,hot / cold,5,cosine_AB_carrier,hot|cold,0.776757,True,(b) cross-layer pole relation,True,Tokenization fixes the position; the unit of analysis is the residual representation carried at that position; it is read across layers 0 to output. The token is not the unit.,The corpus named the dichotomy; the model processed that naming; the measurement recorded the processing; a human interprets the record.,"The corpus named the dichotomy hot / cold; the model processed that naming; the measurement recorded, at layer 5, cosine_AB_carrier(hot|cold) = 0.7768 (corroboration only); a human interprets the record.",
water_hot_cold,control,scalar_collapse,hot / cold,5,midpoint_t,warm,0.466222,True,(a) seated-midpoint,True,Tokenization fixes the position; the unit of analysis is the residual representation carried at that position; it is read across layers 0 to output. The token is not the unit.,The corpus named the dichotomy; the model processed that naming; the measurement recorded the processing; a human interprets the record.,"The corpus named the dichotomy hot / cold; the model processed that naming; the measurement recorded, at layer 5, midpoint_t(warm) = 0.4662 (corroboration only); a human interprets the record.",
water_hot_cold,control,scalar_collapse,hot / cold,5,midpoint_perp_norm,warm,0.737199,True,(a) seated-midpoint,True,Tokenization fixes the position; the unit of analysis is the residual representation carried at that position; it is read across layers 0 to output. The token is not the unit.,The corpus named the dichotomy; the model processed that naming; the measurement recorded the processing; a human interprets the record.,"The corpus named the dichotomy hot / cold; the model processed that naming; the measurement recorded, at layer 5, midpoint_perp_norm(warm) = 0.7372 (corroboration only); a human interprets the record.",
water_hot_cold,control,scalar_collapse,hot / cold,5,cosine_midpoint_A,warm,0.827934,True,(a) seated-midpoint,True,Tokenization fixes the position; the unit of analysis is the residual representation carried at that position; it is read across layers 0 to output. The token is not the unit.,The corpus named the dichotomy; the model processed that naming; the measurement recorded the processing; a human interprets the record.,"The corpus named the dichotomy hot / cold; the model processed that naming; the measurement recorded, at layer 5, cosine_midpoint_A(warm) = 0.8279 (corroboration only); a human interprets the record.",
water_hot_cold,control,scalar_collapse,hot / cold,5,cosine_midpoint_B,warm,0.822295,True,(a) seated-midpoint,True,Tokenization fixes the position; the unit of analysis is the residual representation carried at that position; it is read across layers 0 to output. The token is not the unit.,The corpus named the dichotomy; the model processed that naming; the measurement recorded the processing; a human interprets the record.,"The corpus named the dichotomy hot / cold; the model processed that naming; the measurement recorded, at layer 5, cosine_midpoint_B(warm) = 0.8223 (corroboration only); a human interprets the record.",
water_hot_cold,control,scalar_collapse,hot / cold,5,excluded_perp_norm,cool,0.850871,True,(b) cross-layer pole relation,False,Tokenization fixes the position; the unit of analysis is the residual representation carried at that position; it is read across layers 0 to output. The token is not the unit.,The corpus named the dichotomy; the model processed that naming; the measurement recorded the processing; a human interprets the record.,"The corpus named the dichotomy hot / cold; the model processed that naming; the measurement recorded, at layer 5, excluded_perp_norm(cool) = 0.8509; a human interprets the record.",
water_hot_cold,control,scalar_collapse,hot / cold,5,excluded_t,cool,0.667615,True,(b) cross-layer pole relation,False,Tokenization fixes the position; the unit of analysis is the residual representation carried at that position; it is read across layers 0 to output. The token is not the unit.,The corpus named the dichotomy; the model processed that naming; the measurement recorded the processing; a human interprets the record.,"The corpus named the dichotomy hot / cold; the model processed that naming; the measurement recorded, at layer 5, excluded_t(cool) = 0.6676; a human interprets the record.",
water_hot_cold,control,scalar_collapse,hot / cold,5,excluded_perp_norm,mild,1.139992,True,(b) cross-layer pole relation,False,Tokenization fixes the position; the unit of analysis is the residual representation carried at that position; it is read across layers 0 to output. The token is not the unit.,The corpus named the dichotomy; the model processed that naming; the measurement recorded the processing; a human interprets the record.,"The corpus named the dichotomy hot / cold; the model processed that naming; the measurement recorded, at layer 5, excluded_perp_norm(mild) = 1.1400; a human interprets the record.",
water_hot_cold,control,scalar_collapse,hot / cold,5,excluded_t,mild,0.558682,True,(b) cross-layer pole relation,False,Tokenization fixes the position; the unit of analysis is the residual representation carried at that position; it is read across layers 0 to output. The token is not the unit.,The corpus named the dichotomy; the model processed that naming; the measurement recorded the processing; a human interprets the record.,"The corpus named the dichotomy hot / cold; the model processed that naming; the measurement recorded, at layer 5, excluded_t(mild) = 0.5587; a human interprets the record.",
water_hot_cold,control,scalar_collapse,hot / cold,5,excluded_perp_norm,lukewarm,0.958982,True,(b) cross-layer pole relation,False,Tokenization fixes the position; the unit of analysis is the residual representation carried at that position; it is read across layers 0 to output. The token is not the unit.,The corpus named the dichotomy; the model processed that naming; the measurement recorded the processing; a human interprets the record.,"The corpus named the dichotomy hot / cold; the model processed that naming; the measurement recorded, at layer 5, excluded_perp_norm(lukewarm) = 0.9590; a human interprets the record.",
water_hot_cold,control,scalar_collapse,hot / cold,5,excluded_t,lukewarm,0.516624,True,(b) cross-layer pole relation,False,Tokenization fixes the position; the unit of analysis is the residual representation carried at that position; it is read across layers 0 to output. The token is not the unit.,The corpus named the dichotomy; the model processed that naming; the measurement recorded the processing; a human interprets the record.,"The corpus named the dichotomy hot / cold; the model processed that naming; the measurement recorded, at layer 5, excluded_t(lukewarm) = 0.5166; a human interprets the record.",
water_hot_cold,control,scalar_collapse,hot / cold,5,remainder_ratio,excluded_set,0.983282,True,(b) cross-layer pole relation,False,Tokenization fixes the position; the unit of analysis is the residual representation carried at that position; it is read across layers 0 to output. The token is not the unit.,The corpus named the dichotomy; the model processed that naming; the measurement recorded the processing; a human interprets the record.,"The corpus named the dichotomy hot / cold; the model processed that naming; the measurement recorded, at layer 5, remainder_ratio(excluded_set) = 0.9833; a human interprets the record.",
water_hot_cold,control,scalar_collapse,hot / cold,6,cosine_AB_named,hot|cold,0.589914,True,(b) cross-layer pole relation,True,Tokenization fixes the position; the unit of analysis is the residual representation carried at that position; it is read across layers 0 to output. The token is not the unit.,The corpus named the dichotomy; the model processed that naming; the measurement recorded the processing; a human interprets the record.,"The corpus named the dichotomy hot / cold; the model processed that naming; the measurement recorded, at layer 6, cosine_AB_named(hot|cold) = 0.5899 (corroboration only); a human interprets the record.",
water_hot_cold,control,scalar_collapse,hot / cold,6,cosine_AB_carrier,hot|cold,0.756134,True,(b) cross-layer pole relation,True,Tokenization fixes the position; the unit of analysis is the residual representation carried at that position; it is read across layers 0 to output. The token is not the unit.,The corpus named the dichotomy; the model processed that naming; the measurement recorded the processing; a human interprets the record.,"The corpus named the dichotomy hot / cold; the model processed that naming; the measurement recorded, at layer 6, cosine_AB_carrier(hot|cold) = 0.7561 (corroboration only); a human interprets the record.",
water_hot_cold,control,scalar_collapse,hot / cold,6,midpoint_t,warm,0.461902,True,(a) seated-midpoint,True,Tokenization fixes the position; the unit of analysis is the residual representation carried at that position; it is read across layers 0 to output. The token is not the unit.,The corpus named the dichotomy; the model processed that naming; the measurement recorded the processing; a human interprets the record.,"The corpus named the dichotomy hot / cold; the model processed that naming; the measurement recorded, at layer 6, midpoint_t(warm) = 0.4619 (corroboration only); a human interprets the record.",
water_hot_cold,control,scalar_collapse,hot / cold,6,midpoint_perp_norm,warm,0.748554,True,(a) seated-midpoint,True,Tokenization fixes the position; the unit of analysis is the residual representation carried at that position; it is read across layers 0 to output. The token is not the unit.,The corpus named the dichotomy; the model processed that naming; the measurement recorded the processing; a human interprets the record.,"The corpus named the dichotomy hot / cold; the model processed that naming; the measurement recorded, at layer 6, midpoint_perp_norm(warm) = 0.7486 (corroboration only); a human interprets the record.",
water_hot_cold,control,scalar_collapse,hot / cold,6,cosine_midpoint_A,warm,0.813803,True,(a) seated-midpoint,True,Tokenization fixes the position; the unit of analysis is the residual representation carried at that position; it is read across layers 0 to output. The token is not the unit.,The corpus named the dichotomy; the model processed that naming; the measurement recorded the processing; a human interprets the record.,"The corpus named the dichotomy hot / cold; the model processed that naming; the measurement recorded, at layer 6, cosine_midpoint_A(warm) = 0.8138 (corroboration only); a human interprets the record.",
water_hot_cold,control,scalar_collapse,hot / cold,6,cosine_midpoint_B,warm,0.801039,True,(a) seated-midpoint,True,Tokenization fixes the position; the unit of analysis is the residual representation carried at that position; it is read across layers 0 to output. The token is not the unit.,The corpus named the dichotomy; the model processed that naming; the measurement recorded the processing; a human interprets the record.,"The corpus named the dichotomy hot / cold; the model processed that naming; the measurement recorded, at layer 6, cosine_midpoint_B(warm) = 0.8010 (corroboration only); a human interprets the record.",
water_hot_cold,control,scalar_collapse,hot / cold,6,excluded_perp_norm,cool,0.833411,True,(b) cross-layer pole relation,False,Tokenization fixes the position; the unit of analysis is the residual representation carried at that position; it is read across layers 0 to output. The token is not the unit.,The corpus named the dichotomy; the model processed that naming; the measurement recorded the processing; a human interprets the record.,"The corpus named the dichotomy hot / cold; the model processed that naming; the measurement recorded, at layer 6, excluded_perp_norm(cool) = 0.8334; a human interprets the record.",
water_hot_cold,control,scalar_collapse,hot / cold,6,excluded_t,cool,0.709965,True,(b) cross-layer pole relation,False,Tokenization fixes the position; the unit of analysis is the residual representation carried at that position; it is read across layers 0 to output. The token is not the unit.,The corpus named the dichotomy; the model processed that naming; the measurement recorded the processing; a human interprets the record.,"The corpus named the dichotomy hot / cold; the model processed that naming; the measurement recorded, at layer 6, excluded_t(cool) = 0.7100; a human interprets the record.",
water_hot_cold,control,scalar_collapse,hot / cold,6,excluded_perp_norm,mild,1.14293,True,(b) cross-layer pole relation,False,Tokenization fixes the position; the unit of analysis is the residual representation carried at that position; it is read across layers 0 to output. The token is not the unit.,The corpus named the dichotomy; the model processed that naming; the measurement recorded the processing; a human interprets the record.,"The corpus named the dichotomy hot / cold; the model processed that naming; the measurement recorded, at layer 6, excluded_perp_norm(mild) = 1.1429; a human interprets the record.",
water_hot_cold,control,scalar_collapse,hot / cold,6,excluded_t,mild,0.585304,True,(b) cross-layer pole relation,False,Tokenization fixes the position; the unit of analysis is the residual representation carried at that position; it is read across layers 0 to output. The token is not the unit.,The corpus named the dichotomy; the model processed that naming; the measurement recorded the processing; a human interprets the record.,"The corpus named the dichotomy hot / cold; the model processed that naming; the measurement recorded, at layer 6, excluded_t(mild) = 0.5853; a human interprets the record.",
water_hot_cold,control,scalar_collapse,hot / cold,6,excluded_perp_norm,lukewarm,0.982529,True,(b) cross-layer pole relation,False,Tokenization fixes the position; the unit of analysis is the residual representation carried at that position; it is read across layers 0 to output. The token is not the unit.,The corpus named the dichotomy; the model processed that naming; the measurement recorded the processing; a human interprets the record.,"The corpus named the dichotomy hot / cold; the model processed that naming; the measurement recorded, at layer 6, excluded_perp_norm(lukewarm) = 0.9825; a human interprets the record.",
water_hot_cold,control,scalar_collapse,hot / cold,6,excluded_t,lukewarm,0.507455,True,(b) cross-layer pole relation,False,Tokenization fixes the position; the unit of analysis is the residual representation carried at that position; it is read across layers 0 to output. The token is not the unit.,The corpus named the dichotomy; the model processed that naming; the measurement recorded the processing; a human interprets the record.,"The corpus named the dichotomy hot / cold; the model processed that naming; the measurement recorded, at layer 6, excluded_t(lukewarm) = 0.5075; a human interprets the record.",
water_hot_cold,control,scalar_collapse,hot / cold,6,remainder_ratio,excluded_set,0.98629,True,(b) cross-layer pole relation,False,Tokenization fixes the position; the unit of analysis is the residual representation carried at that position; it is read across layers 0 to output. The token is not the unit.,The corpus named the dichotomy; the model processed that naming; the measurement recorded the processing; a human interprets the record.,"The corpus named the dichotomy hot / cold; the model processed that naming; the measurement recorded, at layer 6, remainder_ratio(excluded_set) = 0.9863; a human interprets the record.",
water_hot_cold,control,scalar_collapse,hot / cold,7,cosine_AB_named,hot|cold,0.664644,True,(b) cross-layer pole relation,True,Tokenization fixes the position; the unit of analysis is the residual representation carried at that position; it is read across layers 0 to output. The token is not the unit.,The corpus named the dichotomy; the model processed that naming; the measurement recorded the processing; a human interprets the record.,"The corpus named the dichotomy hot / cold; the model processed that naming; the measurement recorded, at layer 7, cosine_AB_named(hot|cold) = 0.6646 (corroboration only); a human interprets the record.",
water_hot_cold,control,scalar_collapse,hot / cold,7,cosine_AB_carrier,hot|cold,0.815949,True,(b) cross-layer pole relation,True,Tokenization fixes the position; the unit of analysis is the residual representation carried at that position; it is read across layers 0 to output. The token is not the unit.,The corpus named the dichotomy; the model processed that naming; the measurement recorded the processing; a human interprets the record.,"The corpus named the dichotomy hot / cold; the model processed that naming; the measurement recorded, at layer 7, cosine_AB_carrier(hot|cold) = 0.8159 (corroboration only); a human interprets the record.",
water_hot_cold,control,scalar_collapse,hot / cold,7,midpoint_t,warm,0.477658,True,(a) seated-midpoint,True,Tokenization fixes the position; the unit of analysis is the residual representation carried at that position; it is read across layers 0 to output. The token is not the unit.,The corpus named the dichotomy; the model processed that naming; the measurement recorded the processing; a human interprets the record.,"The corpus named the dichotomy hot / cold; the model processed that naming; the measurement recorded, at layer 7, midpoint_t(warm) = 0.4777 (corroboration only); a human interprets the record.",
water_hot_cold,control,scalar_collapse,hot / cold,7,midpoint_perp_norm,warm,0.745591,True,(a) seated-midpoint,True,Tokenization fixes the position; the unit of analysis is the residual representation carried at that position; it is read across layers 0 to output. The token is not the unit.,The corpus named the dichotomy; the model processed that naming; the measurement recorded the processing; a human interprets the record.,"The corpus named the dichotomy hot / cold; the model processed that naming; the measurement recorded, at layer 7, midpoint_perp_norm(warm) = 0.7456 (corroboration only); a human interprets the record.",
water_hot_cold,control,scalar_collapse,hot / cold,7,cosine_midpoint_A,warm,0.859633,True,(a) seated-midpoint,True,Tokenization fixes the position; the unit of analysis is the residual representation carried at that position; it is read across layers 0 to output. The token is not the unit.,The corpus named the dichotomy; the model processed that naming; the measurement recorded the processing; a human interprets the record.,"The corpus named the dichotomy hot / cold; the model processed that naming; the measurement recorded, at layer 7, cosine_midpoint_A(warm) = 0.8596 (corroboration only); a human interprets the record.",
water_hot_cold,control,scalar_collapse,hot / cold,7,cosine_midpoint_B,warm,0.858472,True,(a) seated-midpoint,True,Tokenization fixes the position; the unit of analysis is the residual representation carried at that position; it is read across layers 0 to output. The token is not the unit.,The corpus named the dichotomy; the model processed that naming; the measurement recorded the processing; a human interprets the record.,"The corpus named the dichotomy hot / cold; the model processed that naming; the measurement recorded, at layer 7, cosine_midpoint_B(warm) = 0.8585 (corroboration only); a human interprets the record.",
water_hot_cold,control,scalar_collapse,hot / cold,7,excluded_perp_norm,cool,0.84909,True,(b) cross-layer pole relation,False,Tokenization fixes the position; the unit of analysis is the residual representation carried at that position; it is read across layers 0 to output. The token is not the unit.,The corpus named the dichotomy; the model processed that naming; the measurement recorded the processing; a human interprets the record.,"The corpus named the dichotomy hot / cold; the model processed that naming; the measurement recorded, at layer 7, excluded_perp_norm(cool) = 0.8491; a human interprets the record.",
water_hot_cold,control,scalar_collapse,hot / cold,7,excluded_t,cool,0.677485,True,(b) cross-layer pole relation,False,Tokenization fixes the position; the unit of analysis is the residual representation carried at that position; it is read across layers 0 to output. The token is not the unit.,The corpus named the dichotomy; the model processed that naming; the measurement recorded the processing; a human interprets the record.,"The corpus named the dichotomy hot / cold; the model processed that naming; the measurement recorded, at layer 7, excluded_t(cool) = 0.6775; a human interprets the record.",
water_hot_cold,control,scalar_collapse,hot / cold,7,excluded_perp_norm,mild,1.168832,True,(b) cross-layer pole relation,False,Tokenization fixes the position; the unit of analysis is the residual representation carried at that position; it is read across layers 0 to output. The token is not the unit.,The corpus named the dichotomy; the model processed that naming; the measurement recorded the processing; a human interprets the record.,"The corpus named the dichotomy hot / cold; the model processed that naming; the measurement recorded, at layer 7, excluded_perp_norm(mild) = 1.1688; a human interprets the record.",
water_hot_cold,control,scalar_collapse,hot / cold,7,excluded_t,mild,0.576427,True,(b) cross-layer pole relation,False,Tokenization fixes the position; the unit of analysis is the residual representation carried at that position; it is read across layers 0 to output. The token is not the unit.,The corpus named the dichotomy; the model processed that naming; the measurement recorded the processing; a human interprets the record.,"The corpus named the dichotomy hot / cold; the model processed that naming; the measurement recorded, at layer 7, excluded_t(mild) = 0.5764; a human interprets the record.",
water_hot_cold,control,scalar_collapse,hot / cold,7,excluded_perp_norm,lukewarm,1.013012,True,(b) cross-layer pole relation,False,Tokenization fixes the position; the unit of analysis is the residual representation carried at that position; it is read across layers 0 to output. The token is not the unit.,The corpus named the dichotomy; the model processed that naming; the measurement recorded the processing; a human interprets the record.,"The corpus named the dichotomy hot / cold; the model processed that naming; the measurement recorded, at layer 7, excluded_perp_norm(lukewarm) = 1.0130; a human interprets the record.",
water_hot_cold,control,scalar_collapse,hot / cold,7,excluded_t,lukewarm,0.512318,True,(b) cross-layer pole relation,False,Tokenization fixes the position; the unit of analysis is the residual representation carried at that position; it is read across layers 0 to output. The token is not the unit.,The corpus named the dichotomy; the model processed that naming; the measurement recorded the processing; a human interprets the record.,"The corpus named the dichotomy hot / cold; the model processed that naming; the measurement recorded, at layer 7, excluded_t(lukewarm) = 0.5123; a human interprets the record.",
water_hot_cold,control,scalar_collapse,hot / cold,7,remainder_ratio,excluded_set,1.010311,True,(b) cross-layer pole relation,False,Tokenization fixes the position; the unit of analysis is the residual representation carried at that position; it is read across layers 0 to output. The token is not the unit.,The corpus named the dichotomy; the model processed that naming; the measurement recorded the processing; a human interprets the record.,"The corpus named the dichotomy hot / cold; the model processed that naming; the measurement recorded, at layer 7, remainder_ratio(excluded_set) = 1.0103; a human interprets the record.",
water_hot_cold,control,scalar_collapse,hot / cold,8,cosine_AB_named,hot|cold,0.748002,True,(b) cross-layer pole relation,True,Tokenization fixes the position; the unit of analysis is the residual representation carried at that position; it is read across layers 0 to output. The token is not the unit.,The corpus named the dichotomy; the model processed that naming; the measurement recorded the processing; a human interprets the record.,"The corpus named the dichotomy hot / cold; the model processed that naming; the measurement recorded, at layer 8, cosine_AB_named(hot|cold) = 0.7480 (corroboration only); a human interprets the record.",
water_hot_cold,control,scalar_collapse,hot / cold,8,cosine_AB_carrier,hot|cold,0.852217,True,(b) cross-layer pole relation,True,Tokenization fixes the position; the unit of analysis is the residual representation carried at that position; it is read across layers 0 to output. The token is not the unit.,The corpus named the dichotomy; the model processed that naming; the measurement recorded the processing; a human interprets the record.,"The corpus named the dichotomy hot / cold; the model processed that naming; the measurement recorded, at layer 8, cosine_AB_carrier(hot|cold) = 0.8522 (corroboration only); a human interprets the record.",
water_hot_cold,control,scalar_collapse,hot / cold,8,midpoint_t,warm,0.449878,True,(a) seated-midpoint,True,Tokenization fixes the position; the unit of analysis is the residual representation carried at that position; it is read across layers 0 to output. The token is not the unit.,The corpus named the dichotomy; the model processed that naming; the measurement recorded the processing; a human interprets the record.,"The corpus named the dichotomy hot / cold; the model processed that naming; the measurement recorded, at layer 8, midpoint_t(warm) = 0.4499 (corroboration only); a human interprets the record.",
water_hot_cold,control,scalar_collapse,hot / cold,8,midpoint_perp_norm,warm,0.7284,True,(a) seated-midpoint,True,Tokenization fixes the position; the unit of analysis is the residual representation carried at that position; it is read across layers 0 to output. The token is not the unit.,The corpus named the dichotomy; the model processed that naming; the measurement recorded the processing; a human interprets the record.,"The corpus named the dichotomy hot / cold; the model processed that naming; the measurement recorded, at layer 8, midpoint_perp_norm(warm) = 0.7284 (corroboration only); a human interprets the record.",
water_hot_cold,control,scalar_collapse,hot / cold,8,cosine_midpoint_A,warm,0.890802,True,(a) seated-midpoint,True,Tokenization fixes the position; the unit of analysis is the residual representation carried at that position; it is read across layers 0 to output. The token is not the unit.,The corpus named the dichotomy; the model processed that naming; the measurement recorded the processing; a human interprets the record.,"The corpus named the dichotomy hot / cold; the model processed that naming; the measurement recorded, at layer 8, cosine_midpoint_A(warm) = 0.8908 (corroboration only); a human interprets the record.",
water_hot_cold,control,scalar_collapse,hot / cold,8,cosine_midpoint_B,warm,0.882284,True,(a) seated-midpoint,True,Tokenization fixes the position; the unit of analysis is the residual representation carried at that position; it is read across layers 0 to output. The token is not the unit.,The corpus named the dichotomy; the model processed that naming; the measurement recorded the processing; a human interprets the record.,"The corpus named the dichotomy hot / cold; the model processed that naming; the measurement recorded, at layer 8, cosine_midpoint_B(warm) = 0.8823 (corroboration only); a human interprets the record.",
water_hot_cold,control,scalar_collapse,hot / cold,8,excluded_perp_norm,cool,0.828063,True,(b) cross-layer pole relation,False,Tokenization fixes the position; the unit of analysis is the residual representation carried at that position; it is read across layers 0 to output. The token is not the unit.,The corpus named the dichotomy; the model processed that naming; the measurement recorded the processing; a human interprets the record.,"The corpus named the dichotomy hot / cold; the model processed that naming; the measurement recorded, at layer 8, excluded_perp_norm(cool) = 0.8281; a human interprets the record.",
water_hot_cold,control,scalar_collapse,hot / cold,8,excluded_t,cool,0.711926,True,(b) cross-layer pole relation,False,Tokenization fixes the position; the unit of analysis is the residual representation carried at that position; it is read across layers 0 to output. The token is not the unit.,The corpus named the dichotomy; the model processed that naming; the measurement recorded the processing; a human interprets the record.,"The corpus named the dichotomy hot / cold; the model processed that naming; the measurement recorded, at layer 8, excluded_t(cool) = 0.7119; a human interprets the record.",
water_hot_cold,control,scalar_collapse,hot / cold,8,excluded_perp_norm,mild,1.164521,True,(b) cross-layer pole relation,False,Tokenization fixes the position; the unit of analysis is the residual representation carried at that position; it is read across layers 0 to output. The token is not the unit.,The corpus named the dichotomy; the model processed that naming; the measurement recorded the processing; a human interprets the record.,"The corpus named the dichotomy hot / cold; the model processed that naming; the measurement recorded, at layer 8, excluded_perp_norm(mild) = 1.1645; a human interprets the record.",
water_hot_cold,control,scalar_collapse,hot / cold,8,excluded_t,mild,0.525107,True,(b) cross-layer pole relation,False,Tokenization fixes the position; the unit of analysis is the residual representation carried at that position; it is read across layers 0 to output. The token is not the unit.,The corpus named the dichotomy; the model processed that naming; the measurement recorded the processing; a human interprets the record.,"The corpus named the dichotomy hot / cold; the model processed that naming; the measurement recorded, at layer 8, excluded_t(mild) = 0.5251; a human interprets the record.",
water_hot_cold,control,scalar_collapse,hot / cold,8,excluded_perp_norm,lukewarm,0.936753,True,(b) cross-layer pole relation,False,Tokenization fixes the position; the unit of analysis is the residual representation carried at that position; it is read across layers 0 to output. The token is not the unit.,The corpus named the dichotomy; the model processed that naming; the measurement recorded the processing; a human interprets the record.,"The corpus named the dichotomy hot / cold; the model processed that naming; the measurement recorded, at layer 8, excluded_perp_norm(lukewarm) = 0.9368; a human interprets the record.",
water_hot_cold,control,scalar_collapse,hot / cold,8,excluded_t,lukewarm,0.428811,True,(b) cross-layer pole relation,False,Tokenization fixes the position; the unit of analysis is the residual representation carried at that position; it is read across layers 0 to output. The token is not the unit.,The corpus named the dichotomy; the model processed that naming; the measurement recorded the processing; a human interprets the record.,"The corpus named the dichotomy hot / cold; the model processed that naming; the measurement recorded, at layer 8, excluded_t(lukewarm) = 0.4288; a human interprets the record.",
water_hot_cold,control,scalar_collapse,hot / cold,8,remainder_ratio,excluded_set,0.976446,True,(b) cross-layer pole relation,False,Tokenization fixes the position; the unit of analysis is the residual representation carried at that position; it is read across layers 0 to output. The token is not the unit.,The corpus named the dichotomy; the model processed that naming; the measurement recorded the processing; a human interprets the record.,"The corpus named the dichotomy hot / cold; the model processed that naming; the measurement recorded, at layer 8, remainder_ratio(excluded_set) = 0.9764; a human interprets the record.",
water_hot_cold,control,scalar_collapse,hot / cold,9,cosine_AB_named,hot|cold,0.758857,True,(b) cross-layer pole relation,True,Tokenization fixes the position; the unit of analysis is the residual representation carried at that position; it is read across layers 0 to output. The token is not the unit.,The corpus named the dichotomy; the model processed that naming; the measurement recorded the processing; a human interprets the record.,"The corpus named the dichotomy hot / cold; the model processed that naming; the measurement recorded, at layer 9, cosine_AB_named(hot|cold) = 0.7589 (corroboration only); a human interprets the record.",
water_hot_cold,control,scalar_collapse,hot / cold,9,cosine_AB_carrier,hot|cold,0.845697,True,(b) cross-layer pole relation,True,Tokenization fixes the position; the unit of analysis is the residual representation carried at that position; it is read across layers 0 to output. The token is not the unit.,The corpus named the dichotomy; the model processed that naming; the measurement recorded the processing; a human interprets the record.,"The corpus named the dichotomy hot / cold; the model processed that naming; the measurement recorded, at layer 9, cosine_AB_carrier(hot|cold) = 0.8457 (corroboration only); a human interprets the record.",
water_hot_cold,control,scalar_collapse,hot / cold,9,midpoint_t,warm,0.447614,True,(a) seated-midpoint,True,Tokenization fixes the position; the unit of analysis is the residual representation carried at that position; it is read across layers 0 to output. The token is not the unit.,The corpus named the dichotomy; the model processed that naming; the measurement recorded the processing; a human interprets the record.,"The corpus named the dichotomy hot / cold; the model processed that naming; the measurement recorded, at layer 9, midpoint_t(warm) = 0.4476 (corroboration only); a human interprets the record.",
water_hot_cold,control,scalar_collapse,hot / cold,9,midpoint_perp_norm,warm,0.699331,True,(a) seated-midpoint,True,Tokenization fixes the position; the unit of analysis is the residual representation carried at that position; it is read across layers 0 to output. The token is not the unit.,The corpus named the dichotomy; the model processed that naming; the measurement recorded the processing; a human interprets the record.,"The corpus named the dichotomy hot / cold; the model processed that naming; the measurement recorded, at layer 9, midpoint_perp_norm(warm) = 0.6993 (corroboration only); a human interprets the record.",
water_hot_cold,control,scalar_collapse,hot / cold,9,cosine_midpoint_A,warm,0.889348,True,(a) seated-midpoint,True,Tokenization fixes the position; the unit of analysis is the residual representation carried at that position; it is read across layers 0 to output. The token is not the unit.,The corpus named the dichotomy; the model processed that naming; the measurement recorded the processing; a human interprets the record.,"The corpus named the dichotomy hot / cold; the model processed that naming; the measurement recorded, at layer 9, cosine_midpoint_A(warm) = 0.8893 (corroboration only); a human interprets the record.",
water_hot_cold,control,scalar_collapse,hot / cold,9,cosine_midpoint_B,warm,0.881121,True,(a) seated-midpoint,True,Tokenization fixes the position; the unit of analysis is the residual representation carried at that position; it is read across layers 0 to output. The token is not the unit.,The corpus named the dichotomy; the model processed that naming; the measurement recorded the processing; a human interprets the record.,"The corpus named the dichotomy hot / cold; the model processed that naming; the measurement recorded, at layer 9, cosine_midpoint_B(warm) = 0.8811 (corroboration only); a human interprets the record.",
water_hot_cold,control,scalar_collapse,hot / cold,9,excluded_perp_norm,cool,0.745391,True,(b) cross-layer pole relation,False,Tokenization fixes the position; the unit of analysis is the residual representation carried at that position; it is read across layers 0 to output. The token is not the unit.,The corpus named the dichotomy; the model processed that naming; the measurement recorded the processing; a human interprets the record.,"The corpus named the dichotomy hot / cold; the model processed that naming; the measurement recorded, at layer 9, excluded_perp_norm(cool) = 0.7454; a human interprets the record.",
water_hot_cold,control,scalar_collapse,hot / cold,9,excluded_t,cool,0.746673,True,(b) cross-layer pole relation,False,Tokenization fixes the position; the unit of analysis is the residual representation carried at that position; it is read across layers 0 to output. The token is not the unit.,The corpus named the dichotomy; the model processed that naming; the measurement recorded the processing; a human interprets the record.,"The corpus named the dichotomy hot / cold; the model processed that naming; the measurement recorded, at layer 9, excluded_t(cool) = 0.7467; a human interprets the record.",
water_hot_cold,control,scalar_collapse,hot / cold,9,excluded_perp_norm,mild,1.07101,True,(b) cross-layer pole relation,False,Tokenization fixes the position; the unit of analysis is the residual representation carried at that position; it is read across layers 0 to output. The token is not the unit.,The corpus named the dichotomy; the model processed that naming; the measurement recorded the processing; a human interprets the record.,"The corpus named the dichotomy hot / cold; the model processed that naming; the measurement recorded, at layer 9, excluded_perp_norm(mild) = 1.0710; a human interprets the record.",
water_hot_cold,control,scalar_collapse,hot / cold,9,excluded_t,mild,0.562318,True,(b) cross-layer pole relation,False,Tokenization fixes the position; the unit of analysis is the residual representation carried at that position; it is read across layers 0 to output. The token is not the unit.,The corpus named the dichotomy; the model processed that naming; the measurement recorded the processing; a human interprets the record.,"The corpus named the dichotomy hot / cold; the model processed that naming; the measurement recorded, at layer 9, excluded_t(mild) = 0.5623; a human interprets the record.",
water_hot_cold,control,scalar_collapse,hot / cold,9,excluded_perp_norm,lukewarm,0.856272,True,(b) cross-layer pole relation,False,Tokenization fixes the position; the unit of analysis is the residual representation carried at that position; it is read across layers 0 to output. The token is not the unit.,The corpus named the dichotomy; the model processed that naming; the measurement recorded the processing; a human interprets the record.,"The corpus named the dichotomy hot / cold; the model processed that naming; the measurement recorded, at layer 9, excluded_perp_norm(lukewarm) = 0.8563; a human interprets the record.",
water_hot_cold,control,scalar_collapse,hot / cold,9,excluded_t,lukewarm,0.386915,True,(b) cross-layer pole relation,False,Tokenization fixes the position; the unit of analysis is the residual representation carried at that position; it is read across layers 0 to output. The token is not the unit.,The corpus named the dichotomy; the model processed that naming; the measurement recorded the processing; a human interprets the record.,"The corpus named the dichotomy hot / cold; the model processed that naming; the measurement recorded, at layer 9, excluded_t(lukewarm) = 0.3869; a human interprets the record.",
water_hot_cold,control,scalar_collapse,hot / cold,9,remainder_ratio,excluded_set,0.890891,True,(b) cross-layer pole relation,False,Tokenization fixes the position; the unit of analysis is the residual representation carried at that position; it is read across layers 0 to output. The token is not the unit.,The corpus named the dichotomy; the model processed that naming; the measurement recorded the processing; a human interprets the record.,"The corpus named the dichotomy hot / cold; the model processed that naming; the measurement recorded, at layer 9, remainder_ratio(excluded_set) = 0.8909; a human interprets the record.",
water_hot_cold,control,scalar_collapse,hot / cold,10,cosine_AB_named,hot|cold,0.724074,True,(b) cross-layer pole relation,True,Tokenization fixes the position; the unit of analysis is the residual representation carried at that position; it is read across layers 0 to output. The token is not the unit.,The corpus named the dichotomy; the model processed that naming; the measurement recorded the processing; a human interprets the record.,"The corpus named the dichotomy hot / cold; the model processed that naming; the measurement recorded, at layer 10, cosine_AB_named(hot|cold) = 0.7241 (corroboration only); a human interprets the record.",
water_hot_cold,control,scalar_collapse,hot / cold,10,cosine_AB_carrier,hot|cold,0.816332,True,(b) cross-layer pole relation,True,Tokenization fixes the position; the unit of analysis is the residual representation carried at that position; it is read across layers 0 to output. The token is not the unit.,The corpus named the dichotomy; the model processed that naming; the measurement recorded the processing; a human interprets the record.,"The corpus named the dichotomy hot / cold; the model processed that naming; the measurement recorded, at layer 10, cosine_AB_carrier(hot|cold) = 0.8163 (corroboration only); a human interprets the record.",
water_hot_cold,control,scalar_collapse,hot / cold,10,midpoint_t,warm,0.419707,True,(a) seated-midpoint,True,Tokenization fixes the position; the unit of analysis is the residual representation carried at that position; it is read across layers 0 to output. The token is not the unit.,The corpus named the dichotomy; the model processed that naming; the measurement recorded the processing; a human interprets the record.,"The corpus named the dichotomy hot / cold; the model processed that naming; the measurement recorded, at layer 10, midpoint_t(warm) = 0.4197 (corroboration only); a human interprets the record.",
water_hot_cold,control,scalar_collapse,hot / cold,10,midpoint_perp_norm,warm,0.673332,True,(a) seated-midpoint,True,Tokenization fixes the position; the unit of analysis is the residual representation carried at that position; it is read across layers 0 to output. The token is not the unit.,The corpus named the dichotomy; the model processed that naming; the measurement recorded the processing; a human interprets the record.,"The corpus named the dichotomy hot / cold; the model processed that naming; the measurement recorded, at layer 10, midpoint_perp_norm(warm) = 0.6733 (corroboration only); a human interprets the record.",
water_hot_cold,control,scalar_collapse,hot / cold,10,cosine_midpoint_A,warm,0.874685,True,(a) seated-midpoint,True,Tokenization fixes the position; the unit of analysis is the residual representation carried at that position; it is read across layers 0 to output. The token is not the unit.,The corpus named the dichotomy; the model processed that naming; the measurement recorded the processing; a human interprets the record.,"The corpus named the dichotomy hot / cold; the model processed that naming; the measurement recorded, at layer 10, cosine_midpoint_A(warm) = 0.8747 (corroboration only); a human interprets the record.",
water_hot_cold,control,scalar_collapse,hot / cold,10,cosine_midpoint_B,warm,0.859368,True,(a) seated-midpoint,True,Tokenization fixes the position; the unit of analysis is the residual representation carried at that position; it is read across layers 0 to output. The token is not the unit.,The corpus named the dichotomy; the model processed that naming; the measurement recorded the processing; a human interprets the record.,"The corpus named the dichotomy hot / cold; the model processed that naming; the measurement recorded, at layer 10, cosine_midpoint_B(warm) = 0.8594 (corroboration only); a human interprets the record.",
water_hot_cold,control,scalar_collapse,hot / cold,10,excluded_perp_norm,cool,0.640294,True,(b) cross-layer pole relation,False,Tokenization fixes the position; the unit of analysis is the residual representation carried at that position; it is read across layers 0 to output. The token is not the unit.,The corpus named the dichotomy; the model processed that naming; the measurement recorded the processing; a human interprets the record.,"The corpus named the dichotomy hot / cold; the model processed that naming; the measurement recorded, at layer 10, excluded_perp_norm(cool) = 0.6403; a human interprets the record.",
water_hot_cold,control,scalar_collapse,hot / cold,10,excluded_t,cool,0.753485,True,(b) cross-layer pole relation,False,Tokenization fixes the position; the unit of analysis is the residual representation carried at that position; it is read across layers 0 to output. The token is not the unit.,The corpus named the dichotomy; the model processed that naming; the measurement recorded the processing; a human interprets the record.,"The corpus named the dichotomy hot / cold; the model processed that naming; the measurement recorded, at layer 10, excluded_t(cool) = 0.7535; a human interprets the record.",
water_hot_cold,control,scalar_collapse,hot / cold,10,excluded_perp_norm,mild,1.008346,True,(b) cross-layer pole relation,False,Tokenization fixes the position; the unit of analysis is the residual representation carried at that position; it is read across layers 0 to output. The token is not the unit.,The corpus named the dichotomy; the model processed that naming; the measurement recorded the processing; a human interprets the record.,"The corpus named the dichotomy hot / cold; the model processed that naming; the measurement recorded, at layer 10, excluded_perp_norm(mild) = 1.0083; a human interprets the record.",
water_hot_cold,control,scalar_collapse,hot / cold,10,excluded_t,mild,0.504222,True,(b) cross-layer pole relation,False,Tokenization fixes the position; the unit of analysis is the residual representation carried at that position; it is read across layers 0 to output. The token is not the unit.,The corpus named the dichotomy; the model processed that naming; the measurement recorded the processing; a human interprets the record.,"The corpus named the dichotomy hot / cold; the model processed that naming; the measurement recorded, at layer 10, excluded_t(mild) = 0.5042; a human interprets the record.",
water_hot_cold,control,scalar_collapse,hot / cold,10,excluded_perp_norm,lukewarm,0.812153,True,(b) cross-layer pole relation,False,Tokenization fixes the position; the unit of analysis is the residual representation carried at that position; it is read across layers 0 to output. The token is not the unit.,The corpus named the dichotomy; the model processed that naming; the measurement recorded the processing; a human interprets the record.,"The corpus named the dichotomy hot / cold; the model processed that naming; the measurement recorded, at layer 10, excluded_perp_norm(lukewarm) = 0.8122; a human interprets the record.",
water_hot_cold,control,scalar_collapse,hot / cold,10,excluded_t,lukewarm,0.34956,True,(b) cross-layer pole relation,False,Tokenization fixes the position; the unit of analysis is the residual representation carried at that position; it is read across layers 0 to output. The token is not the unit.,The corpus named the dichotomy; the model processed that naming; the measurement recorded the processing; a human interprets the record.,"The corpus named the dichotomy hot / cold; the model processed that naming; the measurement recorded, at layer 10, excluded_t(lukewarm) = 0.3496; a human interprets the record.",
water_hot_cold,control,scalar_collapse,hot / cold,10,remainder_ratio,excluded_set,0.820264,True,(b) cross-layer pole relation,False,Tokenization fixes the position; the unit of analysis is the residual representation carried at that position; it is read across layers 0 to output. The token is not the unit.,The corpus named the dichotomy; the model processed that naming; the measurement recorded the processing; a human interprets the record.,"The corpus named the dichotomy hot / cold; the model processed that naming; the measurement recorded, at layer 10, remainder_ratio(excluded_set) = 0.8203; a human interprets the record.",
water_hot_cold,control,scalar_collapse,hot / cold,11,cosine_AB_named,hot|cold,0.702869,True,(b) cross-layer pole relation,True,Tokenization fixes the position; the unit of analysis is the residual representation carried at that position; it is read across layers 0 to output. The token is not the unit.,The corpus named the dichotomy; the model processed that naming; the measurement recorded the processing; a human interprets the record.,"The corpus named the dichotomy hot / cold; the model processed that naming; the measurement recorded, at layer 11, cosine_AB_named(hot|cold) = 0.7029 (corroboration only); a human interprets the record.",
water_hot_cold,control,scalar_collapse,hot / cold,11,cosine_AB_carrier,hot|cold,0.807122,True,(b) cross-layer pole relation,True,Tokenization fixes the position; the unit of analysis is the residual representation carried at that position; it is read across layers 0 to output. The token is not the unit.,The corpus named the dichotomy; the model processed that naming; the measurement recorded the processing; a human interprets the record.,"The corpus named the dichotomy hot / cold; the model processed that naming; the measurement recorded, at layer 11, cosine_AB_carrier(hot|cold) = 0.8071 (corroboration only); a human interprets the record.",
water_hot_cold,control,scalar_collapse,hot / cold,11,midpoint_t,warm,0.415286,True,(a) seated-midpoint,True,Tokenization fixes the position; the unit of analysis is the residual representation carried at that position; it is read across layers 0 to output. The token is not the unit.,The corpus named the dichotomy; the model processed that naming; the measurement recorded the processing; a human interprets the record.,"The corpus named the dichotomy hot / cold; the model processed that naming; the measurement recorded, at layer 11, midpoint_t(warm) = 0.4153 (corroboration only); a human interprets the record.",
water_hot_cold,control,scalar_collapse,hot / cold,11,midpoint_perp_norm,warm,0.659223,True,(a) seated-midpoint,True,Tokenization fixes the position; the unit of analysis is the residual representation carried at that position; it is read across layers 0 to output. The token is not the unit.,The corpus named the dichotomy; the model processed that naming; the measurement recorded the processing; a human interprets the record.,"The corpus named the dichotomy hot / cold; the model processed that naming; the measurement recorded, at layer 11, midpoint_perp_norm(warm) = 0.6592 (corroboration only); a human interprets the record.",
water_hot_cold,control,scalar_collapse,hot / cold,11,cosine_midpoint_A,warm,0.871356,True,(a) seated-midpoint,True,Tokenization fixes the position; the unit of analysis is the residual representation carried at that position; it is read across layers 0 to output. The token is not the unit.,The corpus named the dichotomy; the model processed that naming; the measurement recorded the processing; a human interprets the record.,"The corpus named the dichotomy hot / cold; the model processed that naming; the measurement recorded, at layer 11, cosine_midpoint_A(warm) = 0.8714 (corroboration only); a human interprets the record.",
water_hot_cold,control,scalar_collapse,hot / cold,11,cosine_midpoint_B,warm,0.855164,True,(a) seated-midpoint,True,Tokenization fixes the position; the unit of analysis is the residual representation carried at that position; it is read across layers 0 to output. The token is not the unit.,The corpus named the dichotomy; the model processed that naming; the measurement recorded the processing; a human interprets the record.,"The corpus named the dichotomy hot / cold; the model processed that naming; the measurement recorded, at layer 11, cosine_midpoint_B(warm) = 0.8552 (corroboration only); a human interprets the record.",
water_hot_cold,control,scalar_collapse,hot / cold,11,excluded_perp_norm,cool,0.593955,True,(b) cross-layer pole relation,False,Tokenization fixes the position; the unit of analysis is the residual representation carried at that position; it is read across layers 0 to output. The token is not the unit.,The corpus named the dichotomy; the model processed that naming; the measurement recorded the processing; a human interprets the record.,"The corpus named the dichotomy hot / cold; the model processed that naming; the measurement recorded, at layer 11, excluded_perp_norm(cool) = 0.5940; a human interprets the record.",
water_hot_cold,control,scalar_collapse,hot / cold,11,excluded_t,cool,0.74957,True,(b) cross-layer pole relation,False,Tokenization fixes the position; the unit of analysis is the residual representation carried at that position; it is read across layers 0 to output. The token is not the unit.,The corpus named the dichotomy; the model processed that naming; the measurement recorded the processing; a human interprets the record.,"The corpus named the dichotomy hot / cold; the model processed that naming; the measurement recorded, at layer 11, excluded_t(cool) = 0.7496; a human interprets the record.",
water_hot_cold,control,scalar_collapse,hot / cold,11,excluded_perp_norm,mild,0.969111,True,(b) cross-layer pole relation,False,Tokenization fixes the position; the unit of analysis is the residual representation carried at that position; it is read across layers 0 to output. The token is not the unit.,The corpus named the dichotomy; the model processed that naming; the measurement recorded the processing; a human interprets the record.,"The corpus named the dichotomy hot / cold; the model processed that naming; the measurement recorded, at layer 11, excluded_perp_norm(mild) = 0.9691; a human interprets the record.",
water_hot_cold,control,scalar_collapse,hot / cold,11,excluded_t,mild,0.453744,True,(b) cross-layer pole relation,False,Tokenization fixes the position; the unit of analysis is the residual representation carried at that position; it is read across layers 0 to output. The token is not the unit.,The corpus named the dichotomy; the model processed that naming; the measurement recorded the processing; a human interprets the record.,"The corpus named the dichotomy hot / cold; the model processed that naming; the measurement recorded, at layer 11, excluded_t(mild) = 0.4537; a human interprets the record.",
water_hot_cold,control,scalar_collapse,hot / cold,11,excluded_perp_norm,lukewarm,0.788877,True,(b) cross-layer pole relation,False,Tokenization fixes the position; the unit of analysis is the residual representation carried at that position; it is read across layers 0 to output. The token is not the unit.,The corpus named the dichotomy; the model processed that naming; the measurement recorded the processing; a human interprets the record.,"The corpus named the dichotomy hot / cold; the model processed that naming; the measurement recorded, at layer 11, excluded_perp_norm(lukewarm) = 0.7889; a human interprets the record.",
water_hot_cold,control,scalar_collapse,hot / cold,11,excluded_t,lukewarm,0.330755,True,(b) cross-layer pole relation,False,Tokenization fixes the position; the unit of analysis is the residual representation carried at that position; it is read across layers 0 to output. The token is not the unit.,The corpus named the dichotomy; the model processed that naming; the measurement recorded the processing; a human interprets the record.,"The corpus named the dichotomy hot / cold; the model processed that naming; the measurement recorded, at layer 11, excluded_t(lukewarm) = 0.3308; a human interprets the record.",
water_hot_cold,control,scalar_collapse,hot / cold,11,remainder_ratio,excluded_set,0.783981,True,(b) cross-layer pole relation,False,Tokenization fixes the position; the unit of analysis is the residual representation carried at that position; it is read across layers 0 to output. The token is not the unit.,The corpus named the dichotomy; the model processed that naming; the measurement recorded the processing; a human interprets the record.,"The corpus named the dichotomy hot / cold; the model processed that naming; the measurement recorded, at layer 11, remainder_ratio(excluded_set) = 0.7840; a human interprets the record.",
water_hot_cold,control,scalar_collapse,hot / cold,12,cosine_AB_named,hot|cold,0.766635,True,(b) cross-layer pole relation,True,Tokenization fixes the position; the unit of analysis is the residual representation carried at that position; it is read across layers 0 to output. The token is not the unit.,The corpus named the dichotomy; the model processed that naming; the measurement recorded the processing; a human interprets the record.,"The corpus named the dichotomy hot / cold; the model processed that naming; the measurement recorded, at layer 12, cosine_AB_named(hot|cold) = 0.7666 (corroboration only); a human interprets the record.",
water_hot_cold,control,scalar_collapse,hot / cold,12,cosine_AB_carrier,hot|cold,0.842387,True,(b) cross-layer pole relation,True,Tokenization fixes the position; the unit of analysis is the residual representation carried at that position; it is read across layers 0 to output. The token is not the unit.,The corpus named the dichotomy; the model processed that naming; the measurement recorded the processing; a human interprets the record.,"The corpus named the dichotomy hot / cold; the model processed that naming; the measurement recorded, at layer 12, cosine_AB_carrier(hot|cold) = 0.8424 (corroboration only); a human interprets the record.",
water_hot_cold,control,scalar_collapse,hot / cold,12,midpoint_t,warm,0.416059,True,(a) seated-midpoint,True,Tokenization fixes the position; the unit of analysis is the residual representation carried at that position; it is read across layers 0 to output. The token is not the unit.,The corpus named the dichotomy; the model processed that naming; the measurement recorded the processing; a human interprets the record.,"The corpus named the dichotomy hot / cold; the model processed that naming; the measurement recorded, at layer 12, midpoint_t(warm) = 0.4161 (corroboration only); a human interprets the record.",
water_hot_cold,control,scalar_collapse,hot / cold,12,midpoint_perp_norm,warm,0.664132,True,(a) seated-midpoint,True,Tokenization fixes the position; the unit of analysis is the residual representation carried at that position; it is read across layers 0 to output. The token is not the unit.,The corpus named the dichotomy; the model processed that naming; the measurement recorded the processing; a human interprets the record.,"The corpus named the dichotomy hot / cold; the model processed that naming; the measurement recorded, at layer 12, midpoint_perp_norm(warm) = 0.6641 (corroboration only); a human interprets the record.",
water_hot_cold,control,scalar_collapse,hot / cold,12,cosine_midpoint_A,warm,0.892474,True,(a) seated-midpoint,True,Tokenization fixes the position; the unit of analysis is the residual representation carried at that position; it is read across layers 0 to output. The token is not the unit.,The corpus named the dichotomy; the model processed that naming; the measurement recorded the processing; a human interprets the record.,"The corpus named the dichotomy hot / cold; the model processed that naming; the measurement recorded, at layer 12, cosine_midpoint_A(warm) = 0.8925 (corroboration only); a human interprets the record.",
water_hot_cold,control,scalar_collapse,hot / cold,12,cosine_midpoint_B,warm,0.880102,True,(a) seated-midpoint,True,Tokenization fixes the position; the unit of analysis is the residual representation carried at that position; it is read across layers 0 to output. The token is not the unit.,The corpus named the dichotomy; the model processed that naming; the measurement recorded the processing; a human interprets the record.,"The corpus named the dichotomy hot / cold; the model processed that naming; the measurement recorded, at layer 12, cosine_midpoint_B(warm) = 0.8801 (corroboration only); a human interprets the record.",
water_hot_cold,control,scalar_collapse,hot / cold,12,excluded_perp_norm,cool,0.598631,True,(b) cross-layer pole relation,False,Tokenization fixes the position; the unit of analysis is the residual representation carried at that position; it is read across layers 0 to output. The token is not the unit.,The corpus named the dichotomy; the model processed that naming; the measurement recorded the processing; a human interprets the record.,"The corpus named the dichotomy hot / cold; the model processed that naming; the measurement recorded, at layer 12, excluded_perp_norm(cool) = 0.5986; a human interprets the record.",
water_hot_cold,control,scalar_collapse,hot / cold,12,excluded_t,cool,0.762922,True,(b) cross-layer pole relation,False,Tokenization fixes the position; the unit of analysis is the residual representation carried at that position; it is read across layers 0 to output. The token is not the unit.,The corpus named the dichotomy; the model processed that naming; the measurement recorded the processing; a human interprets the record.,"The corpus named the dichotomy hot / cold; the model processed that naming; the measurement recorded, at layer 12, excluded_t(cool) = 0.7629; a human interprets the record.",
water_hot_cold,control,scalar_collapse,hot / cold,12,excluded_perp_norm,mild,0.97348,True,(b) cross-layer pole relation,False,Tokenization fixes the position; the unit of analysis is the residual representation carried at that position; it is read across layers 0 to output. The token is not the unit.,The corpus named the dichotomy; the model processed that naming; the measurement recorded the processing; a human interprets the record.,"The corpus named the dichotomy hot / cold; the model processed that naming; the measurement recorded, at layer 12, excluded_perp_norm(mild) = 0.9735; a human interprets the record.",
water_hot_cold,control,scalar_collapse,hot / cold,12,excluded_t,mild,0.427655,True,(b) cross-layer pole relation,False,Tokenization fixes the position; the unit of analysis is the residual representation carried at that position; it is read across layers 0 to output. The token is not the unit.,The corpus named the dichotomy; the model processed that naming; the measurement recorded the processing; a human interprets the record.,"The corpus named the dichotomy hot / cold; the model processed that naming; the measurement recorded, at layer 12, excluded_t(mild) = 0.4277; a human interprets the record.",
water_hot_cold,control,scalar_collapse,hot / cold,12,excluded_perp_norm,lukewarm,0.803276,True,(b) cross-layer pole relation,False,Tokenization fixes the position; the unit of analysis is the residual representation carried at that position; it is read across layers 0 to output. The token is not the unit.,The corpus named the dichotomy; the model processed that naming; the measurement recorded the processing; a human interprets the record.,"The corpus named the dichotomy hot / cold; the model processed that naming; the measurement recorded, at layer 12, excluded_perp_norm(lukewarm) = 0.8033; a human interprets the record.",
water_hot_cold,control,scalar_collapse,hot / cold,12,excluded_t,lukewarm,0.334671,True,(b) cross-layer pole relation,False,Tokenization fixes the position; the unit of analysis is the residual representation carried at that position; it is read across layers 0 to output. The token is not the unit.,The corpus named the dichotomy; the model processed that naming; the measurement recorded the processing; a human interprets the record.,"The corpus named the dichotomy hot / cold; the model processed that naming; the measurement recorded, at layer 12, excluded_t(lukewarm) = 0.3347; a human interprets the record.",
water_hot_cold,control,scalar_collapse,hot / cold,12,remainder_ratio,excluded_set,0.791796,True,(b) cross-layer pole relation,False,Tokenization fixes the position; the unit of analysis is the residual representation carried at that position; it is read across layers 0 to output. The token is not the unit.,The corpus named the dichotomy; the model processed that naming; the measurement recorded the processing; a human interprets the record.,"The corpus named the dichotomy hot / cold; the model processed that naming; the measurement recorded, at layer 12, remainder_ratio(excluded_set) = 0.7918; a human interprets the record.",
water_hot_cold,control,scalar_collapse,hot / cold,13,cosine_AB_named,hot|cold,0.715568,True,(b) cross-layer pole relation,True,Tokenization fixes the position; the unit of analysis is the residual representation carried at that position; it is read across layers 0 to output. The token is not the unit.,The corpus named the dichotomy; the model processed that naming; the measurement recorded the processing; a human interprets the record.,"The corpus named the dichotomy hot / cold; the model processed that naming; the measurement recorded, at layer 13, cosine_AB_named(hot|cold) = 0.7156 (corroboration only); a human interprets the record.",
water_hot_cold,control,scalar_collapse,hot / cold,13,cosine_AB_carrier,hot|cold,0.829779,True,(b) cross-layer pole relation,True,Tokenization fixes the position; the unit of analysis is the residual representation carried at that position; it is read across layers 0 to output. The token is not the unit.,The corpus named the dichotomy; the model processed that naming; the measurement recorded the processing; a human interprets the record.,"The corpus named the dichotomy hot / cold; the model processed that naming; the measurement recorded, at layer 13, cosine_AB_carrier(hot|cold) = 0.8298 (corroboration only); a human interprets the record.",
water_hot_cold,control,scalar_collapse,hot / cold,13,midpoint_t,warm,0.447634,True,(a) seated-midpoint,True,Tokenization fixes the position; the unit of analysis is the residual representation carried at that position; it is read across layers 0 to output. The token is not the unit.,The corpus named the dichotomy; the model processed that naming; the measurement recorded the processing; a human interprets the record.,"The corpus named the dichotomy hot / cold; the model processed that naming; the measurement recorded, at layer 13, midpoint_t(warm) = 0.4476 (corroboration only); a human interprets the record.",
water_hot_cold,control,scalar_collapse,hot / cold,13,midpoint_perp_norm,warm,0.692353,True,(a) seated-midpoint,True,Tokenization fixes the position; the unit of analysis is the residual representation carried at that position; it is read across layers 0 to output. The token is not the unit.,The corpus named the dichotomy; the model processed that naming; the measurement recorded the processing; a human interprets the record.,"The corpus named the dichotomy hot / cold; the model processed that naming; the measurement recorded, at layer 13, midpoint_perp_norm(warm) = 0.6924 (corroboration only); a human interprets the record.",
water_hot_cold,control,scalar_collapse,hot / cold,13,cosine_midpoint_A,warm,0.87866,True,(a) seated-midpoint,True,Tokenization fixes the position; the unit of analysis is the residual representation carried at that position; it is read across layers 0 to output. The token is not the unit.,The corpus named the dichotomy; the model processed that naming; the measurement recorded the processing; a human interprets the record.,"The corpus named the dichotomy hot / cold; the model processed that naming; the measurement recorded, at layer 13, cosine_midpoint_A(warm) = 0.8787 (corroboration only); a human interprets the record.",
water_hot_cold,control,scalar_collapse,hot / cold,13,cosine_midpoint_B,warm,0.872073,True,(a) seated-midpoint,True,Tokenization fixes the position; the unit of analysis is the residual representation carried at that position; it is read across layers 0 to output. The token is not the unit.,The corpus named the dichotomy; the model processed that naming; the measurement recorded the processing; a human interprets the record.,"The corpus named the dichotomy hot / cold; the model processed that naming; the measurement recorded, at layer 13, cosine_midpoint_B(warm) = 0.8721 (corroboration only); a human interprets the record.",
water_hot_cold,control,scalar_collapse,hot / cold,13,excluded_perp_norm,cool,0.606769,True,(b) cross-layer pole relation,False,Tokenization fixes the position; the unit of analysis is the residual representation carried at that position; it is read across layers 0 to output. The token is not the unit.,The corpus named the dichotomy; the model processed that naming; the measurement recorded the processing; a human interprets the record.,"The corpus named the dichotomy hot / cold; the model processed that naming; the measurement recorded, at layer 13, excluded_perp_norm(cool) = 0.6068; a human interprets the record.",
water_hot_cold,control,scalar_collapse,hot / cold,13,excluded_t,cool,0.778784,True,(b) cross-layer pole relation,False,Tokenization fixes the position; the unit of analysis is the residual representation carried at that position; it is read across layers 0 to output. The token is not the unit.,The corpus named the dichotomy; the model processed that naming; the measurement recorded the processing; a human interprets the record.,"The corpus named the dichotomy hot / cold; the model processed that naming; the measurement recorded, at layer 13, excluded_t(cool) = 0.7788; a human interprets the record.",
water_hot_cold,control,scalar_collapse,hot / cold,13,excluded_perp_norm,mild,0.993136,True,(b) cross-layer pole relation,False,Tokenization fixes the position; the unit of analysis is the residual representation carried at that position; it is read across layers 0 to output. The token is not the unit.,The corpus named the dichotomy; the model processed that naming; the measurement recorded the processing; a human interprets the record.,"The corpus named the dichotomy hot / cold; the model processed that naming; the measurement recorded, at layer 13, excluded_perp_norm(mild) = 0.9931; a human interprets the record.",
water_hot_cold,control,scalar_collapse,hot / cold,13,excluded_t,mild,0.481334,True,(b) cross-layer pole relation,False,Tokenization fixes the position; the unit of analysis is the residual representation carried at that position; it is read across layers 0 to output. The token is not the unit.,The corpus named the dichotomy; the model processed that naming; the measurement recorded the processing; a human interprets the record.,"The corpus named the dichotomy hot / cold; the model processed that naming; the measurement recorded, at layer 13, excluded_t(mild) = 0.4813; a human interprets the record.",
water_hot_cold,control,scalar_collapse,hot / cold,13,excluded_perp_norm,lukewarm,0.881386,True,(b) cross-layer pole relation,False,Tokenization fixes the position; the unit of analysis is the residual representation carried at that position; it is read across layers 0 to output. The token is not the unit.,The corpus named the dichotomy; the model processed that naming; the measurement recorded the processing; a human interprets the record.,"The corpus named the dichotomy hot / cold; the model processed that naming; the measurement recorded, at layer 13, excluded_perp_norm(lukewarm) = 0.8814; a human interprets the record.",
water_hot_cold,control,scalar_collapse,hot / cold,13,excluded_t,lukewarm,0.381734,True,(b) cross-layer pole relation,False,Tokenization fixes the position; the unit of analysis is the residual representation carried at that position; it is read across layers 0 to output. The token is not the unit.,The corpus named the dichotomy; the model processed that naming; the measurement recorded the processing; a human interprets the record.,"The corpus named the dichotomy hot / cold; the model processed that naming; the measurement recorded, at layer 13, excluded_t(lukewarm) = 0.3817; a human interprets the record.",
water_hot_cold,control,scalar_collapse,hot / cold,13,remainder_ratio,excluded_set,0.827097,True,(b) cross-layer pole relation,False,Tokenization fixes the position; the unit of analysis is the residual representation carried at that position; it is read across layers 0 to output. The token is not the unit.,The corpus named the dichotomy; the model processed that naming; the measurement recorded the processing; a human interprets the record.,"The corpus named the dichotomy hot / cold; the model processed that naming; the measurement recorded, at layer 13, remainder_ratio(excluded_set) = 0.8271; a human interprets the record.",
water_hot_cold,control,scalar_collapse,hot / cold,14,cosine_AB_named,hot|cold,0.752922,True,(b) cross-layer pole relation,True,Tokenization fixes the position; the unit of analysis is the residual representation carried at that position; it is read across layers 0 to output. The token is not the unit.,The corpus named the dichotomy; the model processed that naming; the measurement recorded the processing; a human interprets the record.,"The corpus named the dichotomy hot / cold; the model processed that naming; the measurement recorded, at layer 14, cosine_AB_named(hot|cold) = 0.7529 (corroboration only); a human interprets the record.",
water_hot_cold,control,scalar_collapse,hot / cold,14,cosine_AB_carrier,hot|cold,0.846048,True,(b) cross-layer pole relation,True,Tokenization fixes the position; the unit of analysis is the residual representation carried at that position; it is read across layers 0 to output. The token is not the unit.,The corpus named the dichotomy; the model processed that naming; the measurement recorded the processing; a human interprets the record.,"The corpus named the dichotomy hot / cold; the model processed that naming; the measurement recorded, at layer 14, cosine_AB_carrier(hot|cold) = 0.8460 (corroboration only); a human interprets the record.",
water_hot_cold,control,scalar_collapse,hot / cold,14,midpoint_t,warm,0.434261,True,(a) seated-midpoint,True,Tokenization fixes the position; the unit of analysis is the residual representation carried at that position; it is read across layers 0 to output. The token is not the unit.,The corpus named the dichotomy; the model processed that naming; the measurement recorded the processing; a human interprets the record.,"The corpus named the dichotomy hot / cold; the model processed that naming; the measurement recorded, at layer 14, midpoint_t(warm) = 0.4343 (corroboration only); a human interprets the record.",
water_hot_cold,control,scalar_collapse,hot / cold,14,midpoint_perp_norm,warm,0.69181,True,(a) seated-midpoint,True,Tokenization fixes the position; the unit of analysis is the residual representation carried at that position; it is read across layers 0 to output. The token is not the unit.,The corpus named the dichotomy; the model processed that naming; the measurement recorded the processing; a human interprets the record.,"The corpus named the dichotomy hot / cold; the model processed that naming; the measurement recorded, at layer 14, midpoint_perp_norm(warm) = 0.6918 (corroboration only); a human interprets the record.",
water_hot_cold,control,scalar_collapse,hot / cold,14,cosine_midpoint_A,warm,0.891128,True,(a) seated-midpoint,True,Tokenization fixes the position; the unit of analysis is the residual representation carried at that position; it is read across layers 0 to output. The token is not the unit.,The corpus named the dichotomy; the model processed that naming; the measurement recorded the processing; a human interprets the record.,"The corpus named the dichotomy hot / cold; the model processed that naming; the measurement recorded, at layer 14, cosine_midpoint_A(warm) = 0.8911 (corroboration only); a human interprets the record.",
water_hot_cold,control,scalar_collapse,hot / cold,14,cosine_midpoint_B,warm,0.882043,True,(a) seated-midpoint,True,Tokenization fixes the position; the unit of analysis is the residual representation carried at that position; it is read across layers 0 to output. The token is not the unit.,The corpus named the dichotomy; the model processed that naming; the measurement recorded the processing; a human interprets the record.,"The corpus named the dichotomy hot / cold; the model processed that naming; the measurement recorded, at layer 14, cosine_midpoint_B(warm) = 0.8820 (corroboration only); a human interprets the record.",
water_hot_cold,control,scalar_collapse,hot / cold,14,excluded_perp_norm,cool,0.602185,True,(b) cross-layer pole relation,False,Tokenization fixes the position; the unit of analysis is the residual representation carried at that position; it is read across layers 0 to output. The token is not the unit.,The corpus named the dichotomy; the model processed that naming; the measurement recorded the processing; a human interprets the record.,"The corpus named the dichotomy hot / cold; the model processed that naming; the measurement recorded, at layer 14, excluded_perp_norm(cool) = 0.6022; a human interprets the record.",
water_hot_cold,control,scalar_collapse,hot / cold,14,excluded_t,cool,0.777203,True,(b) cross-layer pole relation,False,Tokenization fixes the position; the unit of analysis is the residual representation carried at that position; it is read across layers 0 to output. The token is not the unit.,The corpus named the dichotomy; the model processed that naming; the measurement recorded the processing; a human interprets the record.,"The corpus named the dichotomy hot / cold; the model processed that naming; the measurement recorded, at layer 14, excluded_t(cool) = 0.7772; a human interprets the record.",
water_hot_cold,control,scalar_collapse,hot / cold,14,excluded_perp_norm,mild,0.970549,True,(b) cross-layer pole relation,False,Tokenization fixes the position; the unit of analysis is the residual representation carried at that position; it is read across layers 0 to output. The token is not the unit.,The corpus named the dichotomy; the model processed that naming; the measurement recorded the processing; a human interprets the record.,"The corpus named the dichotomy hot / cold; the model processed that naming; the measurement recorded, at layer 14, excluded_perp_norm(mild) = 0.9705; a human interprets the record.",
water_hot_cold,control,scalar_collapse,hot / cold,14,excluded_t,mild,0.469763,True,(b) cross-layer pole relation,False,Tokenization fixes the position; the unit of analysis is the residual representation carried at that position; it is read across layers 0 to output. The token is not the unit.,The corpus named the dichotomy; the model processed that naming; the measurement recorded the processing; a human interprets the record.,"The corpus named the dichotomy hot / cold; the model processed that naming; the measurement recorded, at layer 14, excluded_t(mild) = 0.4698; a human interprets the record.",
water_hot_cold,control,scalar_collapse,hot / cold,14,excluded_perp_norm,lukewarm,0.829644,True,(b) cross-layer pole relation,False,Tokenization fixes the position; the unit of analysis is the residual representation carried at that position; it is read across layers 0 to output. The token is not the unit.,The corpus named the dichotomy; the model processed that naming; the measurement recorded the processing; a human interprets the record.,"The corpus named the dichotomy hot / cold; the model processed that naming; the measurement recorded, at layer 14, excluded_perp_norm(lukewarm) = 0.8296; a human interprets the record.",
water_hot_cold,control,scalar_collapse,hot / cold,14,excluded_t,lukewarm,0.328795,True,(b) cross-layer pole relation,False,Tokenization fixes the position; the unit of analysis is the residual representation carried at that position; it is read across layers 0 to output. The token is not the unit.,The corpus named the dichotomy; the model processed that naming; the measurement recorded the processing; a human interprets the record.,"The corpus named the dichotomy hot / cold; the model processed that naming; the measurement recorded, at layer 14, excluded_t(lukewarm) = 0.3288; a human interprets the record.",
water_hot_cold,control,scalar_collapse,hot / cold,14,remainder_ratio,excluded_set,0.800793,True,(b) cross-layer pole relation,False,Tokenization fixes the position; the unit of analysis is the residual representation carried at that position; it is read across layers 0 to output. The token is not the unit.,The corpus named the dichotomy; the model processed that naming; the measurement recorded the processing; a human interprets the record.,"The corpus named the dichotomy hot / cold; the model processed that naming; the measurement recorded, at layer 14, remainder_ratio(excluded_set) = 0.8008; a human interprets the record.",
water_hot_cold,control,scalar_collapse,hot / cold,15,cosine_AB_named,hot|cold,0.768178,True,(b) cross-layer pole relation,True,Tokenization fixes the position; the unit of analysis is the residual representation carried at that position; it is read across layers 0 to output. The token is not the unit.,The corpus named the dichotomy; the model processed that naming; the measurement recorded the processing; a human interprets the record.,"The corpus named the dichotomy hot / cold; the model processed that naming; the measurement recorded, at layer 15, cosine_AB_named(hot|cold) = 0.7682 (corroboration only); a human interprets the record.",
water_hot_cold,control,scalar_collapse,hot / cold,15,cosine_AB_carrier,hot|cold,0.84798,True,(b) cross-layer pole relation,True,Tokenization fixes the position; the unit of analysis is the residual representation carried at that position; it is read across layers 0 to output. The token is not the unit.,The corpus named the dichotomy; the model processed that naming; the measurement recorded the processing; a human interprets the record.,"The corpus named the dichotomy hot / cold; the model processed that naming; the measurement recorded, at layer 15, cosine_AB_carrier(hot|cold) = 0.8480 (corroboration only); a human interprets the record.",
water_hot_cold,control,scalar_collapse,hot / cold,15,midpoint_t,warm,0.503808,True,(a) seated-midpoint,True,Tokenization fixes the position; the unit of analysis is the residual representation carried at that position; it is read across layers 0 to output. The token is not the unit.,The corpus named the dichotomy; the model processed that naming; the measurement recorded the processing; a human interprets the record.,"The corpus named the dichotomy hot / cold; the model processed that naming; the measurement recorded, at layer 15, midpoint_t(warm) = 0.5038 (corroboration only); a human interprets the record.",
water_hot_cold,control,scalar_collapse,hot / cold,15,midpoint_perp_norm,warm,0.682503,True,(a) seated-midpoint,True,Tokenization fixes the position; the unit of analysis is the residual representation carried at that position; it is read across layers 0 to output. The token is not the unit.,The corpus named the dichotomy; the model processed that naming; the measurement recorded the processing; a human interprets the record.,"The corpus named the dichotomy hot / cold; the model processed that naming; the measurement recorded, at layer 15, midpoint_perp_norm(warm) = 0.6825 (corroboration only); a human interprets the record.",
water_hot_cold,control,scalar_collapse,hot / cold,15,cosine_midpoint_A,warm,0.886683,True,(a) seated-midpoint,True,Tokenization fixes the position; the unit of analysis is the residual representation carried at that position; it is read across layers 0 to output. The token is not the unit.,The corpus named the dichotomy; the model processed that naming; the measurement recorded the processing; a human interprets the record.,"The corpus named the dichotomy hot / cold; the model processed that naming; the measurement recorded, at layer 15, cosine_midpoint_A(warm) = 0.8867 (corroboration only); a human interprets the record.",
water_hot_cold,control,scalar_collapse,hot / cold,15,cosine_midpoint_B,warm,0.897294,True,(a) seated-midpoint,True,Tokenization fixes the position; the unit of analysis is the residual representation carried at that position; it is read across layers 0 to output. The token is not the unit.,The corpus named the dichotomy; the model processed that naming; the measurement recorded the processing; a human interprets the record.,"The corpus named the dichotomy hot / cold; the model processed that naming; the measurement recorded, at layer 15, cosine_midpoint_B(warm) = 0.8973 (corroboration only); a human interprets the record.",
water_hot_cold,control,scalar_collapse,hot / cold,15,excluded_perp_norm,cool,0.60148,True,(b) cross-layer pole relation,False,Tokenization fixes the position; the unit of analysis is the residual representation carried at that position; it is read across layers 0 to output. The token is not the unit.,The corpus named the dichotomy; the model processed that naming; the measurement recorded the processing; a human interprets the record.,"The corpus named the dichotomy hot / cold; the model processed that naming; the measurement recorded, at layer 15, excluded_perp_norm(cool) = 0.6015; a human interprets the record.",
water_hot_cold,control,scalar_collapse,hot / cold,15,excluded_t,cool,0.798663,True,(b) cross-layer pole relation,False,Tokenization fixes the position; the unit of analysis is the residual representation carried at that position; it is read across layers 0 to output. The token is not the unit.,The corpus named the dichotomy; the model processed that naming; the measurement recorded the processing; a human interprets the record.,"The corpus named the dichotomy hot / cold; the model processed that naming; the measurement recorded, at layer 15, excluded_t(cool) = 0.7987; a human interprets the record.",
water_hot_cold,control,scalar_collapse,hot / cold,15,excluded_perp_norm,mild,0.971972,True,(b) cross-layer pole relation,False,Tokenization fixes the position; the unit of analysis is the residual representation carried at that position; it is read across layers 0 to output. The token is not the unit.,The corpus named the dichotomy; the model processed that naming; the measurement recorded the processing; a human interprets the record.,"The corpus named the dichotomy hot / cold; the model processed that naming; the measurement recorded, at layer 15, excluded_perp_norm(mild) = 0.9720; a human interprets the record.",
water_hot_cold,control,scalar_collapse,hot / cold,15,excluded_t,mild,0.482733,True,(b) cross-layer pole relation,False,Tokenization fixes the position; the unit of analysis is the residual representation carried at that position; it is read across layers 0 to output. The token is not the unit.,The corpus named the dichotomy; the model processed that naming; the measurement recorded the processing; a human interprets the record.,"The corpus named the dichotomy hot / cold; the model processed that naming; the measurement recorded, at layer 15, excluded_t(mild) = 0.4827; a human interprets the record.",
water_hot_cold,control,scalar_collapse,hot / cold,15,excluded_perp_norm,lukewarm,0.799828,True,(b) cross-layer pole relation,False,Tokenization fixes the position; the unit of analysis is the residual representation carried at that position; it is read across layers 0 to output. The token is not the unit.,The corpus named the dichotomy; the model processed that naming; the measurement recorded the processing; a human interprets the record.,"The corpus named the dichotomy hot / cold; the model processed that naming; the measurement recorded, at layer 15, excluded_perp_norm(lukewarm) = 0.7998; a human interprets the record.",
water_hot_cold,control,scalar_collapse,hot / cold,15,excluded_t,lukewarm,0.363433,True,(b) cross-layer pole relation,False,Tokenization fixes the position; the unit of analysis is the residual representation carried at that position; it is read across layers 0 to output. The token is not the unit.,The corpus named the dichotomy; the model processed that naming; the measurement recorded the processing; a human interprets the record.,"The corpus named the dichotomy hot / cold; the model processed that naming; the measurement recorded, at layer 15, excluded_t(lukewarm) = 0.3634; a human interprets the record.",
water_hot_cold,control,scalar_collapse,hot / cold,15,remainder_ratio,excluded_set,0.791093,True,(b) cross-layer pole relation,False,Tokenization fixes the position; the unit of analysis is the residual representation carried at that position; it is read across layers 0 to output. The token is not the unit.,The corpus named the dichotomy; the model processed that naming; the measurement recorded the processing; a human interprets the record.,"The corpus named the dichotomy hot / cold; the model processed that naming; the measurement recorded, at layer 15, remainder_ratio(excluded_set) = 0.7911; a human interprets the record.",
water_hot_cold,control,scalar_collapse,hot / cold,16,cosine_AB_named,hot|cold,0.773553,True,(b) cross-layer pole relation,True,Tokenization fixes the position; the unit of analysis is the residual representation carried at that position; it is read across layers 0 to output. The token is not the unit.,The corpus named the dichotomy; the model processed that naming; the measurement recorded the processing; a human interprets the record.,"The corpus named the dichotomy hot / cold; the model processed that naming; the measurement recorded, at layer 16, cosine_AB_named(hot|cold) = 0.7736 (corroboration only); a human interprets the record.",
water_hot_cold,control,scalar_collapse,hot / cold,16,cosine_AB_carrier,hot|cold,0.862977,True,(b) cross-layer pole relation,True,Tokenization fixes the position; the unit of analysis is the residual representation carried at that position; it is read across layers 0 to output. The token is not the unit.,The corpus named the dichotomy; the model processed that naming; the measurement recorded the processing; a human interprets the record.,"The corpus named the dichotomy hot / cold; the model processed that naming; the measurement recorded, at layer 16, cosine_AB_carrier(hot|cold) = 0.8630 (corroboration only); a human interprets the record.",
water_hot_cold,control,scalar_collapse,hot / cold,16,midpoint_t,warm,0.399247,True,(a) seated-midpoint,True,Tokenization fixes the position; the unit of analysis is the residual representation carried at that position; it is read across layers 0 to output. The token is not the unit.,The corpus named the dichotomy; the model processed that naming; the measurement recorded the processing; a human interprets the record.,"The corpus named the dichotomy hot / cold; the model processed that naming; the measurement recorded, at layer 16, midpoint_t(warm) = 0.3992 (corroboration only); a human interprets the record.",
water_hot_cold,control,scalar_collapse,hot / cold,16,midpoint_perp_norm,warm,0.657096,True,(a) seated-midpoint,True,Tokenization fixes the position; the unit of analysis is the residual representation carried at that position; it is read across layers 0 to output. The token is not the unit.,The corpus named the dichotomy; the model processed that naming; the measurement recorded the processing; a human interprets the record.,"The corpus named the dichotomy hot / cold; the model processed that naming; the measurement recorded, at layer 16, midpoint_perp_norm(warm) = 0.6571 (corroboration only); a human interprets the record.",
water_hot_cold,control,scalar_collapse,hot / cold,16,cosine_midpoint_A,warm,0.914381,True,(a) seated-midpoint,True,Tokenization fixes the position; the unit of analysis is the residual representation carried at that position; it is read across layers 0 to output. The token is not the unit.,The corpus named the dichotomy; the model processed that naming; the measurement recorded the processing; a human interprets the record.,"The corpus named the dichotomy hot / cold; the model processed that naming; the measurement recorded, at layer 16, cosine_midpoint_A(warm) = 0.9144 (corroboration only); a human interprets the record.",
water_hot_cold,control,scalar_collapse,hot / cold,16,cosine_midpoint_B,warm,0.894492,True,(a) seated-midpoint,True,Tokenization fixes the position; the unit of analysis is the residual representation carried at that position; it is read across layers 0 to output. The token is not the unit.,The corpus named the dichotomy; the model processed that naming; the measurement recorded the processing; a human interprets the record.,"The corpus named the dichotomy hot / cold; the model processed that naming; the measurement recorded, at layer 16, cosine_midpoint_B(warm) = 0.8945 (corroboration only); a human interprets the record.",
water_hot_cold,control,scalar_collapse,hot / cold,16,excluded_perp_norm,cool,0.564216,True,(b) cross-layer pole relation,False,Tokenization fixes the position; the unit of analysis is the residual representation carried at that position; it is read across layers 0 to output. The token is not the unit.,The corpus named the dichotomy; the model processed that naming; the measurement recorded the processing; a human interprets the record.,"The corpus named the dichotomy hot / cold; the model processed that naming; the measurement recorded, at layer 16, excluded_perp_norm(cool) = 0.5642; a human interprets the record.",
water_hot_cold,control,scalar_collapse,hot / cold,16,excluded_t,cool,0.776499,True,(b) cross-layer pole relation,False,Tokenization fixes the position; the unit of analysis is the residual representation carried at that position; it is read across layers 0 to output. The token is not the unit.,The corpus named the dichotomy; the model processed that naming; the measurement recorded the processing; a human interprets the record.,"The corpus named the dichotomy hot / cold; the model processed that naming; the measurement recorded, at layer 16, excluded_t(cool) = 0.7765; a human interprets the record.",
water_hot_cold,control,scalar_collapse,hot / cold,16,excluded_perp_norm,mild,0.986087,True,(b) cross-layer pole relation,False,Tokenization fixes the position; the unit of analysis is the residual representation carried at that position; it is read across layers 0 to output. The token is not the unit.,The corpus named the dichotomy; the model processed that naming; the measurement recorded the processing; a human interprets the record.,"The corpus named the dichotomy hot / cold; the model processed that naming; the measurement recorded, at layer 16, excluded_perp_norm(mild) = 0.9861; a human interprets the record.",
water_hot_cold,control,scalar_collapse,hot / cold,16,excluded_t,mild,0.43941,True,(b) cross-layer pole relation,False,Tokenization fixes the position; the unit of analysis is the residual representation carried at that position; it is read across layers 0 to output. The token is not the unit.,The corpus named the dichotomy; the model processed that naming; the measurement recorded the processing; a human interprets the record.,"The corpus named the dichotomy hot / cold; the model processed that naming; the measurement recorded, at layer 16, excluded_t(mild) = 0.4394; a human interprets the record.",
water_hot_cold,control,scalar_collapse,hot / cold,16,excluded_perp_norm,lukewarm,0.768309,True,(b) cross-layer pole relation,False,Tokenization fixes the position; the unit of analysis is the residual representation carried at that position; it is read across layers 0 to output. The token is not the unit.,The corpus named the dichotomy; the model processed that naming; the measurement recorded the processing; a human interprets the record.,"The corpus named the dichotomy hot / cold; the model processed that naming; the measurement recorded, at layer 16, excluded_perp_norm(lukewarm) = 0.7683; a human interprets the record.",
water_hot_cold,control,scalar_collapse,hot / cold,16,excluded_t,lukewarm,0.353666,True,(b) cross-layer pole relation,False,Tokenization fixes the position; the unit of analysis is the residual representation carried at that position; it is read across layers 0 to output. The token is not the unit.,The corpus named the dichotomy; the model processed that naming; the measurement recorded the processing; a human interprets the record.,"The corpus named the dichotomy hot / cold; the model processed that naming; the measurement recorded, at layer 16, excluded_t(lukewarm) = 0.3537; a human interprets the record.",
water_hot_cold,control,scalar_collapse,hot / cold,16,remainder_ratio,excluded_set,0.77287,True,(b) cross-layer pole relation,False,Tokenization fixes the position; the unit of analysis is the residual representation carried at that position; it is read across layers 0 to output. The token is not the unit.,The corpus named the dichotomy; the model processed that naming; the measurement recorded the processing; a human interprets the record.,"The corpus named the dichotomy hot / cold; the model processed that naming; the measurement recorded, at layer 16, remainder_ratio(excluded_set) = 0.7729; a human interprets the record.",
water_hot_cold,control,scalar_collapse,hot / cold,17,cosine_AB_named,hot|cold,0.781865,True,(b) cross-layer pole relation,True,Tokenization fixes the position; the unit of analysis is the residual representation carried at that position; it is read across layers 0 to output. The token is not the unit.,The corpus named the dichotomy; the model processed that naming; the measurement recorded the processing; a human interprets the record.,"The corpus named the dichotomy hot / cold; the model processed that naming; the measurement recorded, at layer 17, cosine_AB_named(hot|cold) = 0.7819 (corroboration only); a human interprets the record.",
water_hot_cold,control,scalar_collapse,hot / cold,17,cosine_AB_carrier,hot|cold,0.869672,True,(b) cross-layer pole relation,True,Tokenization fixes the position; the unit of analysis is the residual representation carried at that position; it is read across layers 0 to output. The token is not the unit.,The corpus named the dichotomy; the model processed that naming; the measurement recorded the processing; a human interprets the record.,"The corpus named the dichotomy hot / cold; the model processed that naming; the measurement recorded, at layer 17, cosine_AB_carrier(hot|cold) = 0.8697 (corroboration only); a human interprets the record.",
water_hot_cold,control,scalar_collapse,hot / cold,17,midpoint_t,warm,0.435788,True,(a) seated-midpoint,True,Tokenization fixes the position; the unit of analysis is the residual representation carried at that position; it is read across layers 0 to output. The token is not the unit.,The corpus named the dichotomy; the model processed that naming; the measurement recorded the processing; a human interprets the record.,"The corpus named the dichotomy hot / cold; the model processed that naming; the measurement recorded, at layer 17, midpoint_t(warm) = 0.4358 (corroboration only); a human interprets the record.",
water_hot_cold,control,scalar_collapse,hot / cold,17,midpoint_perp_norm,warm,0.684418,True,(a) seated-midpoint,True,Tokenization fixes the position; the unit of analysis is the residual representation carried at that position; it is read across layers 0 to output. The token is not the unit.,The corpus named the dichotomy; the model processed that naming; the measurement recorded the processing; a human interprets the record.,"The corpus named the dichotomy hot / cold; the model processed that naming; the measurement recorded, at layer 17, midpoint_perp_norm(warm) = 0.6844 (corroboration only); a human interprets the record.",
water_hot_cold,control,scalar_collapse,hot / cold,17,cosine_midpoint_A,warm,0.911215,True,(a) seated-midpoint,True,Tokenization fixes the position; the unit of analysis is the residual representation carried at that position; it is read across layers 0 to output. The token is not the unit.,The corpus named the dichotomy; the model processed that naming; the measurement recorded the processing; a human interprets the record.,"The corpus named the dichotomy hot / cold; the model processed that naming; the measurement recorded, at layer 17, cosine_midpoint_A(warm) = 0.9112 (corroboration only); a human interprets the record.",
water_hot_cold,control,scalar_collapse,hot / cold,17,cosine_midpoint_B,warm,0.901196,True,(a) seated-midpoint,True,Tokenization fixes the position; the unit of analysis is the residual representation carried at that position; it is read across layers 0 to output. The token is not the unit.,The corpus named the dichotomy; the model processed that naming; the measurement recorded the processing; a human interprets the record.,"The corpus named the dichotomy hot / cold; the model processed that naming; the measurement recorded, at layer 17, cosine_midpoint_B(warm) = 0.9012 (corroboration only); a human interprets the record.",
water_hot_cold,control,scalar_collapse,hot / cold,17,excluded_perp_norm,cool,0.581719,True,(b) cross-layer pole relation,False,Tokenization fixes the position; the unit of analysis is the residual representation carried at that position; it is read across layers 0 to output. The token is not the unit.,The corpus named the dichotomy; the model processed that naming; the measurement recorded the processing; a human interprets the record.,"The corpus named the dichotomy hot / cold; the model processed that naming; the measurement recorded, at layer 17, excluded_perp_norm(cool) = 0.5817; a human interprets the record.",
water_hot_cold,control,scalar_collapse,hot / cold,17,excluded_t,cool,0.773431,True,(b) cross-layer pole relation,False,Tokenization fixes the position; the unit of analysis is the residual representation carried at that position; it is read across layers 0 to output. The token is not the unit.,The corpus named the dichotomy; the model processed that naming; the measurement recorded the processing; a human interprets the record.,"The corpus named the dichotomy hot / cold; the model processed that naming; the measurement recorded, at layer 17, excluded_t(cool) = 0.7734; a human interprets the record.",
water_hot_cold,control,scalar_collapse,hot / cold,17,excluded_perp_norm,mild,0.966594,True,(b) cross-layer pole relation,False,Tokenization fixes the position; the unit of analysis is the residual representation carried at that position; it is read across layers 0 to output. The token is not the unit.,The corpus named the dichotomy; the model processed that naming; the measurement recorded the processing; a human interprets the record.,"The corpus named the dichotomy hot / cold; the model processed that naming; the measurement recorded, at layer 17, excluded_perp_norm(mild) = 0.9666; a human interprets the record.",
water_hot_cold,control,scalar_collapse,hot / cold,17,excluded_t,mild,0.457853,True,(b) cross-layer pole relation,False,Tokenization fixes the position; the unit of analysis is the residual representation carried at that position; it is read across layers 0 to output. The token is not the unit.,The corpus named the dichotomy; the model processed that naming; the measurement recorded the processing; a human interprets the record.,"The corpus named the dichotomy hot / cold; the model processed that naming; the measurement recorded, at layer 17, excluded_t(mild) = 0.4579; a human interprets the record.",
water_hot_cold,control,scalar_collapse,hot / cold,17,excluded_perp_norm,lukewarm,0.794177,True,(b) cross-layer pole relation,False,Tokenization fixes the position; the unit of analysis is the residual representation carried at that position; it is read across layers 0 to output. The token is not the unit.,The corpus named the dichotomy; the model processed that naming; the measurement recorded the processing; a human interprets the record.,"The corpus named the dichotomy hot / cold; the model processed that naming; the measurement recorded, at layer 17, excluded_perp_norm(lukewarm) = 0.7942; a human interprets the record.",
water_hot_cold,control,scalar_collapse,hot / cold,17,excluded_t,lukewarm,0.384338,True,(b) cross-layer pole relation,False,Tokenization fixes the position; the unit of analysis is the residual representation carried at that position; it is read across layers 0 to output. The token is not the unit.,The corpus named the dichotomy; the model processed that naming; the measurement recorded the processing; a human interprets the record.,"The corpus named the dichotomy hot / cold; the model processed that naming; the measurement recorded, at layer 17, excluded_t(lukewarm) = 0.3843; a human interprets the record.",
water_hot_cold,control,scalar_collapse,hot / cold,17,remainder_ratio,excluded_set,0.78083,True,(b) cross-layer pole relation,False,Tokenization fixes the position; the unit of analysis is the residual representation carried at that position; it is read across layers 0 to output. The token is not the unit.,The corpus named the dichotomy; the model processed that naming; the measurement recorded the processing; a human interprets the record.,"The corpus named the dichotomy hot / cold; the model processed that naming; the measurement recorded, at layer 17, remainder_ratio(excluded_set) = 0.7808; a human interprets the record.",
water_hot_cold,control,scalar_collapse,hot / cold,18,cosine_AB_named,hot|cold,0.761984,True,(b) cross-layer pole relation,True,Tokenization fixes the position; the unit of analysis is the residual representation carried at that position; it is read across layers 0 to output. The token is not the unit.,The corpus named the dichotomy; the model processed that naming; the measurement recorded the processing; a human interprets the record.,"The corpus named the dichotomy hot / cold; the model processed that naming; the measurement recorded, at layer 18, cosine_AB_named(hot|cold) = 0.7620 (corroboration only); a human interprets the record.",
water_hot_cold,control,scalar_collapse,hot / cold,18,cosine_AB_carrier,hot|cold,0.864289,True,(b) cross-layer pole relation,True,Tokenization fixes the position; the unit of analysis is the residual representation carried at that position; it is read across layers 0 to output. The token is not the unit.,The corpus named the dichotomy; the model processed that naming; the measurement recorded the processing; a human interprets the record.,"The corpus named the dichotomy hot / cold; the model processed that naming; the measurement recorded, at layer 18, cosine_AB_carrier(hot|cold) = 0.8643 (corroboration only); a human interprets the record.",
water_hot_cold,control,scalar_collapse,hot / cold,18,midpoint_t,warm,0.508835,True,(a) seated-midpoint,True,Tokenization fixes the position; the unit of analysis is the residual representation carried at that position; it is read across layers 0 to output. The token is not the unit.,The corpus named the dichotomy; the model processed that naming; the measurement recorded the processing; a human interprets the record.,"The corpus named the dichotomy hot / cold; the model processed that naming; the measurement recorded, at layer 18, midpoint_t(warm) = 0.5088 (corroboration only); a human interprets the record.",
water_hot_cold,control,scalar_collapse,hot / cold,18,midpoint_perp_norm,warm,0.730058,True,(a) seated-midpoint,True,Tokenization fixes the position; the unit of analysis is the residual representation carried at that position; it is read across layers 0 to output. The token is not the unit.,The corpus named the dichotomy; the model processed that naming; the measurement recorded the processing; a human interprets the record.,"The corpus named the dichotomy hot / cold; the model processed that naming; the measurement recorded, at layer 18, midpoint_perp_norm(warm) = 0.7301 (corroboration only); a human interprets the record.",
water_hot_cold,control,scalar_collapse,hot / cold,18,cosine_midpoint_A,warm,0.890086,True,(a) seated-midpoint,True,Tokenization fixes the position; the unit of analysis is the residual representation carried at that position; it is read across layers 0 to output. The token is not the unit.,The corpus named the dichotomy; the model processed that naming; the measurement recorded the processing; a human interprets the record.,"The corpus named the dichotomy hot / cold; the model processed that naming; the measurement recorded, at layer 18, cosine_midpoint_A(warm) = 0.8901 (corroboration only); a human interprets the record.",
water_hot_cold,control,scalar_collapse,hot / cold,18,cosine_midpoint_B,warm,0.898836,True,(a) seated-midpoint,True,Tokenization fixes the position; the unit of analysis is the residual representation carried at that position; it is read across layers 0 to output. The token is not the unit.,The corpus named the dichotomy; the model processed that naming; the measurement recorded the processing; a human interprets the record.,"The corpus named the dichotomy hot / cold; the model processed that naming; the measurement recorded, at layer 18, cosine_midpoint_B(warm) = 0.8988 (corroboration only); a human interprets the record.",
water_hot_cold,control,scalar_collapse,hot / cold,18,excluded_perp_norm,cool,0.628473,True,(b) cross-layer pole relation,False,Tokenization fixes the position; the unit of analysis is the residual representation carried at that position; it is read across layers 0 to output. The token is not the unit.,The corpus named the dichotomy; the model processed that naming; the measurement recorded the processing; a human interprets the record.,"The corpus named the dichotomy hot / cold; the model processed that naming; the measurement recorded, at layer 18, excluded_perp_norm(cool) = 0.6285; a human interprets the record.",
water_hot_cold,control,scalar_collapse,hot / cold,18,excluded_t,cool,0.832695,True,(b) cross-layer pole relation,False,Tokenization fixes the position; the unit of analysis is the residual representation carried at that position; it is read across layers 0 to output. The token is not the unit.,The corpus named the dichotomy; the model processed that naming; the measurement recorded the processing; a human interprets the record.,"The corpus named the dichotomy hot / cold; the model processed that naming; the measurement recorded, at layer 18, excluded_t(cool) = 0.8327; a human interprets the record.",
water_hot_cold,control,scalar_collapse,hot / cold,18,excluded_perp_norm,mild,1.030484,True,(b) cross-layer pole relation,False,Tokenization fixes the position; the unit of analysis is the residual representation carried at that position; it is read across layers 0 to output. The token is not the unit.,The corpus named the dichotomy; the model processed that naming; the measurement recorded the processing; a human interprets the record.,"The corpus named the dichotomy hot / cold; the model processed that naming; the measurement recorded, at layer 18, excluded_perp_norm(mild) = 1.0305; a human interprets the record.",
water_hot_cold,control,scalar_collapse,hot / cold,18,excluded_t,mild,0.549361,True,(b) cross-layer pole relation,False,Tokenization fixes the position; the unit of analysis is the residual representation carried at that position; it is read across layers 0 to output. The token is not the unit.,The corpus named the dichotomy; the model processed that naming; the measurement recorded the processing; a human interprets the record.,"The corpus named the dichotomy hot / cold; the model processed that naming; the measurement recorded, at layer 18, excluded_t(mild) = 0.5494; a human interprets the record.",
water_hot_cold,control,scalar_collapse,hot / cold,18,excluded_perp_norm,lukewarm,0.808554,True,(b) cross-layer pole relation,False,Tokenization fixes the position; the unit of analysis is the residual representation carried at that position; it is read across layers 0 to output. The token is not the unit.,The corpus named the dichotomy; the model processed that naming; the measurement recorded the processing; a human interprets the record.,"The corpus named the dichotomy hot / cold; the model processed that naming; the measurement recorded, at layer 18, excluded_perp_norm(lukewarm) = 0.8086; a human interprets the record.",
water_hot_cold,control,scalar_collapse,hot / cold,18,excluded_t,lukewarm,0.457755,True,(b) cross-layer pole relation,False,Tokenization fixes the position; the unit of analysis is the residual representation carried at that position; it is read across layers 0 to output. The token is not the unit.,The corpus named the dichotomy; the model processed that naming; the measurement recorded the processing; a human interprets the record.,"The corpus named the dichotomy hot / cold; the model processed that naming; the measurement recorded, at layer 18, excluded_t(lukewarm) = 0.4578; a human interprets the record.",
water_hot_cold,control,scalar_collapse,hot / cold,18,remainder_ratio,excluded_set,0.822504,True,(b) cross-layer pole relation,False,Tokenization fixes the position; the unit of analysis is the residual representation carried at that position; it is read across layers 0 to output. The token is not the unit.,The corpus named the dichotomy; the model processed that naming; the measurement recorded the processing; a human interprets the record.,"The corpus named the dichotomy hot / cold; the model processed that naming; the measurement recorded, at layer 18, remainder_ratio(excluded_set) = 0.8225; a human interprets the record.",
water_hot_cold,control,scalar_collapse,hot / cold,19,cosine_AB_named,hot|cold,0.732422,True,(b) cross-layer pole relation,True,Tokenization fixes the position; the unit of analysis is the residual representation carried at that position; it is read across layers 0 to output. The token is not the unit.,The corpus named the dichotomy; the model processed that naming; the measurement recorded the processing; a human interprets the record.,"The corpus named the dichotomy hot / cold; the model processed that naming; the measurement recorded, at layer 19, cosine_AB_named(hot|cold) = 0.7324 (corroboration only); a human interprets the record.",
water_hot_cold,control,scalar_collapse,hot / cold,19,cosine_AB_carrier,hot|cold,0.859727,True,(b) cross-layer pole relation,True,Tokenization fixes the position; the unit of analysis is the residual representation carried at that position; it is read across layers 0 to output. The token is not the unit.,The corpus named the dichotomy; the model processed that naming; the measurement recorded the processing; a human interprets the record.,"The corpus named the dichotomy hot / cold; the model processed that naming; the measurement recorded, at layer 19, cosine_AB_carrier(hot|cold) = 0.8597 (corroboration only); a human interprets the record.",
water_hot_cold,control,scalar_collapse,hot / cold,19,midpoint_t,warm,0.465277,True,(a) seated-midpoint,True,Tokenization fixes the position; the unit of analysis is the residual representation carried at that position; it is read across layers 0 to output. The token is not the unit.,The corpus named the dichotomy; the model processed that naming; the measurement recorded the processing; a human interprets the record.,"The corpus named the dichotomy hot / cold; the model processed that naming; the measurement recorded, at layer 19, midpoint_t(warm) = 0.4653 (corroboration only); a human interprets the record.",
water_hot_cold,control,scalar_collapse,hot / cold,19,midpoint_perp_norm,warm,0.742651,True,(a) seated-midpoint,True,Tokenization fixes the position; the unit of analysis is the residual representation carried at that position; it is read across layers 0 to output. The token is not the unit.,The corpus named the dichotomy; the model processed that naming; the measurement recorded the processing; a human interprets the record.,"The corpus named the dichotomy hot / cold; the model processed that naming; the measurement recorded, at layer 19, midpoint_perp_norm(warm) = 0.7427 (corroboration only); a human interprets the record.",
water_hot_cold,control,scalar_collapse,hot / cold,19,cosine_midpoint_A,warm,0.892509,True,(a) seated-midpoint,True,Tokenization fixes the position; the unit of analysis is the residual representation carried at that position; it is read across layers 0 to output. The token is not the unit.,The corpus named the dichotomy; the model processed that naming; the measurement recorded the processing; a human interprets the record.,"The corpus named the dichotomy hot / cold; the model processed that naming; the measurement recorded, at layer 19, cosine_midpoint_A(warm) = 0.8925 (corroboration only); a human interprets the record.",
water_hot_cold,control,scalar_collapse,hot / cold,19,cosine_midpoint_B,warm,0.888871,True,(a) seated-midpoint,True,Tokenization fixes the position; the unit of analysis is the residual representation carried at that position; it is read across layers 0 to output. The token is not the unit.,The corpus named the dichotomy; the model processed that naming; the measurement recorded the processing; a human interprets the record.,"The corpus named the dichotomy hot / cold; the model processed that naming; the measurement recorded, at layer 19, cosine_midpoint_B(warm) = 0.8889 (corroboration only); a human interprets the record.",
water_hot_cold,control,scalar_collapse,hot / cold,19,excluded_perp_norm,cool,0.649297,True,(b) cross-layer pole relation,False,Tokenization fixes the position; the unit of analysis is the residual representation carried at that position; it is read across layers 0 to output. The token is not the unit.,The corpus named the dichotomy; the model processed that naming; the measurement recorded the processing; a human interprets the record.,"The corpus named the dichotomy hot / cold; the model processed that naming; the measurement recorded, at layer 19, excluded_perp_norm(cool) = 0.6493; a human interprets the record.",
water_hot_cold,control,scalar_collapse,hot / cold,19,excluded_t,cool,0.806975,True,(b) cross-layer pole relation,False,Tokenization fixes the position; the unit of analysis is the residual representation carried at that position; it is read across layers 0 to output. The token is not the unit.,The corpus named the dichotomy; the model processed that naming; the measurement recorded the processing; a human interprets the record.,"The corpus named the dichotomy hot / cold; the model processed that naming; the measurement recorded, at layer 19, excluded_t(cool) = 0.8070; a human interprets the record.",
water_hot_cold,control,scalar_collapse,hot / cold,19,excluded_perp_norm,mild,1.024032,True,(b) cross-layer pole relation,False,Tokenization fixes the position; the unit of analysis is the residual representation carried at that position; it is read across layers 0 to output. The token is not the unit.,The corpus named the dichotomy; the model processed that naming; the measurement recorded the processing; a human interprets the record.,"The corpus named the dichotomy hot / cold; the model processed that naming; the measurement recorded, at layer 19, excluded_perp_norm(mild) = 1.0240; a human interprets the record.",
water_hot_cold,control,scalar_collapse,hot / cold,19,excluded_t,mild,0.498172,True,(b) cross-layer pole relation,False,Tokenization fixes the position; the unit of analysis is the residual representation carried at that position; it is read across layers 0 to output. The token is not the unit.,The corpus named the dichotomy; the model processed that naming; the measurement recorded the processing; a human interprets the record.,"The corpus named the dichotomy hot / cold; the model processed that naming; the measurement recorded, at layer 19, excluded_t(mild) = 0.4982; a human interprets the record.",
water_hot_cold,control,scalar_collapse,hot / cold,19,excluded_perp_norm,lukewarm,0.83711,True,(b) cross-layer pole relation,False,Tokenization fixes the position; the unit of analysis is the residual representation carried at that position; it is read across layers 0 to output. The token is not the unit.,The corpus named the dichotomy; the model processed that naming; the measurement recorded the processing; a human interprets the record.,"The corpus named the dichotomy hot / cold; the model processed that naming; the measurement recorded, at layer 19, excluded_perp_norm(lukewarm) = 0.8371; a human interprets the record.",
water_hot_cold,control,scalar_collapse,hot / cold,19,excluded_t,lukewarm,0.435508,True,(b) cross-layer pole relation,False,Tokenization fixes the position; the unit of analysis is the residual representation carried at that position; it is read across layers 0 to output. The token is not the unit.,The corpus named the dichotomy; the model processed that naming; the measurement recorded the processing; a human interprets the record.,"The corpus named the dichotomy hot / cold; the model processed that naming; the measurement recorded, at layer 19, excluded_t(lukewarm) = 0.4355; a human interprets the record.",
water_hot_cold,control,scalar_collapse,hot / cold,19,remainder_ratio,excluded_set,0.836813,True,(b) cross-layer pole relation,False,Tokenization fixes the position; the unit of analysis is the residual representation carried at that position; it is read across layers 0 to output. The token is not the unit.,The corpus named the dichotomy; the model processed that naming; the measurement recorded the processing; a human interprets the record.,"The corpus named the dichotomy hot / cold; the model processed that naming; the measurement recorded, at layer 19, remainder_ratio(excluded_set) = 0.8368; a human interprets the record.",
water_hot_cold,control,scalar_collapse,hot / cold,20,cosine_AB_named,hot|cold,0.739245,True,(b) cross-layer pole relation,True,Tokenization fixes the position; the unit of analysis is the residual representation carried at that position; it is read across layers 0 to output. The token is not the unit.,The corpus named the dichotomy; the model processed that naming; the measurement recorded the processing; a human interprets the record.,"The corpus named the dichotomy hot / cold; the model processed that naming; the measurement recorded, at layer 20, cosine_AB_named(hot|cold) = 0.7392 (corroboration only); a human interprets the record.",
water_hot_cold,control,scalar_collapse,hot / cold,20,cosine_AB_carrier,hot|cold,0.849818,True,(b) cross-layer pole relation,True,Tokenization fixes the position; the unit of analysis is the residual representation carried at that position; it is read across layers 0 to output. The token is not the unit.,The corpus named the dichotomy; the model processed that naming; the measurement recorded the processing; a human interprets the record.,"The corpus named the dichotomy hot / cold; the model processed that naming; the measurement recorded, at layer 20, cosine_AB_carrier(hot|cold) = 0.8498 (corroboration only); a human interprets the record.",
water_hot_cold,control,scalar_collapse,hot / cold,20,midpoint_t,warm,0.498876,True,(a) seated-midpoint,True,Tokenization fixes the position; the unit of analysis is the residual representation carried at that position; it is read across layers 0 to output. The token is not the unit.,The corpus named the dichotomy; the model processed that naming; the measurement recorded the processing; a human interprets the record.,"The corpus named the dichotomy hot / cold; the model processed that naming; the measurement recorded, at layer 20, midpoint_t(warm) = 0.4989 (corroboration only); a human interprets the record.",
water_hot_cold,control,scalar_collapse,hot / cold,20,midpoint_perp_norm,warm,0.693468,True,(a) seated-midpoint,True,Tokenization fixes the position; the unit of analysis is the residual representation carried at that position; it is read across layers 0 to output. The token is not the unit.,The corpus named the dichotomy; the model processed that naming; the measurement recorded the processing; a human interprets the record.,"The corpus named the dichotomy hot / cold; the model processed that naming; the measurement recorded, at layer 20, midpoint_perp_norm(warm) = 0.6935 (corroboration only); a human interprets the record.",
water_hot_cold,control,scalar_collapse,hot / cold,20,cosine_midpoint_A,warm,0.886648,True,(a) seated-midpoint,True,Tokenization fixes the position; the unit of analysis is the residual representation carried at that position; it is read across layers 0 to output. The token is not the unit.,The corpus named the dichotomy; the model processed that naming; the measurement recorded the processing; a human interprets the record.,"The corpus named the dichotomy hot / cold; the model processed that naming; the measurement recorded, at layer 20, cosine_midpoint_A(warm) = 0.8866 (corroboration only); a human interprets the record.",
water_hot_cold,control,scalar_collapse,hot / cold,20,cosine_midpoint_B,warm,0.894419,True,(a) seated-midpoint,True,Tokenization fixes the position; the unit of analysis is the residual representation carried at that position; it is read across layers 0 to output. The token is not the unit.,The corpus named the dichotomy; the model processed that naming; the measurement recorded the processing; a human interprets the record.,"The corpus named the dichotomy hot / cold; the model processed that naming; the measurement recorded, at layer 20, cosine_midpoint_B(warm) = 0.8944 (corroboration only); a human interprets the record.",
water_hot_cold,control,scalar_collapse,hot / cold,20,excluded_perp_norm,cool,0.599051,True,(b) cross-layer pole relation,False,Tokenization fixes the position; the unit of analysis is the residual representation carried at that position; it is read across layers 0 to output. The token is not the unit.,The corpus named the dichotomy; the model processed that naming; the measurement recorded the processing; a human interprets the record.,"The corpus named the dichotomy hot / cold; the model processed that naming; the measurement recorded, at layer 20, excluded_perp_norm(cool) = 0.5991; a human interprets the record.",
water_hot_cold,control,scalar_collapse,hot / cold,20,excluded_t,cool,0.859008,True,(b) cross-layer pole relation,False,Tokenization fixes the position; the unit of analysis is the residual representation carried at that position; it is read across layers 0 to output. The token is not the unit.,The corpus named the dichotomy; the model processed that naming; the measurement recorded the processing; a human interprets the record.,"The corpus named the dichotomy hot / cold; the model processed that naming; the measurement recorded, at layer 20, excluded_t(cool) = 0.8590; a human interprets the record.",
water_hot_cold,control,scalar_collapse,hot / cold,20,excluded_perp_norm,mild,0.952886,True,(b) cross-layer pole relation,False,Tokenization fixes the position; the unit of analysis is the residual representation carried at that position; it is read across layers 0 to output. The token is not the unit.,The corpus named the dichotomy; the model processed that naming; the measurement recorded the processing; a human interprets the record.,"The corpus named the dichotomy hot / cold; the model processed that naming; the measurement recorded, at layer 20, excluded_perp_norm(mild) = 0.9529; a human interprets the record.",
water_hot_cold,control,scalar_collapse,hot / cold,20,excluded_t,mild,0.52742,True,(b) cross-layer pole relation,False,Tokenization fixes the position; the unit of analysis is the residual representation carried at that position; it is read across layers 0 to output. The token is not the unit.,The corpus named the dichotomy; the model processed that naming; the measurement recorded the processing; a human interprets the record.,"The corpus named the dichotomy hot / cold; the model processed that naming; the measurement recorded, at layer 20, excluded_t(mild) = 0.5274; a human interprets the record.",
water_hot_cold,control,scalar_collapse,hot / cold,20,excluded_perp_norm,lukewarm,0.756503,True,(b) cross-layer pole relation,False,Tokenization fixes the position; the unit of analysis is the residual representation carried at that position; it is read across layers 0 to output. The token is not the unit.,The corpus named the dichotomy; the model processed that naming; the measurement recorded the processing; a human interprets the record.,"The corpus named the dichotomy hot / cold; the model processed that naming; the measurement recorded, at layer 20, excluded_perp_norm(lukewarm) = 0.7565; a human interprets the record.",
water_hot_cold,control,scalar_collapse,hot / cold,20,excluded_t,lukewarm,0.418448,True,(b) cross-layer pole relation,False,Tokenization fixes the position; the unit of analysis is the residual representation carried at that position; it is read across layers 0 to output. The token is not the unit.,The corpus named the dichotomy; the model processed that naming; the measurement recorded the processing; a human interprets the record.,"The corpus named the dichotomy hot / cold; the model processed that naming; the measurement recorded, at layer 20, excluded_t(lukewarm) = 0.4184; a human interprets the record.",
water_hot_cold,control,scalar_collapse,hot / cold,20,remainder_ratio,excluded_set,0.76948,True,(b) cross-layer pole relation,False,Tokenization fixes the position; the unit of analysis is the residual representation carried at that position; it is read across layers 0 to output. The token is not the unit.,The corpus named the dichotomy; the model processed that naming; the measurement recorded the processing; a human interprets the record.,"The corpus named the dichotomy hot / cold; the model processed that naming; the measurement recorded, at layer 20, remainder_ratio(excluded_set) = 0.7695; a human interprets the record.",
water_hot_cold,control,scalar_collapse,hot / cold,21,cosine_AB_named,hot|cold,0.738219,True,(b) cross-layer pole relation,True,Tokenization fixes the position; the unit of analysis is the residual representation carried at that position; it is read across layers 0 to output. The token is not the unit.,The corpus named the dichotomy; the model processed that naming; the measurement recorded the processing; a human interprets the record.,"The corpus named the dichotomy hot / cold; the model processed that naming; the measurement recorded, at layer 21, cosine_AB_named(hot|cold) = 0.7382 (corroboration only); a human interprets the record.",
water_hot_cold,control,scalar_collapse,hot / cold,21,cosine_AB_carrier,hot|cold,0.84643,True,(b) cross-layer pole relation,True,Tokenization fixes the position; the unit of analysis is the residual representation carried at that position; it is read across layers 0 to output. The token is not the unit.,The corpus named the dichotomy; the model processed that naming; the measurement recorded the processing; a human interprets the record.,"The corpus named the dichotomy hot / cold; the model processed that naming; the measurement recorded, at layer 21, cosine_AB_carrier(hot|cold) = 0.8464 (corroboration only); a human interprets the record.",
water_hot_cold,control,scalar_collapse,hot / cold,21,midpoint_t,warm,0.492285,True,(a) seated-midpoint,True,Tokenization fixes the position; the unit of analysis is the residual representation carried at that position; it is read across layers 0 to output. The token is not the unit.,The corpus named the dichotomy; the model processed that naming; the measurement recorded the processing; a human interprets the record.,"The corpus named the dichotomy hot / cold; the model processed that naming; the measurement recorded, at layer 21, midpoint_t(warm) = 0.4923 (corroboration only); a human interprets the record.",
water_hot_cold,control,scalar_collapse,hot / cold,21,midpoint_perp_norm,warm,0.701139,True,(a) seated-midpoint,True,Tokenization fixes the position; the unit of analysis is the residual representation carried at that position; it is read across layers 0 to output. The token is not the unit.,The corpus named the dichotomy; the model processed that naming; the measurement recorded the processing; a human interprets the record.,"The corpus named the dichotomy hot / cold; the model processed that naming; the measurement recorded, at layer 21, midpoint_perp_norm(warm) = 0.7011 (corroboration only); a human interprets the record.",
water_hot_cold,control,scalar_collapse,hot / cold,21,cosine_midpoint_A,warm,0.885057,True,(a) seated-midpoint,True,Tokenization fixes the position; the unit of analysis is the residual representation carried at that position; it is read across layers 0 to output. The token is not the unit.,The corpus named the dichotomy; the model processed that naming; the measurement recorded the processing; a human interprets the record.,"The corpus named the dichotomy hot / cold; the model processed that naming; the measurement recorded, at layer 21, cosine_midpoint_A(warm) = 0.8851 (corroboration only); a human interprets the record.",
water_hot_cold,control,scalar_collapse,hot / cold,21,cosine_midpoint_B,warm,0.88803,True,(a) seated-midpoint,True,Tokenization fixes the position; the unit of analysis is the residual representation carried at that position; it is read across layers 0 to output. The token is not the unit.,The corpus named the dichotomy; the model processed that naming; the measurement recorded the processing; a human interprets the record.,"The corpus named the dichotomy hot / cold; the model processed that naming; the measurement recorded, at layer 21, cosine_midpoint_B(warm) = 0.8880 (corroboration only); a human interprets the record.",
water_hot_cold,control,scalar_collapse,hot / cold,21,excluded_perp_norm,cool,0.590299,True,(b) cross-layer pole relation,False,Tokenization fixes the position; the unit of analysis is the residual representation carried at that position; it is read across layers 0 to output. The token is not the unit.,The corpus named the dichotomy; the model processed that naming; the measurement recorded the processing; a human interprets the record.,"The corpus named the dichotomy hot / cold; the model processed that naming; the measurement recorded, at layer 21, excluded_perp_norm(cool) = 0.5903; a human interprets the record.",
water_hot_cold,control,scalar_collapse,hot / cold,21,excluded_t,cool,0.865809,True,(b) cross-layer pole relation,False,Tokenization fixes the position; the unit of analysis is the residual representation carried at that position; it is read across layers 0 to output. The token is not the unit.,The corpus named the dichotomy; the model processed that naming; the measurement recorded the processing; a human interprets the record.,"The corpus named the dichotomy hot / cold; the model processed that naming; the measurement recorded, at layer 21, excluded_t(cool) = 0.8658; a human interprets the record.",
water_hot_cold,control,scalar_collapse,hot / cold,21,excluded_perp_norm,mild,0.956717,True,(b) cross-layer pole relation,False,Tokenization fixes the position; the unit of analysis is the residual representation carried at that position; it is read across layers 0 to output. The token is not the unit.,The corpus named the dichotomy; the model processed that naming; the measurement recorded the processing; a human interprets the record.,"The corpus named the dichotomy hot / cold; the model processed that naming; the measurement recorded, at layer 21, excluded_perp_norm(mild) = 0.9567; a human interprets the record.",
water_hot_cold,control,scalar_collapse,hot / cold,21,excluded_t,mild,0.539822,True,(b) cross-layer pole relation,False,Tokenization fixes the position; the unit of analysis is the residual representation carried at that position; it is read across layers 0 to output. The token is not the unit.,The corpus named the dichotomy; the model processed that naming; the measurement recorded the processing; a human interprets the record.,"The corpus named the dichotomy hot / cold; the model processed that naming; the measurement recorded, at layer 21, excluded_t(mild) = 0.5398; a human interprets the record.",
water_hot_cold,control,scalar_collapse,hot / cold,21,excluded_perp_norm,lukewarm,0.756451,True,(b) cross-layer pole relation,False,Tokenization fixes the position; the unit of analysis is the residual representation carried at that position; it is read across layers 0 to output. The token is not the unit.,The corpus named the dichotomy; the model processed that naming; the measurement recorded the processing; a human interprets the record.,"The corpus named the dichotomy hot / cold; the model processed that naming; the measurement recorded, at layer 21, excluded_perp_norm(lukewarm) = 0.7565; a human interprets the record.",
water_hot_cold,control,scalar_collapse,hot / cold,21,excluded_t,lukewarm,0.438506,True,(b) cross-layer pole relation,False,Tokenization fixes the position; the unit of analysis is the residual representation carried at that position; it is read across layers 0 to output. The token is not the unit.,The corpus named the dichotomy; the model processed that naming; the measurement recorded the processing; a human interprets the record.,"The corpus named the dichotomy hot / cold; the model processed that naming; the measurement recorded, at layer 21, excluded_t(lukewarm) = 0.4385; a human interprets the record.",
water_hot_cold,control,scalar_collapse,hot / cold,21,remainder_ratio,excluded_set,0.767822,True,(b) cross-layer pole relation,False,Tokenization fixes the position; the unit of analysis is the residual representation carried at that position; it is read across layers 0 to output. The token is not the unit.,The corpus named the dichotomy; the model processed that naming; the measurement recorded the processing; a human interprets the record.,"The corpus named the dichotomy hot / cold; the model processed that naming; the measurement recorded, at layer 21, remainder_ratio(excluded_set) = 0.7678; a human interprets the record.",
water_hot_cold,control,scalar_collapse,hot / cold,22,cosine_AB_named,hot|cold,0.737312,True,(b) cross-layer pole relation,True,Tokenization fixes the position; the unit of analysis is the residual representation carried at that position; it is read across layers 0 to output. The token is not the unit.,The corpus named the dichotomy; the model processed that naming; the measurement recorded the processing; a human interprets the record.,"The corpus named the dichotomy hot / cold; the model processed that naming; the measurement recorded, at layer 22, cosine_AB_named(hot|cold) = 0.7373 (corroboration only); a human interprets the record.",
water_hot_cold,control,scalar_collapse,hot / cold,22,cosine_AB_carrier,hot|cold,0.845581,True,(b) cross-layer pole relation,True,Tokenization fixes the position; the unit of analysis is the residual representation carried at that position; it is read across layers 0 to output. The token is not the unit.,The corpus named the dichotomy; the model processed that naming; the measurement recorded the processing; a human interprets the record.,"The corpus named the dichotomy hot / cold; the model processed that naming; the measurement recorded, at layer 22, cosine_AB_carrier(hot|cold) = 0.8456 (corroboration only); a human interprets the record.",
water_hot_cold,control,scalar_collapse,hot / cold,22,midpoint_t,warm,0.518417,True,(a) seated-midpoint,True,Tokenization fixes the position; the unit of analysis is the residual representation carried at that position; it is read across layers 0 to output. The token is not the unit.,The corpus named the dichotomy; the model processed that naming; the measurement recorded the processing; a human interprets the record.,"The corpus named the dichotomy hot / cold; the model processed that naming; the measurement recorded, at layer 22, midpoint_t(warm) = 0.5184 (corroboration only); a human interprets the record.",
water_hot_cold,control,scalar_collapse,hot / cold,22,midpoint_perp_norm,warm,0.697838,True,(a) seated-midpoint,True,Tokenization fixes the position; the unit of analysis is the residual representation carried at that position; it is read across layers 0 to output. The token is not the unit.,The corpus named the dichotomy; the model processed that naming; the measurement recorded the processing; a human interprets the record.,"The corpus named the dichotomy hot / cold; the model processed that naming; the measurement recorded, at layer 22, midpoint_perp_norm(warm) = 0.6978 (corroboration only); a human interprets the record.",
water_hot_cold,control,scalar_collapse,hot / cold,22,cosine_midpoint_A,warm,0.879552,True,(a) seated-midpoint,True,Tokenization fixes the position; the unit of analysis is the residual representation carried at that position; it is read across layers 0 to output. The token is not the unit.,The corpus named the dichotomy; the model processed that naming; the measurement recorded the processing; a human interprets the record.,"The corpus named the dichotomy hot / cold; the model processed that naming; the measurement recorded, at layer 22, cosine_midpoint_A(warm) = 0.8796 (corroboration only); a human interprets the record.",
water_hot_cold,control,scalar_collapse,hot / cold,22,cosine_midpoint_B,warm,0.890704,True,(a) seated-midpoint,True,Tokenization fixes the position; the unit of analysis is the residual representation carried at that position; it is read across layers 0 to output. The token is not the unit.,The corpus named the dichotomy; the model processed that naming; the measurement recorded the processing; a human interprets the record.,"The corpus named the dichotomy hot / cold; the model processed that naming; the measurement recorded, at layer 22, cosine_midpoint_B(warm) = 0.8907 (corroboration only); a human interprets the record.",
water_hot_cold,control,scalar_collapse,hot / cold,22,excluded_perp_norm,cool,0.588611,True,(b) cross-layer pole relation,False,Tokenization fixes the position; the unit of analysis is the residual representation carried at that position; it is read across layers 0 to output. The token is not the unit.,The corpus named the dichotomy; the model processed that naming; the measurement recorded the processing; a human interprets the record.,"The corpus named the dichotomy hot / cold; the model processed that naming; the measurement recorded, at layer 22, excluded_perp_norm(cool) = 0.5886; a human interprets the record.",
water_hot_cold,control,scalar_collapse,hot / cold,22,excluded_t,cool,0.871418,True,(b) cross-layer pole relation,False,Tokenization fixes the position; the unit of analysis is the residual representation carried at that position; it is read across layers 0 to output. The token is not the unit.,The corpus named the dichotomy; the model processed that naming; the measurement recorded the processing; a human interprets the record.,"The corpus named the dichotomy hot / cold; the model processed that naming; the measurement recorded, at layer 22, excluded_t(cool) = 0.8714; a human interprets the record.",
water_hot_cold,control,scalar_collapse,hot / cold,22,excluded_perp_norm,mild,0.940223,True,(b) cross-layer pole relation,False,Tokenization fixes the position; the unit of analysis is the residual representation carried at that position; it is read across layers 0 to output. The token is not the unit.,The corpus named the dichotomy; the model processed that naming; the measurement recorded the processing; a human interprets the record.,"The corpus named the dichotomy hot / cold; the model processed that naming; the measurement recorded, at layer 22, excluded_perp_norm(mild) = 0.9402; a human interprets the record.",
water_hot_cold,control,scalar_collapse,hot / cold,22,excluded_t,mild,0.553054,True,(b) cross-layer pole relation,False,Tokenization fixes the position; the unit of analysis is the residual representation carried at that position; it is read across layers 0 to output. The token is not the unit.,The corpus named the dichotomy; the model processed that naming; the measurement recorded the processing; a human interprets the record.,"The corpus named the dichotomy hot / cold; the model processed that naming; the measurement recorded, at layer 22, excluded_t(mild) = 0.5531; a human interprets the record.",
water_hot_cold,control,scalar_collapse,hot / cold,22,excluded_perp_norm,lukewarm,0.714728,True,(b) cross-layer pole relation,False,Tokenization fixes the position; the unit of analysis is the residual representation carried at that position; it is read across layers 0 to output. The token is not the unit.,The corpus named the dichotomy; the model processed that naming; the measurement recorded the processing; a human interprets the record.,"The corpus named the dichotomy hot / cold; the model processed that naming; the measurement recorded, at layer 22, excluded_perp_norm(lukewarm) = 0.7147; a human interprets the record.",
water_hot_cold,control,scalar_collapse,hot / cold,22,excluded_t,lukewarm,0.460032,True,(b) cross-layer pole relation,False,Tokenization fixes the position; the unit of analysis is the residual representation carried at that position; it is read across layers 0 to output. The token is not the unit.,The corpus named the dichotomy; the model processed that naming; the measurement recorded the processing; a human interprets the record.,"The corpus named the dichotomy hot / cold; the model processed that naming; the measurement recorded, at layer 22, excluded_t(lukewarm) = 0.4600; a human interprets the record.",
water_hot_cold,control,scalar_collapse,hot / cold,22,remainder_ratio,excluded_set,0.747854,True,(b) cross-layer pole relation,False,Tokenization fixes the position; the unit of analysis is the residual representation carried at that position; it is read across layers 0 to output. The token is not the unit.,The corpus named the dichotomy; the model processed that naming; the measurement recorded the processing; a human interprets the record.,"The corpus named the dichotomy hot / cold; the model processed that naming; the measurement recorded, at layer 22, remainder_ratio(excluded_set) = 0.7479; a human interprets the record.",
water_hot_cold,control,scalar_collapse,hot / cold,23,cosine_AB_named,hot|cold,0.746755,True,(b) cross-layer pole relation,True,Tokenization fixes the position; the unit of analysis is the residual representation carried at that position; it is read across layers 0 to output. The token is not the unit.,The corpus named the dichotomy; the model processed that naming; the measurement recorded the processing; a human interprets the record.,"The corpus named the dichotomy hot / cold; the model processed that naming; the measurement recorded, at layer 23, cosine_AB_named(hot|cold) = 0.7468 (corroboration only); a human interprets the record.",
water_hot_cold,control,scalar_collapse,hot / cold,23,cosine_AB_carrier,hot|cold,0.859547,True,(b) cross-layer pole relation,True,Tokenization fixes the position; the unit of analysis is the residual representation carried at that position; it is read across layers 0 to output. The token is not the unit.,The corpus named the dichotomy; the model processed that naming; the measurement recorded the processing; a human interprets the record.,"The corpus named the dichotomy hot / cold; the model processed that naming; the measurement recorded, at layer 23, cosine_AB_carrier(hot|cold) = 0.8595 (corroboration only); a human interprets the record.",
water_hot_cold,control,scalar_collapse,hot / cold,23,midpoint_t,warm,0.534297,True,(a) seated-midpoint,True,Tokenization fixes the position; the unit of analysis is the residual representation carried at that position; it is read across layers 0 to output. The token is not the unit.,The corpus named the dichotomy; the model processed that naming; the measurement recorded the processing; a human interprets the record.,"The corpus named the dichotomy hot / cold; the model processed that naming; the measurement recorded, at layer 23, midpoint_t(warm) = 0.5343 (corroboration only); a human interprets the record.",
water_hot_cold,control,scalar_collapse,hot / cold,23,midpoint_perp_norm,warm,0.694089,True,(a) seated-midpoint,True,Tokenization fixes the position; the unit of analysis is the residual representation carried at that position; it is read across layers 0 to output. The token is not the unit.,The corpus named the dichotomy; the model processed that naming; the measurement recorded the processing; a human interprets the record.,"The corpus named the dichotomy hot / cold; the model processed that naming; the measurement recorded, at layer 23, midpoint_perp_norm(warm) = 0.6941 (corroboration only); a human interprets the record.",
water_hot_cold,control,scalar_collapse,hot / cold,23,cosine_midpoint_A,warm,0.888102,True,(a) seated-midpoint,True,Tokenization fixes the position; the unit of analysis is the residual representation carried at that position; it is read across layers 0 to output. The token is not the unit.,The corpus named the dichotomy; the model processed that naming; the measurement recorded the processing; a human interprets the record.,"The corpus named the dichotomy hot / cold; the model processed that naming; the measurement recorded, at layer 23, cosine_midpoint_A(warm) = 0.8881 (corroboration only); a human interprets the record.",
water_hot_cold,control,scalar_collapse,hot / cold,23,cosine_midpoint_B,warm,0.903238,True,(a) seated-midpoint,True,Tokenization fixes the position; the unit of analysis is the residual representation carried at that position; it is read across layers 0 to output. The token is not the unit.,The corpus named the dichotomy; the model processed that naming; the measurement recorded the processing; a human interprets the record.,"The corpus named the dichotomy hot / cold; the model processed that naming; the measurement recorded, at layer 23, cosine_midpoint_B(warm) = 0.9032 (corroboration only); a human interprets the record.",
water_hot_cold,control,scalar_collapse,hot / cold,23,excluded_perp_norm,cool,0.580595,True,(b) cross-layer pole relation,False,Tokenization fixes the position; the unit of analysis is the residual representation carried at that position; it is read across layers 0 to output. The token is not the unit.,The corpus named the dichotomy; the model processed that naming; the measurement recorded the processing; a human interprets the record.,"The corpus named the dichotomy hot / cold; the model processed that naming; the measurement recorded, at layer 23, excluded_perp_norm(cool) = 0.5806; a human interprets the record.",
water_hot_cold,control,scalar_collapse,hot / cold,23,excluded_t,cool,0.871319,True,(b) cross-layer pole relation,False,Tokenization fixes the position; the unit of analysis is the residual representation carried at that position; it is read across layers 0 to output. The token is not the unit.,The corpus named the dichotomy; the model processed that naming; the measurement recorded the processing; a human interprets the record.,"The corpus named the dichotomy hot / cold; the model processed that naming; the measurement recorded, at layer 23, excluded_t(cool) = 0.8713; a human interprets the record.",
water_hot_cold,control,scalar_collapse,hot / cold,23,excluded_perp_norm,mild,0.930394,True,(b) cross-layer pole relation,False,Tokenization fixes the position; the unit of analysis is the residual representation carried at that position; it is read across layers 0 to output. The token is not the unit.,The corpus named the dichotomy; the model processed that naming; the measurement recorded the processing; a human interprets the record.,"The corpus named the dichotomy hot / cold; the model processed that naming; the measurement recorded, at layer 23, excluded_perp_norm(mild) = 0.9304; a human interprets the record.",
water_hot_cold,control,scalar_collapse,hot / cold,23,excluded_t,mild,0.569217,True,(b) cross-layer pole relation,False,Tokenization fixes the position; the unit of analysis is the residual representation carried at that position; it is read across layers 0 to output. The token is not the unit.,The corpus named the dichotomy; the model processed that naming; the measurement recorded the processing; a human interprets the record.,"The corpus named the dichotomy hot / cold; the model processed that naming; the measurement recorded, at layer 23, excluded_t(mild) = 0.5692; a human interprets the record.",
water_hot_cold,control,scalar_collapse,hot / cold,23,excluded_perp_norm,lukewarm,0.713468,True,(b) cross-layer pole relation,False,Tokenization fixes the position; the unit of analysis is the residual representation carried at that position; it is read across layers 0 to output. The token is not the unit.,The corpus named the dichotomy; the model processed that naming; the measurement recorded the processing; a human interprets the record.,"The corpus named the dichotomy hot / cold; the model processed that naming; the measurement recorded, at layer 23, excluded_perp_norm(lukewarm) = 0.7135; a human interprets the record.",
water_hot_cold,control,scalar_collapse,hot / cold,23,excluded_t,lukewarm,0.481252,True,(b) cross-layer pole relation,False,Tokenization fixes the position; the unit of analysis is the residual representation carried at that position; it is read across layers 0 to output. The token is not the unit.,The corpus named the dichotomy; the model processed that naming; the measurement recorded the processing; a human interprets the record.,"The corpus named the dichotomy hot / cold; the model processed that naming; the measurement recorded, at layer 23, excluded_t(lukewarm) = 0.4813; a human interprets the record.",
water_hot_cold,control,scalar_collapse,hot / cold,23,remainder_ratio,excluded_set,0.741486,True,(b) cross-layer pole relation,False,Tokenization fixes the position; the unit of analysis is the residual representation carried at that position; it is read across layers 0 to output. The token is not the unit.,The corpus named the dichotomy; the model processed that naming; the measurement recorded the processing; a human interprets the record.,"The corpus named the dichotomy hot / cold; the model processed that naming; the measurement recorded, at layer 23, remainder_ratio(excluded_set) = 0.7415; a human interprets the record.",
water_hot_cold,control,scalar_collapse,hot / cold,24,cosine_AB_named,hot|cold,0.764549,True,(b) cross-layer pole relation,True,Tokenization fixes the position; the unit of analysis is the residual representation carried at that position; it is read across layers 0 to output. The token is not the unit.,The corpus named the dichotomy; the model processed that naming; the measurement recorded the processing; a human interprets the record.,"The corpus named the dichotomy hot / cold; the model processed that naming; the measurement recorded, at layer 24, cosine_AB_named(hot|cold) = 0.7645 (corroboration only); a human interprets the record.",
water_hot_cold,control,scalar_collapse,hot / cold,24,cosine_AB_carrier,hot|cold,0.867945,True,(b) cross-layer pole relation,True,Tokenization fixes the position; the unit of analysis is the residual representation carried at that position; it is read across layers 0 to output. The token is not the unit.,The corpus named the dichotomy; the model processed that naming; the measurement recorded the processing; a human interprets the record.,"The corpus named the dichotomy hot / cold; the model processed that naming; the measurement recorded, at layer 24, cosine_AB_carrier(hot|cold) = 0.8679 (corroboration only); a human interprets the record.",
water_hot_cold,control,scalar_collapse,hot / cold,24,midpoint_t,warm,0.541454,True,(a) seated-midpoint,True,Tokenization fixes the position; the unit of analysis is the residual representation carried at that position; it is read across layers 0 to output. The token is not the unit.,The corpus named the dichotomy; the model processed that naming; the measurement recorded the processing; a human interprets the record.,"The corpus named the dichotomy hot / cold; the model processed that naming; the measurement recorded, at layer 24, midpoint_t(warm) = 0.5415 (corroboration only); a human interprets the record.",
water_hot_cold,control,scalar_collapse,hot / cold,24,midpoint_perp_norm,warm,0.675647,True,(a) seated-midpoint,True,Tokenization fixes the position; the unit of analysis is the residual representation carried at that position; it is read across layers 0 to output. The token is not the unit.,The corpus named the dichotomy; the model processed that naming; the measurement recorded the processing; a human interprets the record.,"The corpus named the dichotomy hot / cold; the model processed that naming; the measurement recorded, at layer 24, midpoint_perp_norm(warm) = 0.6756 (corroboration only); a human interprets the record.",
water_hot_cold,control,scalar_collapse,hot / cold,24,cosine_midpoint_A,warm,0.897261,True,(a) seated-midpoint,True,Tokenization fixes the position; the unit of analysis is the residual representation carried at that position; it is read across layers 0 to output. The token is not the unit.,The corpus named the dichotomy; the model processed that naming; the measurement recorded the processing; a human interprets the record.,"The corpus named the dichotomy hot / cold; the model processed that naming; the measurement recorded, at layer 24, cosine_midpoint_A(warm) = 0.8973 (corroboration only); a human interprets the record.",
water_hot_cold,control,scalar_collapse,hot / cold,24,cosine_midpoint_B,warm,0.91329,True,(a) seated-midpoint,True,Tokenization fixes the position; the unit of analysis is the residual representation carried at that position; it is read across layers 0 to output. The token is not the unit.,The corpus named the dichotomy; the model processed that naming; the measurement recorded the processing; a human interprets the record.,"The corpus named the dichotomy hot / cold; the model processed that naming; the measurement recorded, at layer 24, cosine_midpoint_B(warm) = 0.9133 (corroboration only); a human interprets the record.",
water_hot_cold,control,scalar_collapse,hot / cold,24,excluded_perp_norm,cool,0.560137,True,(b) cross-layer pole relation,False,Tokenization fixes the position; the unit of analysis is the residual representation carried at that position; it is read across layers 0 to output. The token is not the unit.,The corpus named the dichotomy; the model processed that naming; the measurement recorded the processing; a human interprets the record.,"The corpus named the dichotomy hot / cold; the model processed that naming; the measurement recorded, at layer 24, excluded_perp_norm(cool) = 0.5601; a human interprets the record.",
water_hot_cold,control,scalar_collapse,hot / cold,24,excluded_t,cool,0.881991,True,(b) cross-layer pole relation,False,Tokenization fixes the position; the unit of analysis is the residual representation carried at that position; it is read across layers 0 to output. The token is not the unit.,The corpus named the dichotomy; the model processed that naming; the measurement recorded the processing; a human interprets the record.,"The corpus named the dichotomy hot / cold; the model processed that naming; the measurement recorded, at layer 24, excluded_t(cool) = 0.8820; a human interprets the record.",
water_hot_cold,control,scalar_collapse,hot / cold,24,excluded_perp_norm,mild,0.921976,True,(b) cross-layer pole relation,False,Tokenization fixes the position; the unit of analysis is the residual representation carried at that position; it is read across layers 0 to output. The token is not the unit.,The corpus named the dichotomy; the model processed that naming; the measurement recorded the processing; a human interprets the record.,"The corpus named the dichotomy hot / cold; the model processed that naming; the measurement recorded, at layer 24, excluded_perp_norm(mild) = 0.9220; a human interprets the record.",
water_hot_cold,control,scalar_collapse,hot / cold,24,excluded_t,mild,0.562086,True,(b) cross-layer pole relation,False,Tokenization fixes the position; the unit of analysis is the residual representation carried at that position; it is read across layers 0 to output. The token is not the unit.,The corpus named the dichotomy; the model processed that naming; the measurement recorded the processing; a human interprets the record.,"The corpus named the dichotomy hot / cold; the model processed that naming; the measurement recorded, at layer 24, excluded_t(mild) = 0.5621; a human interprets the record.",
water_hot_cold,control,scalar_collapse,hot / cold,24,excluded_perp_norm,lukewarm,0.693786,True,(b) cross-layer pole relation,False,Tokenization fixes the position; the unit of analysis is the residual representation carried at that position; it is read across layers 0 to output. The token is not the unit.,The corpus named the dichotomy; the model processed that naming; the measurement recorded the processing; a human interprets the record.,"The corpus named the dichotomy hot / cold; the model processed that naming; the measurement recorded, at layer 24, excluded_perp_norm(lukewarm) = 0.6938; a human interprets the record.",
water_hot_cold,control,scalar_collapse,hot / cold,24,excluded_t,lukewarm,0.501496,True,(b) cross-layer pole relation,False,Tokenization fixes the position; the unit of analysis is the residual representation carried at that position; it is read across layers 0 to output. The token is not the unit.,The corpus named the dichotomy; the model processed that naming; the measurement recorded the processing; a human interprets the record.,"The corpus named the dichotomy hot / cold; the model processed that naming; the measurement recorded, at layer 24, excluded_t(lukewarm) = 0.5015; a human interprets the record.",
water_hot_cold,control,scalar_collapse,hot / cold,24,remainder_ratio,excluded_set,0.7253,True,(b) cross-layer pole relation,False,Tokenization fixes the position; the unit of analysis is the residual representation carried at that position; it is read across layers 0 to output. The token is not the unit.,The corpus named the dichotomy; the model processed that naming; the measurement recorded the processing; a human interprets the record.,"The corpus named the dichotomy hot / cold; the model processed that naming; the measurement recorded, at layer 24, remainder_ratio(excluded_set) = 0.7253; a human interprets the record.",
water_hot_cold,control,scalar_collapse,hot / cold,25,cosine_AB_named,hot|cold,0.770446,True,(b) cross-layer pole relation,True,Tokenization fixes the position; the unit of analysis is the residual representation carried at that position; it is read across layers 0 to output. The token is not the unit.,The corpus named the dichotomy; the model processed that naming; the measurement recorded the processing; a human interprets the record.,"The corpus named the dichotomy hot / cold; the model processed that naming; the measurement recorded, at layer 25, cosine_AB_named(hot|cold) = 0.7704 (corroboration only); a human interprets the record.",
water_hot_cold,control,scalar_collapse,hot / cold,25,cosine_AB_carrier,hot|cold,0.87345,True,(b) cross-layer pole relation,True,Tokenization fixes the position; the unit of analysis is the residual representation carried at that position; it is read across layers 0 to output. The token is not the unit.,The corpus named the dichotomy; the model processed that naming; the measurement recorded the processing; a human interprets the record.,"The corpus named the dichotomy hot / cold; the model processed that naming; the measurement recorded, at layer 25, cosine_AB_carrier(hot|cold) = 0.8734 (corroboration only); a human interprets the record.",
water_hot_cold,control,scalar_collapse,hot / cold,25,midpoint_t,warm,0.552628,True,(a) seated-midpoint,True,Tokenization fixes the position; the unit of analysis is the residual representation carried at that position; it is read across layers 0 to output. The token is not the unit.,The corpus named the dichotomy; the model processed that naming; the measurement recorded the processing; a human interprets the record.,"The corpus named the dichotomy hot / cold; the model processed that naming; the measurement recorded, at layer 25, midpoint_t(warm) = 0.5526 (corroboration only); a human interprets the record.",
water_hot_cold,control,scalar_collapse,hot / cold,25,midpoint_perp_norm,warm,0.687133,True,(a) seated-midpoint,True,Tokenization fixes the position; the unit of analysis is the residual representation carried at that position; it is read across layers 0 to output. The token is not the unit.,The corpus named the dichotomy; the model processed that naming; the measurement recorded the processing; a human interprets the record.,"The corpus named the dichotomy hot / cold; the model processed that naming; the measurement recorded, at layer 25, midpoint_perp_norm(warm) = 0.6871 (corroboration only); a human interprets the record.",
water_hot_cold,control,scalar_collapse,hot / cold,25,cosine_midpoint_A,warm,0.897272,True,(a) seated-midpoint,True,Tokenization fixes the position; the unit of analysis is the residual representation carried at that position; it is read across layers 0 to output. The token is not the unit.,The corpus named the dichotomy; the model processed that naming; the measurement recorded the processing; a human interprets the record.,"The corpus named the dichotomy hot / cold; the model processed that naming; the measurement recorded, at layer 25, cosine_midpoint_A(warm) = 0.8973 (corroboration only); a human interprets the record.",
water_hot_cold,control,scalar_collapse,hot / cold,25,cosine_midpoint_B,warm,0.915141,True,(a) seated-midpoint,True,Tokenization fixes the position; the unit of analysis is the residual representation carried at that position; it is read across layers 0 to output. The token is not the unit.,The corpus named the dichotomy; the model processed that naming; the measurement recorded the processing; a human interprets the record.,"The corpus named the dichotomy hot / cold; the model processed that naming; the measurement recorded, at layer 25, cosine_midpoint_B(warm) = 0.9151 (corroboration only); a human interprets the record.",
water_hot_cold,control,scalar_collapse,hot / cold,25,excluded_perp_norm,cool,0.570172,True,(b) cross-layer pole relation,False,Tokenization fixes the position; the unit of analysis is the residual representation carried at that position; it is read across layers 0 to output. The token is not the unit.,The corpus named the dichotomy; the model processed that naming; the measurement recorded the processing; a human interprets the record.,"The corpus named the dichotomy hot / cold; the model processed that naming; the measurement recorded, at layer 25, excluded_perp_norm(cool) = 0.5702; a human interprets the record.",
water_hot_cold,control,scalar_collapse,hot / cold,25,excluded_t,cool,0.88314,True,(b) cross-layer pole relation,False,Tokenization fixes the position; the unit of analysis is the residual representation carried at that position; it is read across layers 0 to output. The token is not the unit.,The corpus named the dichotomy; the model processed that naming; the measurement recorded the processing; a human interprets the record.,"The corpus named the dichotomy hot / cold; the model processed that naming; the measurement recorded, at layer 25, excluded_t(cool) = 0.8831; a human interprets the record.",
water_hot_cold,control,scalar_collapse,hot / cold,25,excluded_perp_norm,mild,0.945058,True,(b) cross-layer pole relation,False,Tokenization fixes the position; the unit of analysis is the residual representation carried at that position; it is read across layers 0 to output. The token is not the unit.,The corpus named the dichotomy; the model processed that naming; the measurement recorded the processing; a human interprets the record.,"The corpus named the dichotomy hot / cold; the model processed that naming; the measurement recorded, at layer 25, excluded_perp_norm(mild) = 0.9451; a human interprets the record.",
water_hot_cold,control,scalar_collapse,hot / cold,25,excluded_t,mild,0.541986,True,(b) cross-layer pole relation,False,Tokenization fixes the position; the unit of analysis is the residual representation carried at that position; it is read across layers 0 to output. The token is not the unit.,The corpus named the dichotomy; the model processed that naming; the measurement recorded the processing; a human interprets the record.,"The corpus named the dichotomy hot / cold; the model processed that naming; the measurement recorded, at layer 25, excluded_t(mild) = 0.5420; a human interprets the record.",
water_hot_cold,control,scalar_collapse,hot / cold,25,excluded_perp_norm,lukewarm,0.676594,True,(b) cross-layer pole relation,False,Tokenization fixes the position; the unit of analysis is the residual representation carried at that position; it is read across layers 0 to output. The token is not the unit.,The corpus named the dichotomy; the model processed that naming; the measurement recorded the processing; a human interprets the record.,"The corpus named the dichotomy hot / cold; the model processed that naming; the measurement recorded, at layer 25, excluded_perp_norm(lukewarm) = 0.6766; a human interprets the record.",
water_hot_cold,control,scalar_collapse,hot / cold,25,excluded_t,lukewarm,0.524601,True,(b) cross-layer pole relation,False,Tokenization fixes the position; the unit of analysis is the residual representation carried at that position; it is read across layers 0 to output. The token is not the unit.,The corpus named the dichotomy; the model processed that naming; the measurement recorded the processing; a human interprets the record.,"The corpus named the dichotomy hot / cold; the model processed that naming; the measurement recorded, at layer 25, excluded_t(lukewarm) = 0.5246; a human interprets the record.",
water_hot_cold,control,scalar_collapse,hot / cold,25,remainder_ratio,excluded_set,0.730608,True,(b) cross-layer pole relation,False,Tokenization fixes the position; the unit of analysis is the residual representation carried at that position; it is read across layers 0 to output. The token is not the unit.,The corpus named the dichotomy; the model processed that naming; the measurement recorded the processing; a human interprets the record.,"The corpus named the dichotomy hot / cold; the model processed that naming; the measurement recorded, at layer 25, remainder_ratio(excluded_set) = 0.7306; a human interprets the record.",
water_hot_cold,control,scalar_collapse,hot / cold,26,cosine_AB_named,hot|cold,0.757954,True,(b) cross-layer pole relation,True,Tokenization fixes the position; the unit of analysis is the residual representation carried at that position; it is read across layers 0 to output. The token is not the unit.,The corpus named the dichotomy; the model processed that naming; the measurement recorded the processing; a human interprets the record.,"The corpus named the dichotomy hot / cold; the model processed that naming; the measurement recorded, at layer 26, cosine_AB_named(hot|cold) = 0.7580 (corroboration only); a human interprets the record.",
water_hot_cold,control,scalar_collapse,hot / cold,26,cosine_AB_carrier,hot|cold,0.863684,True,(b) cross-layer pole relation,True,Tokenization fixes the position; the unit of analysis is the residual representation carried at that position; it is read across layers 0 to output. The token is not the unit.,The corpus named the dichotomy; the model processed that naming; the measurement recorded the processing; a human interprets the record.,"The corpus named the dichotomy hot / cold; the model processed that naming; the measurement recorded, at layer 26, cosine_AB_carrier(hot|cold) = 0.8637 (corroboration only); a human interprets the record.",
water_hot_cold,control,scalar_collapse,hot / cold,26,midpoint_t,warm,0.61779,True,(a) seated-midpoint,True,Tokenization fixes the position; the unit of analysis is the residual representation carried at that position; it is read across layers 0 to output. The token is not the unit.,The corpus named the dichotomy; the model processed that naming; the measurement recorded the processing; a human interprets the record.,"The corpus named the dichotomy hot / cold; the model processed that naming; the measurement recorded, at layer 26, midpoint_t(warm) = 0.6178 (corroboration only); a human interprets the record.",
water_hot_cold,control,scalar_collapse,hot / cold,26,midpoint_perp_norm,warm,0.678827,True,(a) seated-midpoint,True,Tokenization fixes the position; the unit of analysis is the residual representation carried at that position; it is read across layers 0 to output. The token is not the unit.,The corpus named the dichotomy; the model processed that naming; the measurement recorded the processing; a human interprets the record.,"The corpus named the dichotomy hot / cold; the model processed that naming; the measurement recorded, at layer 26, midpoint_perp_norm(warm) = 0.6788 (corroboration only); a human interprets the record.",
water_hot_cold,control,scalar_collapse,hot / cold,26,cosine_midpoint_A,warm,0.883428,True,(a) seated-midpoint,True,Tokenization fixes the position; the unit of analysis is the residual representation carried at that position; it is read across layers 0 to output. The token is not the unit.,The corpus named the dichotomy; the model processed that naming; the measurement recorded the processing; a human interprets the record.,"The corpus named the dichotomy hot / cold; the model processed that naming; the measurement recorded, at layer 26, cosine_midpoint_A(warm) = 0.8834 (corroboration only); a human interprets the record.",
water_hot_cold,control,scalar_collapse,hot / cold,26,cosine_midpoint_B,warm,0.917913,True,(a) seated-midpoint,True,Tokenization fixes the position; the unit of analysis is the residual representation carried at that position; it is read across layers 0 to output. The token is not the unit.,The corpus named the dichotomy; the model processed that naming; the measurement recorded the processing; a human interprets the record.,"The corpus named the dichotomy hot / cold; the model processed that naming; the measurement recorded, at layer 26, cosine_midpoint_B(warm) = 0.9179 (corroboration only); a human interprets the record.",
water_hot_cold,control,scalar_collapse,hot / cold,26,excluded_perp_norm,cool,0.549703,True,(b) cross-layer pole relation,False,Tokenization fixes the position; the unit of analysis is the residual representation carried at that position; it is read across layers 0 to output. The token is not the unit.,The corpus named the dichotomy; the model processed that naming; the measurement recorded the processing; a human interprets the record.,"The corpus named the dichotomy hot / cold; the model processed that naming; the measurement recorded, at layer 26, excluded_perp_norm(cool) = 0.5497; a human interprets the record.",
water_hot_cold,control,scalar_collapse,hot / cold,26,excluded_t,cool,0.895967,True,(b) cross-layer pole relation,False,Tokenization fixes the position; the unit of analysis is the residual representation carried at that position; it is read across layers 0 to output. The token is not the unit.,The corpus named the dichotomy; the model processed that naming; the measurement recorded the processing; a human interprets the record.,"The corpus named the dichotomy hot / cold; the model processed that naming; the measurement recorded, at layer 26, excluded_t(cool) = 0.8960; a human interprets the record.",
water_hot_cold,control,scalar_collapse,hot / cold,26,excluded_perp_norm,mild,1.025569,True,(b) cross-layer pole relation,False,Tokenization fixes the position; the unit of analysis is the residual representation carried at that position; it is read across layers 0 to output. The token is not the unit.,The corpus named the dichotomy; the model processed that naming; the measurement recorded the processing; a human interprets the record.,"The corpus named the dichotomy hot / cold; the model processed that naming; the measurement recorded, at layer 26, excluded_perp_norm(mild) = 1.0256; a human interprets the record.",
water_hot_cold,control,scalar_collapse,hot / cold,26,excluded_t,mild,0.547487,True,(b) cross-layer pole relation,False,Tokenization fixes the position; the unit of analysis is the residual representation carried at that position; it is read across layers 0 to output. The token is not the unit.,The corpus named the dichotomy; the model processed that naming; the measurement recorded the processing; a human interprets the record.,"The corpus named the dichotomy hot / cold; the model processed that naming; the measurement recorded, at layer 26, excluded_t(mild) = 0.5475; a human interprets the record.",
water_hot_cold,control,scalar_collapse,hot / cold,26,excluded_perp_norm,lukewarm,0.726875,True,(b) cross-layer pole relation,False,Tokenization fixes the position; the unit of analysis is the residual representation carried at that position; it is read across layers 0 to output. The token is not the unit.,The corpus named the dichotomy; the model processed that naming; the measurement recorded the processing; a human interprets the record.,"The corpus named the dichotomy hot / cold; the model processed that naming; the measurement recorded, at layer 26, excluded_perp_norm(lukewarm) = 0.7269; a human interprets the record.",
water_hot_cold,control,scalar_collapse,hot / cold,26,excluded_t,lukewarm,0.6326,True,(b) cross-layer pole relation,False,Tokenization fixes the position; the unit of analysis is the residual representation carried at that position; it is read across layers 0 to output. The token is not the unit.,The corpus named the dichotomy; the model processed that naming; the measurement recorded the processing; a human interprets the record.,"The corpus named the dichotomy hot / cold; the model processed that naming; the measurement recorded, at layer 26, excluded_t(lukewarm) = 0.6326; a human interprets the record.",
water_hot_cold,control,scalar_collapse,hot / cold,26,remainder_ratio,excluded_set,0.767382,True,(b) cross-layer pole relation,False,Tokenization fixes the position; the unit of analysis is the residual representation carried at that position; it is read across layers 0 to output. The token is not the unit.,The corpus named the dichotomy; the model processed that naming; the measurement recorded the processing; a human interprets the record.,"The corpus named the dichotomy hot / cold; the model processed that naming; the measurement recorded, at layer 26, remainder_ratio(excluded_set) = 0.7674; a human interprets the record.",
cloth_wet_dry,control,scalar_collapse,wet / dry,0,cosine_AB_named,wet|dry,0.443591,True,(b) cross-layer pole relation,True,Tokenization fixes the position; the unit of analysis is the residual representation carried at that position; it is read across layers 0 to output. The token is not the unit.,The corpus named the dichotomy; the model processed that naming; the measurement recorded the processing; a human interprets the record.,"The corpus named the dichotomy wet / dry; the model processed that naming; the measurement recorded, at layer 0, cosine_AB_named(wet|dry) = 0.4436 (corroboration only); a human interprets the record.",
cloth_wet_dry,control,scalar_collapse,wet / dry,0,cosine_AB_carrier,wet|dry,0.443591,True,(b) cross-layer pole relation,True,Tokenization fixes the position; the unit of analysis is the residual representation carried at that position; it is read across layers 0 to output. The token is not the unit.,The corpus named the dichotomy; the model processed that naming; the measurement recorded the processing; a human interprets the record.,"The corpus named the dichotomy wet / dry; the model processed that naming; the measurement recorded, at layer 0, cosine_AB_carrier(wet|dry) = 0.4436 (corroboration only); a human interprets the record.",
cloth_wet_dry,control,scalar_collapse,wet / dry,0,midpoint_t,damp,0.28502,True,(a) seated-midpoint,True,Tokenization fixes the position; the unit of analysis is the residual representation carried at that position; it is read across layers 0 to output. The token is not the unit.,The corpus named the dichotomy; the model processed that naming; the measurement recorded the processing; a human interprets the record.,"The corpus named the dichotomy wet / dry; the model processed that naming; the measurement recorded, at layer 0, midpoint_t(damp) = 0.2850 (corroboration only); a human interprets the record.",
cloth_wet_dry,control,scalar_collapse,wet / dry,0,midpoint_perp_norm,damp,0.894346,True,(a) seated-midpoint,True,Tokenization fixes the position; the unit of analysis is the residual representation carried at that position; it is read across layers 0 to output. The token is not the unit.,The corpus named the dichotomy; the model processed that naming; the measurement recorded the processing; a human interprets the record.,"The corpus named the dichotomy wet / dry; the model processed that naming; the measurement recorded, at layer 0, midpoint_perp_norm(damp) = 0.8943 (corroboration only); a human interprets the record.",
cloth_wet_dry,control,scalar_collapse,wet / dry,0,cosine_midpoint_A,damp,0.458709,True,(a) seated-midpoint,True,Tokenization fixes the position; the unit of analysis is the residual representation carried at that position; it is read across layers 0 to output. The token is not the unit.,The corpus named the dichotomy; the model processed that naming; the measurement recorded the processing; a human interprets the record.,"The corpus named the dichotomy wet / dry; the model processed that naming; the measurement recorded, at layer 0, cosine_midpoint_A(damp) = 0.4587 (corroboration only); a human interprets the record.",
cloth_wet_dry,control,scalar_collapse,wet / dry,0,cosine_midpoint_B,damp,0.218802,True,(a) seated-midpoint,True,Tokenization fixes the position; the unit of analysis is the residual representation carried at that position; it is read across layers 0 to output. The token is not the unit.,The corpus named the dichotomy; the model processed that naming; the measurement recorded the processing; a human interprets the record.,"The corpus named the dichotomy wet / dry; the model processed that naming; the measurement recorded, at layer 0, cosine_midpoint_B(damp) = 0.2188 (corroboration only); a human interprets the record.",
cloth_wet_dry,control,scalar_collapse,wet / dry,0,excluded_perp_norm,moist,0.836922,True,(b) cross-layer pole relation,False,Tokenization fixes the position; the unit of analysis is the residual representation carried at that position; it is read across layers 0 to output. The token is not the unit.,The corpus named the dichotomy; the model processed that naming; the measurement recorded the processing; a human interprets the record.,"The corpus named the dichotomy wet / dry; the model processed that naming; the measurement recorded, at layer 0, excluded_perp_norm(moist) = 0.8369; a human interprets the record.",
cloth_wet_dry,control,scalar_collapse,wet / dry,0,excluded_t,moist,0.325139,True,(b) cross-layer pole relation,False,Tokenization fixes the position; the unit of analysis is the residual representation carried at that position; it is read across layers 0 to output. The token is not the unit.,The corpus named the dichotomy; the model processed that naming; the measurement recorded the processing; a human interprets the record.,"The corpus named the dichotomy wet / dry; the model processed that naming; the measurement recorded, at layer 0, excluded_t(moist) = 0.3251; a human interprets the record.",
cloth_wet_dry,control,scalar_collapse,wet / dry,0,excluded_perp_norm,humid,0.980334,True,(b) cross-layer pole relation,False,Tokenization fixes the position; the unit of analysis is the residual representation carried at that position; it is read across layers 0 to output. The token is not the unit.,The corpus named the dichotomy; the model processed that naming; the measurement recorded the processing; a human interprets the record.,"The corpus named the dichotomy wet / dry; the model processed that naming; the measurement recorded, at layer 0, excluded_perp_norm(humid) = 0.9803; a human interprets the record.",
cloth_wet_dry,control,scalar_collapse,wet / dry,0,excluded_t,humid,0.380255,True,(b) cross-layer pole relation,False,Tokenization fixes the position; the unit of analysis is the residual representation carried at that position; it is read across layers 0 to output. The token is not the unit.,The corpus named the dichotomy; the model processed that naming; the measurement recorded the processing; a human interprets the record.,"The corpus named the dichotomy wet / dry; the model processed that naming; the measurement recorded, at layer 0, excluded_t(humid) = 0.3803; a human interprets the record.",
cloth_wet_dry,control,scalar_collapse,wet / dry,0,excluded_perp_norm,soggy,0.939213,True,(b) cross-layer pole relation,False,Tokenization fixes the position; the unit of analysis is the residual representation carried at that position; it is read across layers 0 to output. The token is not the unit.,The corpus named the dichotomy; the model processed that naming; the measurement recorded the processing; a human interprets the record.,"The corpus named the dichotomy wet / dry; the model processed that naming; the measurement recorded, at layer 0, excluded_perp_norm(soggy) = 0.9392; a human interprets the record.",
cloth_wet_dry,control,scalar_collapse,wet / dry,0,excluded_t,soggy,0.32844,True,(b) cross-layer pole relation,False,Tokenization fixes the position; the unit of analysis is the residual representation carried at that position; it is read across layers 0 to output. The token is not the unit.,The corpus named the dichotomy; the model processed that naming; the measurement recorded the processing; a human interprets the record.,"The corpus named the dichotomy wet / dry; the model processed that naming; the measurement recorded, at layer 0, excluded_t(soggy) = 0.3284; a human interprets the record.",
cloth_wet_dry,control,scalar_collapse,wet / dry,0,remainder_ratio,excluded_set,0.918823,True,(b) cross-layer pole relation,False,Tokenization fixes the position; the unit of analysis is the residual representation carried at that position; it is read across layers 0 to output. The token is not the unit.,The corpus named the dichotomy; the model processed that naming; the measurement recorded the processing; a human interprets the record.,"The corpus named the dichotomy wet / dry; the model processed that naming; the measurement recorded, at layer 0, remainder_ratio(excluded_set) = 0.9188; a human interprets the record.",
cloth_wet_dry,control,scalar_collapse,wet / dry,1,cosine_AB_named,wet|dry,0.523213,True,(b) cross-layer pole relation,True,Tokenization fixes the position; the unit of analysis is the residual representation carried at that position; it is read across layers 0 to output. The token is not the unit.,The corpus named the dichotomy; the model processed that naming; the measurement recorded the processing; a human interprets the record.,"The corpus named the dichotomy wet / dry; the model processed that naming; the measurement recorded, at layer 1, cosine_AB_named(wet|dry) = 0.5232 (corroboration only); a human interprets the record.",
cloth_wet_dry,control,scalar_collapse,wet / dry,1,cosine_AB_carrier,wet|dry,0.527585,True,(b) cross-layer pole relation,True,Tokenization fixes the position; the unit of analysis is the residual representation carried at that position; it is read across layers 0 to output. The token is not the unit.,The corpus named the dichotomy; the model processed that naming; the measurement recorded the processing; a human interprets the record.,"The corpus named the dichotomy wet / dry; the model processed that naming; the measurement recorded, at layer 1, cosine_AB_carrier(wet|dry) = 0.5276 (corroboration only); a human interprets the record.",
cloth_wet_dry,control,scalar_collapse,wet / dry,1,midpoint_t,damp,0.310515,True,(a) seated-midpoint,True,Tokenization fixes the position; the unit of analysis is the residual representation carried at that position; it is read across layers 0 to output. The token is not the unit.,The corpus named the dichotomy; the model processed that naming; the measurement recorded the processing; a human interprets the record.,"The corpus named the dichotomy wet / dry; the model processed that naming; the measurement recorded, at layer 1, midpoint_t(damp) = 0.3105 (corroboration only); a human interprets the record.",
cloth_wet_dry,control,scalar_collapse,wet / dry,1,midpoint_perp_norm,damp,0.884031,True,(a) seated-midpoint,True,Tokenization fixes the position; the unit of analysis is the residual representation carried at that position; it is read across layers 0 to output. The token is not the unit.,The corpus named the dichotomy; the model processed that naming; the measurement recorded the processing; a human interprets the record.,"The corpus named the dichotomy wet / dry; the model processed that naming; the measurement recorded, at layer 1, midpoint_perp_norm(damp) = 0.8840 (corroboration only); a human interprets the record.",
cloth_wet_dry,control,scalar_collapse,wet / dry,1,cosine_midpoint_A,damp,0.554475,True,(a) seated-midpoint,True,Tokenization fixes the position; the unit of analysis is the residual representation carried at that position; it is read across layers 0 to output. The token is not the unit.,The corpus named the dichotomy; the model processed that naming; the measurement recorded the processing; a human interprets the record.,"The corpus named the dichotomy wet / dry; the model processed that naming; the measurement recorded, at layer 1, cosine_midpoint_A(damp) = 0.5545 (corroboration only); a human interprets the record.",
cloth_wet_dry,control,scalar_collapse,wet / dry,1,cosine_midpoint_B,damp,0.376878,True,(a) seated-midpoint,True,Tokenization fixes the position; the unit of analysis is the residual representation carried at that position; it is read across layers 0 to output. The token is not the unit.,The corpus named the dichotomy; the model processed that naming; the measurement recorded the processing; a human interprets the record.,"The corpus named the dichotomy wet / dry; the model processed that naming; the measurement recorded, at layer 1, cosine_midpoint_B(damp) = 0.3769 (corroboration only); a human interprets the record.",
cloth_wet_dry,control,scalar_collapse,wet / dry,1,excluded_perp_norm,moist,0.847002,True,(b) cross-layer pole relation,False,Tokenization fixes the position; the unit of analysis is the residual representation carried at that position; it is read across layers 0 to output. The token is not the unit.,The corpus named the dichotomy; the model processed that naming; the measurement recorded the processing; a human interprets the record.,"The corpus named the dichotomy wet / dry; the model processed that naming; the measurement recorded, at layer 1, excluded_perp_norm(moist) = 0.8470; a human interprets the record.",
cloth_wet_dry,control,scalar_collapse,wet / dry,1,excluded_t,moist,0.357036,True,(b) cross-layer pole relation,False,Tokenization fixes the position; the unit of analysis is the residual representation carried at that position; it is read across layers 0 to output. The token is not the unit.,The corpus named the dichotomy; the model processed that naming; the measurement recorded the processing; a human interprets the record.,"The corpus named the dichotomy wet / dry; the model processed that naming; the measurement recorded, at layer 1, excluded_t(moist) = 0.3570; a human interprets the record.",
cloth_wet_dry,control,scalar_collapse,wet / dry,1,excluded_perp_norm,humid,0.980448,True,(b) cross-layer pole relation,False,Tokenization fixes the position; the unit of analysis is the residual representation carried at that position; it is read across layers 0 to output. The token is not the unit.,The corpus named the dichotomy; the model processed that naming; the measurement recorded the processing; a human interprets the record.,"The corpus named the dichotomy wet / dry; the model processed that naming; the measurement recorded, at layer 1, excluded_perp_norm(humid) = 0.9804; a human interprets the record.",
cloth_wet_dry,control,scalar_collapse,wet / dry,1,excluded_t,humid,0.416283,True,(b) cross-layer pole relation,False,Tokenization fixes the position; the unit of analysis is the residual representation carried at that position; it is read across layers 0 to output. The token is not the unit.,The corpus named the dichotomy; the model processed that naming; the measurement recorded the processing; a human interprets the record.,"The corpus named the dichotomy wet / dry; the model processed that naming; the measurement recorded, at layer 1, excluded_t(humid) = 0.4163; a human interprets the record.",
cloth_wet_dry,control,scalar_collapse,wet / dry,1,excluded_perp_norm,soggy,0.894122,True,(b) cross-layer pole relation,False,Tokenization fixes the position; the unit of analysis is the residual representation carried at that position; it is read across layers 0 to output. The token is not the unit.,The corpus named the dichotomy; the model processed that naming; the measurement recorded the processing; a human interprets the record.,"The corpus named the dichotomy wet / dry; the model processed that naming; the measurement recorded, at layer 1, excluded_perp_norm(soggy) = 0.8941; a human interprets the record.",
cloth_wet_dry,control,scalar_collapse,wet / dry,1,excluded_t,soggy,0.359206,True,(b) cross-layer pole relation,False,Tokenization fixes the position; the unit of analysis is the residual representation carried at that position; it is read across layers 0 to output. The token is not the unit.,The corpus named the dichotomy; the model processed that naming; the measurement recorded the processing; a human interprets the record.,"The corpus named the dichotomy wet / dry; the model processed that naming; the measurement recorded, at layer 1, excluded_t(soggy) = 0.3592; a human interprets the record.",
cloth_wet_dry,control,scalar_collapse,wet / dry,1,remainder_ratio,excluded_set,0.907191,True,(b) cross-layer pole relation,False,Tokenization fixes the position; the unit of analysis is the residual representation carried at that position; it is read across layers 0 to output. The token is not the unit.,The corpus named the dichotomy; the model processed that naming; the measurement recorded the processing; a human interprets the record.,"The corpus named the dichotomy wet / dry; the model processed that naming; the measurement recorded, at layer 1, remainder_ratio(excluded_set) = 0.9072; a human interprets the record.",
cloth_wet_dry,control,scalar_collapse,wet / dry,2,cosine_AB_named,wet|dry,0.567141,True,(b) cross-layer pole relation,True,Tokenization fixes the position; the unit of analysis is the residual representation carried at that position; it is read across layers 0 to output. The token is not the unit.,The corpus named the dichotomy; the model processed that naming; the measurement recorded the processing; a human interprets the record.,"The corpus named the dichotomy wet / dry; the model processed that naming; the measurement recorded, at layer 2, cosine_AB_named(wet|dry) = 0.5671 (corroboration only); a human interprets the record.",
cloth_wet_dry,control,scalar_collapse,wet / dry,2,cosine_AB_carrier,wet|dry,0.580272,True,(b) cross-layer pole relation,True,Tokenization fixes the position; the unit of analysis is the residual representation carried at that position; it is read across layers 0 to output. The token is not the unit.,The corpus named the dichotomy; the model processed that naming; the measurement recorded the processing; a human interprets the record.,"The corpus named the dichotomy wet / dry; the model processed that naming; the measurement recorded, at layer 2, cosine_AB_carrier(wet|dry) = 0.5803 (corroboration only); a human interprets the record.",
cloth_wet_dry,control,scalar_collapse,wet / dry,2,midpoint_t,damp,0.302037,True,(a) seated-midpoint,True,Tokenization fixes the position; the unit of analysis is the residual representation carried at that position; it is read across layers 0 to output. The token is not the unit.,The corpus named the dichotomy; the model processed that naming; the measurement recorded the processing; a human interprets the record.,"The corpus named the dichotomy wet / dry; the model processed that naming; the measurement recorded, at layer 2, midpoint_t(damp) = 0.3020 (corroboration only); a human interprets the record.",
cloth_wet_dry,control,scalar_collapse,wet / dry,2,midpoint_perp_norm,damp,0.849144,True,(a) seated-midpoint,True,Tokenization fixes the position; the unit of analysis is the residual representation carried at that position; it is read across layers 0 to output. The token is not the unit.,The corpus named the dichotomy; the model processed that naming; the measurement recorded the processing; a human interprets the record.,"The corpus named the dichotomy wet / dry; the model processed that naming; the measurement recorded, at layer 2, midpoint_perp_norm(damp) = 0.8491 (corroboration only); a human interprets the record.",
cloth_wet_dry,control,scalar_collapse,wet / dry,2,cosine_midpoint_A,damp,0.644451,True,(a) seated-midpoint,True,Tokenization fixes the position; the unit of analysis is the residual representation carried at that position; it is read across layers 0 to output. The token is not the unit.,The corpus named the dichotomy; the model processed that naming; the measurement recorded the processing; a human interprets the record.,"The corpus named the dichotomy wet / dry; the model processed that naming; the measurement recorded, at layer 2, cosine_midpoint_A(damp) = 0.6445 (corroboration only); a human interprets the record.",
cloth_wet_dry,control,scalar_collapse,wet / dry,2,cosine_midpoint_B,damp,0.470394,True,(a) seated-midpoint,True,Tokenization fixes the position; the unit of analysis is the residual representation carried at that position; it is read across layers 0 to output. The token is not the unit.,The corpus named the dichotomy; the model processed that naming; the measurement recorded the processing; a human interprets the record.,"The corpus named the dichotomy wet / dry; the model processed that naming; the measurement recorded, at layer 2, cosine_midpoint_B(damp) = 0.4704 (corroboration only); a human interprets the record.",
cloth_wet_dry,control,scalar_collapse,wet / dry,2,excluded_perp_norm,moist,0.870321,True,(b) cross-layer pole relation,False,Tokenization fixes the position; the unit of analysis is the residual representation carried at that position; it is read across layers 0 to output. The token is not the unit.,The corpus named the dichotomy; the model processed that naming; the measurement recorded the processing; a human interprets the record.,"The corpus named the dichotomy wet / dry; the model processed that naming; the measurement recorded, at layer 2, excluded_perp_norm(moist) = 0.8703; a human interprets the record.",
cloth_wet_dry,control,scalar_collapse,wet / dry,2,excluded_t,moist,0.355,True,(b) cross-layer pole relation,False,Tokenization fixes the position; the unit of analysis is the residual representation carried at that position; it is read across layers 0 to output. The token is not the unit.,The corpus named the dichotomy; the model processed that naming; the measurement recorded the processing; a human interprets the record.,"The corpus named the dichotomy wet / dry; the model processed that naming; the measurement recorded, at layer 2, excluded_t(moist) = 0.3550; a human interprets the record.",
cloth_wet_dry,control,scalar_collapse,wet / dry,2,excluded_perp_norm,humid,0.970147,True,(b) cross-layer pole relation,False,Tokenization fixes the position; the unit of analysis is the residual representation carried at that position; it is read across layers 0 to output. The token is not the unit.,The corpus named the dichotomy; the model processed that naming; the measurement recorded the processing; a human interprets the record.,"The corpus named the dichotomy wet / dry; the model processed that naming; the measurement recorded, at layer 2, excluded_perp_norm(humid) = 0.9701; a human interprets the record.",
cloth_wet_dry,control,scalar_collapse,wet / dry,2,excluded_t,humid,0.393626,True,(b) cross-layer pole relation,False,Tokenization fixes the position; the unit of analysis is the residual representation carried at that position; it is read across layers 0 to output. The token is not the unit.,The corpus named the dichotomy; the model processed that naming; the measurement recorded the processing; a human interprets the record.,"The corpus named the dichotomy wet / dry; the model processed that naming; the measurement recorded, at layer 2, excluded_t(humid) = 0.3936; a human interprets the record.",
cloth_wet_dry,control,scalar_collapse,wet / dry,2,excluded_perp_norm,soggy,0.898929,True,(b) cross-layer pole relation,False,Tokenization fixes the position; the unit of analysis is the residual representation carried at that position; it is read across layers 0 to output. The token is not the unit.,The corpus named the dichotomy; the model processed that naming; the measurement recorded the processing; a human interprets the record.,"The corpus named the dichotomy wet / dry; the model processed that naming; the measurement recorded, at layer 2, excluded_perp_norm(soggy) = 0.8989; a human interprets the record.",
cloth_wet_dry,control,scalar_collapse,wet / dry,2,excluded_t,soggy,0.336981,True,(b) cross-layer pole relation,False,Tokenization fixes the position; the unit of analysis is the residual representation carried at that position; it is read across layers 0 to output. The token is not the unit.,The corpus named the dichotomy; the model processed that naming; the measurement recorded the processing; a human interprets the record.,"The corpus named the dichotomy wet / dry; the model processed that naming; the measurement recorded, at layer 2, excluded_t(soggy) = 0.3370; a human interprets the record.",
cloth_wet_dry,control,scalar_collapse,wet / dry,2,remainder_ratio,excluded_set,0.913132,True,(b) cross-layer pole relation,False,Tokenization fixes the position; the unit of analysis is the residual representation carried at that position; it is read across layers 0 to output. The token is not the unit.,The corpus named the dichotomy; the model processed that naming; the measurement recorded the processing; a human interprets the record.,"The corpus named the dichotomy wet / dry; the model processed that naming; the measurement recorded, at layer 2, remainder_ratio(excluded_set) = 0.9131; a human interprets the record.",
cloth_wet_dry,control,scalar_collapse,wet / dry,3,cosine_AB_named,wet|dry,0.556252,True,(b) cross-layer pole relation,True,Tokenization fixes the position; the unit of analysis is the residual representation carried at that position; it is read across layers 0 to output. The token is not the unit.,The corpus named the dichotomy; the model processed that naming; the measurement recorded the processing; a human interprets the record.,"The corpus named the dichotomy wet / dry; the model processed that naming; the measurement recorded, at layer 3, cosine_AB_named(wet|dry) = 0.5563 (corroboration only); a human interprets the record.",
cloth_wet_dry,control,scalar_collapse,wet / dry,3,cosine_AB_carrier,wet|dry,0.600945,True,(b) cross-layer pole relation,True,Tokenization fixes the position; the unit of analysis is the residual representation carried at that position; it is read across layers 0 to output. The token is not the unit.,The corpus named the dichotomy; the model processed that naming; the measurement recorded the processing; a human interprets the record.,"The corpus named the dichotomy wet / dry; the model processed that naming; the measurement recorded, at layer 3, cosine_AB_carrier(wet|dry) = 0.6009 (corroboration only); a human interprets the record.",
cloth_wet_dry,control,scalar_collapse,wet / dry,3,midpoint_t,damp,0.347847,True,(a) seated-midpoint,True,Tokenization fixes the position; the unit of analysis is the residual representation carried at that position; it is read across layers 0 to output. The token is not the unit.,The corpus named the dichotomy; the model processed that naming; the measurement recorded the processing; a human interprets the record.,"The corpus named the dichotomy wet / dry; the model processed that naming; the measurement recorded, at layer 3, midpoint_t(damp) = 0.3478 (corroboration only); a human interprets the record.",
cloth_wet_dry,control,scalar_collapse,wet / dry,3,midpoint_perp_norm,damp,0.854679,True,(a) seated-midpoint,True,Tokenization fixes the position; the unit of analysis is the residual representation carried at that position; it is read across layers 0 to output. The token is not the unit.,The corpus named the dichotomy; the model processed that naming; the measurement recorded the processing; a human interprets the record.,"The corpus named the dichotomy wet / dry; the model processed that naming; the measurement recorded, at layer 3, midpoint_perp_norm(damp) = 0.8547 (corroboration only); a human interprets the record.",
cloth_wet_dry,control,scalar_collapse,wet / dry,3,cosine_midpoint_A,damp,0.665895,True,(a) seated-midpoint,True,Tokenization fixes the position; the unit of analysis is the residual representation carried at that position; it is read across layers 0 to output. The token is not the unit.,The corpus named the dichotomy; the model processed that naming; the measurement recorded the processing; a human interprets the record.,"The corpus named the dichotomy wet / dry; the model processed that naming; the measurement recorded, at layer 3, cosine_midpoint_A(damp) = 0.6659 (corroboration only); a human interprets the record.",
cloth_wet_dry,control,scalar_collapse,wet / dry,3,cosine_midpoint_B,damp,0.53002,True,(a) seated-midpoint,True,Tokenization fixes the position; the unit of analysis is the residual representation carried at that position; it is read across layers 0 to output. The token is not the unit.,The corpus named the dichotomy; the model processed that naming; the measurement recorded the processing; a human interprets the record.,"The corpus named the dichotomy wet / dry; the model processed that naming; the measurement recorded, at layer 3, cosine_midpoint_B(damp) = 0.5300 (corroboration only); a human interprets the record.",
cloth_wet_dry,control,scalar_collapse,wet / dry,3,excluded_perp_norm,moist,0.865803,True,(b) cross-layer pole relation,False,Tokenization fixes the position; the unit of analysis is the residual representation carried at that position; it is read across layers 0 to output. The token is not the unit.,The corpus named the dichotomy; the model processed that naming; the measurement recorded the processing; a human interprets the record.,"The corpus named the dichotomy wet / dry; the model processed that naming; the measurement recorded, at layer 3, excluded_perp_norm(moist) = 0.8658; a human interprets the record.",
cloth_wet_dry,control,scalar_collapse,wet / dry,3,excluded_t,moist,0.41576,True,(b) cross-layer pole relation,False,Tokenization fixes the position; the unit of analysis is the residual representation carried at that position; it is read across layers 0 to output. The token is not the unit.,The corpus named the dichotomy; the model processed that naming; the measurement recorded the processing; a human interprets the record.,"The corpus named the dichotomy wet / dry; the model processed that naming; the measurement recorded, at layer 3, excluded_t(moist) = 0.4158; a human interprets the record.",
cloth_wet_dry,control,scalar_collapse,wet / dry,3,excluded_perp_norm,humid,0.999046,True,(b) cross-layer pole relation,False,Tokenization fixes the position; the unit of analysis is the residual representation carried at that position; it is read across layers 0 to output. The token is not the unit.,The corpus named the dichotomy; the model processed that naming; the measurement recorded the processing; a human interprets the record.,"The corpus named the dichotomy wet / dry; the model processed that naming; the measurement recorded, at layer 3, excluded_perp_norm(humid) = 0.9990; a human interprets the record.",
cloth_wet_dry,control,scalar_collapse,wet / dry,3,excluded_t,humid,0.45602,True,(b) cross-layer pole relation,False,Tokenization fixes the position; the unit of analysis is the residual representation carried at that position; it is read across layers 0 to output. The token is not the unit.,The corpus named the dichotomy; the model processed that naming; the measurement recorded the processing; a human interprets the record.,"The corpus named the dichotomy wet / dry; the model processed that naming; the measurement recorded, at layer 3, excluded_t(humid) = 0.4560; a human interprets the record.",
cloth_wet_dry,control,scalar_collapse,wet / dry,3,excluded_perp_norm,soggy,0.918672,True,(b) cross-layer pole relation,False,Tokenization fixes the position; the unit of analysis is the residual representation carried at that position; it is read across layers 0 to output. The token is not the unit.,The corpus named the dichotomy; the model processed that naming; the measurement recorded the processing; a human interprets the record.,"The corpus named the dichotomy wet / dry; the model processed that naming; the measurement recorded, at layer 3, excluded_perp_norm(soggy) = 0.9187; a human interprets the record.",
cloth_wet_dry,control,scalar_collapse,wet / dry,3,excluded_t,soggy,0.410866,True,(b) cross-layer pole relation,False,Tokenization fixes the position; the unit of analysis is the residual representation carried at that position; it is read across layers 0 to output. The token is not the unit.,The corpus named the dichotomy; the model processed that naming; the measurement recorded the processing; a human interprets the record.,"The corpus named the dichotomy wet / dry; the model processed that naming; the measurement recorded, at layer 3, excluded_t(soggy) = 0.4109; a human interprets the record.",
cloth_wet_dry,control,scalar_collapse,wet / dry,3,remainder_ratio,excluded_set,0.92784,True,(b) cross-layer pole relation,False,Tokenization fixes the position; the unit of analysis is the residual representation carried at that position; it is read across layers 0 to output. The token is not the unit.,The corpus named the dichotomy; the model processed that naming; the measurement recorded the processing; a human interprets the record.,"The corpus named the dichotomy wet / dry; the model processed that naming; the measurement recorded, at layer 3, remainder_ratio(excluded_set) = 0.9278; a human interprets the record.",
cloth_wet_dry,control,scalar_collapse,wet / dry,4,cosine_AB_named,wet|dry,0.616726,True,(b) cross-layer pole relation,True,Tokenization fixes the position; the unit of analysis is the residual representation carried at that position; it is read across layers 0 to output. The token is not the unit.,The corpus named the dichotomy; the model processed that naming; the measurement recorded the processing; a human interprets the record.,"The corpus named the dichotomy wet / dry; the model processed that naming; the measurement recorded, at layer 4, cosine_AB_named(wet|dry) = 0.6167 (corroboration only); a human interprets the record.",
cloth_wet_dry,control,scalar_collapse,wet / dry,4,cosine_AB_carrier,wet|dry,0.702292,True,(b) cross-layer pole relation,True,Tokenization fixes the position; the unit of analysis is the residual representation carried at that position; it is read across layers 0 to output. The token is not the unit.,The corpus named the dichotomy; the model processed that naming; the measurement recorded the processing; a human interprets the record.,"The corpus named the dichotomy wet / dry; the model processed that naming; the measurement recorded, at layer 4, cosine_AB_carrier(wet|dry) = 0.7023 (corroboration only); a human interprets the record.",
cloth_wet_dry,control,scalar_collapse,wet / dry,4,midpoint_t,damp,0.361863,True,(a) seated-midpoint,True,Tokenization fixes the position; the unit of analysis is the residual representation carried at that position; it is read across layers 0 to output. The token is not the unit.,The corpus named the dichotomy; the model processed that naming; the measurement recorded the processing; a human interprets the record.,"The corpus named the dichotomy wet / dry; the model processed that naming; the measurement recorded, at layer 4, midpoint_t(damp) = 0.3619 (corroboration only); a human interprets the record.",
cloth_wet_dry,control,scalar_collapse,wet / dry,4,midpoint_perp_norm,damp,0.858576,True,(a) seated-midpoint,True,Tokenization fixes the position; the unit of analysis is the residual representation carried at that position; it is read across layers 0 to output. The token is not the unit.,The corpus named the dichotomy; the model processed that naming; the measurement recorded the processing; a human interprets the record.,"The corpus named the dichotomy wet / dry; the model processed that naming; the measurement recorded, at layer 4, midpoint_perp_norm(damp) = 0.8586 (corroboration only); a human interprets the record.",
cloth_wet_dry,control,scalar_collapse,wet / dry,4,cosine_midpoint_A,damp,0.752752,True,(a) seated-midpoint,True,Tokenization fixes the position; the unit of analysis is the residual representation carried at that position; it is read across layers 0 to output. The token is not the unit.,The corpus named the dichotomy; the model processed that naming; the measurement recorded the processing; a human interprets the record.,"The corpus named the dichotomy wet / dry; the model processed that naming; the measurement recorded, at layer 4, cosine_midpoint_A(damp) = 0.7528 (corroboration only); a human interprets the record.",
cloth_wet_dry,control,scalar_collapse,wet / dry,4,cosine_midpoint_B,damp,0.640953,True,(a) seated-midpoint,True,Tokenization fixes the position; the unit of analysis is the residual representation carried at that position; it is read across layers 0 to output. The token is not the unit.,The corpus named the dichotomy; the model processed that naming; the measurement recorded the processing; a human interprets the record.,"The corpus named the dichotomy wet / dry; the model processed that naming; the measurement recorded, at layer 4, cosine_midpoint_B(damp) = 0.6410 (corroboration only); a human interprets the record.",
cloth_wet_dry,control,scalar_collapse,wet / dry,4,excluded_perp_norm,moist,0.868959,True,(b) cross-layer pole relation,False,Tokenization fixes the position; the unit of analysis is the residual representation carried at that position; it is read across layers 0 to output. The token is not the unit.,The corpus named the dichotomy; the model processed that naming; the measurement recorded the processing; a human interprets the record.,"The corpus named the dichotomy wet / dry; the model processed that naming; the measurement recorded, at layer 4, excluded_perp_norm(moist) = 0.8690; a human interprets the record.",
cloth_wet_dry,control,scalar_collapse,wet / dry,4,excluded_t,moist,0.402498,True,(b) cross-layer pole relation,False,Tokenization fixes the position; the unit of analysis is the residual representation carried at that position; it is read across layers 0 to output. The token is not the unit.,The corpus named the dichotomy; the model processed that naming; the measurement recorded the processing; a human interprets the record.,"The corpus named the dichotomy wet / dry; the model processed that naming; the measurement recorded, at layer 4, excluded_t(moist) = 0.4025; a human interprets the record.",
cloth_wet_dry,control,scalar_collapse,wet / dry,4,excluded_perp_norm,humid,1.029627,True,(b) cross-layer pole relation,False,Tokenization fixes the position; the unit of analysis is the residual representation carried at that position; it is read across layers 0 to output. The token is not the unit.,The corpus named the dichotomy; the model processed that naming; the measurement recorded the processing; a human interprets the record.,"The corpus named the dichotomy wet / dry; the model processed that naming; the measurement recorded, at layer 4, excluded_perp_norm(humid) = 1.0296; a human interprets the record.",
cloth_wet_dry,control,scalar_collapse,wet / dry,4,excluded_t,humid,0.466584,True,(b) cross-layer pole relation,False,Tokenization fixes the position; the unit of analysis is the residual representation carried at that position; it is read across layers 0 to output. The token is not the unit.,The corpus named the dichotomy; the model processed that naming; the measurement recorded the processing; a human interprets the record.,"The corpus named the dichotomy wet / dry; the model processed that naming; the measurement recorded, at layer 4, excluded_t(humid) = 0.4666; a human interprets the record.",
cloth_wet_dry,control,scalar_collapse,wet / dry,4,excluded_perp_norm,soggy,0.950691,True,(b) cross-layer pole relation,False,Tokenization fixes the position; the unit of analysis is the residual representation carried at that position; it is read across layers 0 to output. The token is not the unit.,The corpus named the dichotomy; the model processed that naming; the measurement recorded the processing; a human interprets the record.,"The corpus named the dichotomy wet / dry; the model processed that naming; the measurement recorded, at layer 4, excluded_perp_norm(soggy) = 0.9507; a human interprets the record.",
cloth_wet_dry,control,scalar_collapse,wet / dry,4,excluded_t,soggy,0.383715,True,(b) cross-layer pole relation,False,Tokenization fixes the position; the unit of analysis is the residual representation carried at that position; it is read across layers 0 to output. The token is not the unit.,The corpus named the dichotomy; the model processed that naming; the measurement recorded the processing; a human interprets the record.,"The corpus named the dichotomy wet / dry; the model processed that naming; the measurement recorded, at layer 4, excluded_t(soggy) = 0.3837; a human interprets the record.",
cloth_wet_dry,control,scalar_collapse,wet / dry,4,remainder_ratio,excluded_set,0.949759,True,(b) cross-layer pole relation,False,Tokenization fixes the position; the unit of analysis is the residual representation carried at that position; it is read across layers 0 to output. The token is not the unit.,The corpus named the dichotomy; the model processed that naming; the measurement recorded the processing; a human interprets the record.,"The corpus named the dichotomy wet / dry; the model processed that naming; the measurement recorded, at layer 4, remainder_ratio(excluded_set) = 0.9498; a human interprets the record.",
cloth_wet_dry,control,scalar_collapse,wet / dry,5,cosine_AB_named,wet|dry,0.683196,True,(b) cross-layer pole relation,True,Tokenization fixes the position; the unit of analysis is the residual representation carried at that position; it is read across layers 0 to output. The token is not the unit.,The corpus named the dichotomy; the model processed that naming; the measurement recorded the processing; a human interprets the record.,"The corpus named the dichotomy wet / dry; the model processed that naming; the measurement recorded, at layer 5, cosine_AB_named(wet|dry) = 0.6832 (corroboration only); a human interprets the record.",
cloth_wet_dry,control,scalar_collapse,wet / dry,5,cosine_AB_carrier,wet|dry,0.734644,True,(b) cross-layer pole relation,True,Tokenization fixes the position; the unit of analysis is the residual representation carried at that position; it is read across layers 0 to output. The token is not the unit.,The corpus named the dichotomy; the model processed that naming; the measurement recorded the processing; a human interprets the record.,"The corpus named the dichotomy wet / dry; the model processed that naming; the measurement recorded, at layer 5, cosine_AB_carrier(wet|dry) = 0.7346 (corroboration only); a human interprets the record.",
cloth_wet_dry,control,scalar_collapse,wet / dry,5,midpoint_t,damp,0.355782,True,(a) seated-midpoint,True,Tokenization fixes the position; the unit of analysis is the residual representation carried at that position; it is read across layers 0 to output. The token is not the unit.,The corpus named the dichotomy; the model processed that naming; the measurement recorded the processing; a human interprets the record.,"The corpus named the dichotomy wet / dry; the model processed that naming; the measurement recorded, at layer 5, midpoint_t(damp) = 0.3558 (corroboration only); a human interprets the record.",
cloth_wet_dry,control,scalar_collapse,wet / dry,5,midpoint_perp_norm,damp,0.87185,True,(a) seated-midpoint,True,Tokenization fixes the position; the unit of analysis is the residual representation carried at that position; it is read across layers 0 to output. The token is not the unit.,The corpus named the dichotomy; the model processed that naming; the measurement recorded the processing; a human interprets the record.,"The corpus named the dichotomy wet / dry; the model processed that naming; the measurement recorded, at layer 5, midpoint_perp_norm(damp) = 0.8719 (corroboration only); a human interprets the record.",
cloth_wet_dry,control,scalar_collapse,wet / dry,5,cosine_midpoint_A,damp,0.777113,True,(a) seated-midpoint,True,Tokenization fixes the position; the unit of analysis is the residual representation carried at that position; it is read across layers 0 to output. The token is not the unit.,The corpus named the dichotomy; the model processed that naming; the measurement recorded the processing; a human interprets the record.,"The corpus named the dichotomy wet / dry; the model processed that naming; the measurement recorded, at layer 5, cosine_midpoint_A(damp) = 0.7771 (corroboration only); a human interprets the record.",
cloth_wet_dry,control,scalar_collapse,wet / dry,5,cosine_midpoint_B,damp,0.68981,True,(a) seated-midpoint,True,Tokenization fixes the position; the unit of analysis is the residual representation carried at that position; it is read across layers 0 to output. The token is not the unit.,The corpus named the dichotomy; the model processed that naming; the measurement recorded the processing; a human interprets the record.,"The corpus named the dichotomy wet / dry; the model processed that naming; the measurement recorded, at layer 5, cosine_midpoint_B(damp) = 0.6898 (corroboration only); a human interprets the record.",
cloth_wet_dry,control,scalar_collapse,wet / dry,5,excluded_perp_norm,moist,0.873616,True,(b) cross-layer pole relation,False,Tokenization fixes the position; the unit of analysis is the residual representation carried at that position; it is read across layers 0 to output. The token is not the unit.,The corpus named the dichotomy; the model processed that naming; the measurement recorded the processing; a human interprets the record.,"The corpus named the dichotomy wet / dry; the model processed that naming; the measurement recorded, at layer 5, excluded_perp_norm(moist) = 0.8736; a human interprets the record.",
cloth_wet_dry,control,scalar_collapse,wet / dry,5,excluded_t,moist,0.399602,True,(b) cross-layer pole relation,False,Tokenization fixes the position; the unit of analysis is the residual representation carried at that position; it is read across layers 0 to output. The token is not the unit.,The corpus named the dichotomy; the model processed that naming; the measurement recorded the processing; a human interprets the record.,"The corpus named the dichotomy wet / dry; the model processed that naming; the measurement recorded, at layer 5, excluded_t(moist) = 0.3996; a human interprets the record.",
cloth_wet_dry,control,scalar_collapse,wet / dry,5,excluded_perp_norm,humid,1.038173,True,(b) cross-layer pole relation,False,Tokenization fixes the position; the unit of analysis is the residual representation carried at that position; it is read across layers 0 to output. The token is not the unit.,The corpus named the dichotomy; the model processed that naming; the measurement recorded the processing; a human interprets the record.,"The corpus named the dichotomy wet / dry; the model processed that naming; the measurement recorded, at layer 5, excluded_perp_norm(humid) = 1.0382; a human interprets the record.",
cloth_wet_dry,control,scalar_collapse,wet / dry,5,excluded_t,humid,0.456557,True,(b) cross-layer pole relation,False,Tokenization fixes the position; the unit of analysis is the residual representation carried at that position; it is read across layers 0 to output. The token is not the unit.,The corpus named the dichotomy; the model processed that naming; the measurement recorded the processing; a human interprets the record.,"The corpus named the dichotomy wet / dry; the model processed that naming; the measurement recorded, at layer 5, excluded_t(humid) = 0.4566; a human interprets the record.",
cloth_wet_dry,control,scalar_collapse,wet / dry,5,excluded_perp_norm,soggy,1.009881,True,(b) cross-layer pole relation,False,Tokenization fixes the position; the unit of analysis is the residual representation carried at that position; it is read across layers 0 to output. The token is not the unit.,The corpus named the dichotomy; the model processed that naming; the measurement recorded the processing; a human interprets the record.,"The corpus named the dichotomy wet / dry; the model processed that naming; the measurement recorded, at layer 5, excluded_perp_norm(soggy) = 1.0099; a human interprets the record.",
cloth_wet_dry,control,scalar_collapse,wet / dry,5,excluded_t,soggy,0.333007,True,(b) cross-layer pole relation,False,Tokenization fixes the position; the unit of analysis is the residual representation carried at that position; it is read across layers 0 to output. The token is not the unit.,The corpus named the dichotomy; the model processed that naming; the measurement recorded the processing; a human interprets the record.,"The corpus named the dichotomy wet / dry; the model processed that naming; the measurement recorded, at layer 5, excluded_t(soggy) = 0.3330; a human interprets the record.",
cloth_wet_dry,control,scalar_collapse,wet / dry,5,remainder_ratio,excluded_set,0.97389,True,(b) cross-layer pole relation,False,Tokenization fixes the position; the unit of analysis is the residual representation carried at that position; it is read across layers 0 to output. The token is not the unit.,The corpus named the dichotomy; the model processed that naming; the measurement recorded the processing; a human interprets the record.,"The corpus named the dichotomy wet / dry; the model processed that naming; the measurement recorded, at layer 5, remainder_ratio(excluded_set) = 0.9739; a human interprets the record.",
cloth_wet_dry,control,scalar_collapse,wet / dry,6,cosine_AB_named,wet|dry,0.63238,True,(b) cross-layer pole relation,True,Tokenization fixes the position; the unit of analysis is the residual representation carried at that position; it is read across layers 0 to output. The token is not the unit.,The corpus named the dichotomy; the model processed that naming; the measurement recorded the processing; a human interprets the record.,"The corpus named the dichotomy wet / dry; the model processed that naming; the measurement recorded, at layer 6, cosine_AB_named(wet|dry) = 0.6324 (corroboration only); a human interprets the record.",
cloth_wet_dry,control,scalar_collapse,wet / dry,6,cosine_AB_carrier,wet|dry,0.723866,True,(b) cross-layer pole relation,True,Tokenization fixes the position; the unit of analysis is the residual representation carried at that position; it is read across layers 0 to output. The token is not the unit.,The corpus named the dichotomy; the model processed that naming; the measurement recorded the processing; a human interprets the record.,"The corpus named the dichotomy wet / dry; the model processed that naming; the measurement recorded, at layer 6, cosine_AB_carrier(wet|dry) = 0.7239 (corroboration only); a human interprets the record.",
cloth_wet_dry,control,scalar_collapse,wet / dry,6,midpoint_t,damp,0.284806,True,(a) seated-midpoint,True,Tokenization fixes the position; the unit of analysis is the residual representation carried at that position; it is read across layers 0 to output. The token is not the unit.,The corpus named the dichotomy; the model processed that naming; the measurement recorded the processing; a human interprets the record.,"The corpus named the dichotomy wet / dry; the model processed that naming; the measurement recorded, at layer 6, midpoint_t(damp) = 0.2848 (corroboration only); a human interprets the record.",
cloth_wet_dry,control,scalar_collapse,wet / dry,6,midpoint_perp_norm,damp,0.858278,True,(a) seated-midpoint,True,Tokenization fixes the position; the unit of analysis is the residual representation carried at that position; it is read across layers 0 to output. The token is not the unit.,The corpus named the dichotomy; the model processed that naming; the measurement recorded the processing; a human interprets the record.,"The corpus named the dichotomy wet / dry; the model processed that naming; the measurement recorded, at layer 6, midpoint_perp_norm(damp) = 0.8583 (corroboration only); a human interprets the record.",
cloth_wet_dry,control,scalar_collapse,wet / dry,6,cosine_midpoint_A,damp,0.789949,True,(a) seated-midpoint,True,Tokenization fixes the position; the unit of analysis is the residual representation carried at that position; it is read across layers 0 to output. The token is not the unit.,The corpus named the dichotomy; the model processed that naming; the measurement recorded the processing; a human interprets the record.,"The corpus named the dichotomy wet / dry; the model processed that naming; the measurement recorded, at layer 6, cosine_midpoint_A(damp) = 0.7899 (corroboration only); a human interprets the record.",
cloth_wet_dry,control,scalar_collapse,wet / dry,6,cosine_midpoint_B,damp,0.680392,True,(a) seated-midpoint,True,Tokenization fixes the position; the unit of analysis is the residual representation carried at that position; it is read across layers 0 to output. The token is not the unit.,The corpus named the dichotomy; the model processed that naming; the measurement recorded the processing; a human interprets the record.,"The corpus named the dichotomy wet / dry; the model processed that naming; the measurement recorded, at layer 6, cosine_midpoint_B(damp) = 0.6804 (corroboration only); a human interprets the record.",
cloth_wet_dry,control,scalar_collapse,wet / dry,6,excluded_perp_norm,moist,0.855409,True,(b) cross-layer pole relation,False,Tokenization fixes the position; the unit of analysis is the residual representation carried at that position; it is read across layers 0 to output. The token is not the unit.,The corpus named the dichotomy; the model processed that naming; the measurement recorded the processing; a human interprets the record.,"The corpus named the dichotomy wet / dry; the model processed that naming; the measurement recorded, at layer 6, excluded_perp_norm(moist) = 0.8554; a human interprets the record.",
cloth_wet_dry,control,scalar_collapse,wet / dry,6,excluded_t,moist,0.381485,True,(b) cross-layer pole relation,False,Tokenization fixes the position; the unit of analysis is the residual representation carried at that position; it is read across layers 0 to output. The token is not the unit.,The corpus named the dichotomy; the model processed that naming; the measurement recorded the processing; a human interprets the record.,"The corpus named the dichotomy wet / dry; the model processed that naming; the measurement recorded, at layer 6, excluded_t(moist) = 0.3815; a human interprets the record.",
cloth_wet_dry,control,scalar_collapse,wet / dry,6,excluded_perp_norm,humid,1.048231,True,(b) cross-layer pole relation,False,Tokenization fixes the position; the unit of analysis is the residual representation carried at that position; it is read across layers 0 to output. The token is not the unit.,The corpus named the dichotomy; the model processed that naming; the measurement recorded the processing; a human interprets the record.,"The corpus named the dichotomy wet / dry; the model processed that naming; the measurement recorded, at layer 6, excluded_perp_norm(humid) = 1.0482; a human interprets the record.",
cloth_wet_dry,control,scalar_collapse,wet / dry,6,excluded_t,humid,0.432499,True,(b) cross-layer pole relation,False,Tokenization fixes the position; the unit of analysis is the residual representation carried at that position; it is read across layers 0 to output. The token is not the unit.,The corpus named the dichotomy; the model processed that naming; the measurement recorded the processing; a human interprets the record.,"The corpus named the dichotomy wet / dry; the model processed that naming; the measurement recorded, at layer 6, excluded_t(humid) = 0.4325; a human interprets the record.",
cloth_wet_dry,control,scalar_collapse,wet / dry,6,excluded_perp_norm,soggy,0.998438,True,(b) cross-layer pole relation,False,Tokenization fixes the position; the unit of analysis is the residual representation carried at that position; it is read across layers 0 to output. The token is not the unit.,The corpus named the dichotomy; the model processed that naming; the measurement recorded the processing; a human interprets the record.,"The corpus named the dichotomy wet / dry; the model processed that naming; the measurement recorded, at layer 6, excluded_perp_norm(soggy) = 0.9984; a human interprets the record.",
cloth_wet_dry,control,scalar_collapse,wet / dry,6,excluded_t,soggy,0.330542,True,(b) cross-layer pole relation,False,Tokenization fixes the position; the unit of analysis is the residual representation carried at that position; it is read across layers 0 to output. The token is not the unit.,The corpus named the dichotomy; the model processed that naming; the measurement recorded the processing; a human interprets the record.,"The corpus named the dichotomy wet / dry; the model processed that naming; the measurement recorded, at layer 6, excluded_t(soggy) = 0.3305; a human interprets the record.",
cloth_wet_dry,control,scalar_collapse,wet / dry,6,remainder_ratio,excluded_set,0.967359,True,(b) cross-layer pole relation,False,Tokenization fixes the position; the unit of analysis is the residual representation carried at that position; it is read across layers 0 to output. The token is not the unit.,The corpus named the dichotomy; the model processed that naming; the measurement recorded the processing; a human interprets the record.,"The corpus named the dichotomy wet / dry; the model processed that naming; the measurement recorded, at layer 6, remainder_ratio(excluded_set) = 0.9674; a human interprets the record.",
cloth_wet_dry,control,scalar_collapse,wet / dry,7,cosine_AB_named,wet|dry,0.646336,True,(b) cross-layer pole relation,True,Tokenization fixes the position; the unit of analysis is the residual representation carried at that position; it is read across layers 0 to output. The token is not the unit.,The corpus named the dichotomy; the model processed that naming; the measurement recorded the processing; a human interprets the record.,"The corpus named the dichotomy wet / dry; the model processed that naming; the measurement recorded, at layer 7, cosine_AB_named(wet|dry) = 0.6463 (corroboration only); a human interprets the record.",
cloth_wet_dry,control,scalar_collapse,wet / dry,7,cosine_AB_carrier,wet|dry,0.747062,True,(b) cross-layer pole relation,True,Tokenization fixes the position; the unit of analysis is the residual representation carried at that position; it is read across layers 0 to output. The token is not the unit.,The corpus named the dichotomy; the model processed that naming; the measurement recorded the processing; a human interprets the record.,"The corpus named the dichotomy wet / dry; the model processed that naming; the measurement recorded, at layer 7, cosine_AB_carrier(wet|dry) = 0.7471 (corroboration only); a human interprets the record.",
cloth_wet_dry,control,scalar_collapse,wet / dry,7,midpoint_t,damp,0.210953,True,(a) seated-midpoint,True,Tokenization fixes the position; the unit of analysis is the residual representation carried at that position; it is read across layers 0 to output. The token is not the unit.,The corpus named the dichotomy; the model processed that naming; the measurement recorded the processing; a human interprets the record.,"The corpus named the dichotomy wet / dry; the model processed that naming; the measurement recorded, at layer 7, midpoint_t(damp) = 0.2110 (corroboration only); a human interprets the record.",
cloth_wet_dry,control,scalar_collapse,wet / dry,7,midpoint_perp_norm,damp,0.856882,True,(a) seated-midpoint,True,Tokenization fixes the position; the unit of analysis is the residual representation carried at that position; it is read across layers 0 to output. The token is not the unit.,The corpus named the dichotomy; the model processed that naming; the measurement recorded the processing; a human interprets the record.,"The corpus named the dichotomy wet / dry; the model processed that naming; the measurement recorded, at layer 7, midpoint_perp_norm(damp) = 0.8569 (corroboration only); a human interprets the record.",
cloth_wet_dry,control,scalar_collapse,wet / dry,7,cosine_midpoint_A,damp,0.820494,True,(a) seated-midpoint,True,Tokenization fixes the position; the unit of analysis is the residual representation carried at that position; it is read across layers 0 to output. The token is not the unit.,The corpus named the dichotomy; the model processed that naming; the measurement recorded the processing; a human interprets the record.,"The corpus named the dichotomy wet / dry; the model processed that naming; the measurement recorded, at layer 7, cosine_midpoint_A(damp) = 0.8205 (corroboration only); a human interprets the record.",
cloth_wet_dry,control,scalar_collapse,wet / dry,7,cosine_midpoint_B,damp,0.67724,True,(a) seated-midpoint,True,Tokenization fixes the position; the unit of analysis is the residual representation carried at that position; it is read across layers 0 to output. The token is not the unit.,The corpus named the dichotomy; the model processed that naming; the measurement recorded the processing; a human interprets the record.,"The corpus named the dichotomy wet / dry; the model processed that naming; the measurement recorded, at layer 7, cosine_midpoint_B(damp) = 0.6772 (corroboration only); a human interprets the record.",
cloth_wet_dry,control,scalar_collapse,wet / dry,7,excluded_perp_norm,moist,0.838768,True,(b) cross-layer pole relation,False,Tokenization fixes the position; the unit of analysis is the residual representation carried at that position; it is read across layers 0 to output. The token is not the unit.,The corpus named the dichotomy; the model processed that naming; the measurement recorded the processing; a human interprets the record.,"The corpus named the dichotomy wet / dry; the model processed that naming; the measurement recorded, at layer 7, excluded_perp_norm(moist) = 0.8388; a human interprets the record.",
cloth_wet_dry,control,scalar_collapse,wet / dry,7,excluded_t,moist,0.326204,True,(b) cross-layer pole relation,False,Tokenization fixes the position; the unit of analysis is the residual representation carried at that position; it is read across layers 0 to output. The token is not the unit.,The corpus named the dichotomy; the model processed that naming; the measurement recorded the processing; a human interprets the record.,"The corpus named the dichotomy wet / dry; the model processed that naming; the measurement recorded, at layer 7, excluded_t(moist) = 0.3262; a human interprets the record.",
cloth_wet_dry,control,scalar_collapse,wet / dry,7,excluded_perp_norm,humid,1.060808,True,(b) cross-layer pole relation,False,Tokenization fixes the position; the unit of analysis is the residual representation carried at that position; it is read across layers 0 to output. The token is not the unit.,The corpus named the dichotomy; the model processed that naming; the measurement recorded the processing; a human interprets the record.,"The corpus named the dichotomy wet / dry; the model processed that naming; the measurement recorded, at layer 7, excluded_perp_norm(humid) = 1.0608; a human interprets the record.",
cloth_wet_dry,control,scalar_collapse,wet / dry,7,excluded_t,humid,0.370228,True,(b) cross-layer pole relation,False,Tokenization fixes the position; the unit of analysis is the residual representation carried at that position; it is read across layers 0 to output. The token is not the unit.,The corpus named the dichotomy; the model processed that naming; the measurement recorded the processing; a human interprets the record.,"The corpus named the dichotomy wet / dry; the model processed that naming; the measurement recorded, at layer 7, excluded_t(humid) = 0.3702; a human interprets the record.",
cloth_wet_dry,control,scalar_collapse,wet / dry,7,excluded_perp_norm,soggy,0.998064,True,(b) cross-layer pole relation,False,Tokenization fixes the position; the unit of analysis is the residual representation carried at that position; it is read across layers 0 to output. The token is not the unit.,The corpus named the dichotomy; the model processed that naming; the measurement recorded the processing; a human interprets the record.,"The corpus named the dichotomy wet / dry; the model processed that naming; the measurement recorded, at layer 7, excluded_perp_norm(soggy) = 0.9981; a human interprets the record.",
cloth_wet_dry,control,scalar_collapse,wet / dry,7,excluded_t,soggy,0.299125,True,(b) cross-layer pole relation,False,Tokenization fixes the position; the unit of analysis is the residual representation carried at that position; it is read across layers 0 to output. The token is not the unit.,The corpus named the dichotomy; the model processed that naming; the measurement recorded the processing; a human interprets the record.,"The corpus named the dichotomy wet / dry; the model processed that naming; the measurement recorded, at layer 7, excluded_t(soggy) = 0.2991; a human interprets the record.",
cloth_wet_dry,control,scalar_collapse,wet / dry,7,remainder_ratio,excluded_set,0.96588,True,(b) cross-layer pole relation,False,Tokenization fixes the position; the unit of analysis is the residual representation carried at that position; it is read across layers 0 to output. The token is not the unit.,The corpus named the dichotomy; the model processed that naming; the measurement recorded the processing; a human interprets the record.,"The corpus named the dichotomy wet / dry; the model processed that naming; the measurement recorded, at layer 7, remainder_ratio(excluded_set) = 0.9659; a human interprets the record.",
cloth_wet_dry,control,scalar_collapse,wet / dry,8,cosine_AB_named,wet|dry,0.723674,True,(b) cross-layer pole relation,True,Tokenization fixes the position; the unit of analysis is the residual representation carried at that position; it is read across layers 0 to output. The token is not the unit.,The corpus named the dichotomy; the model processed that naming; the measurement recorded the processing; a human interprets the record.,"The corpus named the dichotomy wet / dry; the model processed that naming; the measurement recorded, at layer 8, cosine_AB_named(wet|dry) = 0.7237 (corroboration only); a human interprets the record.",
cloth_wet_dry,control,scalar_collapse,wet / dry,8,cosine_AB_carrier,wet|dry,0.800239,True,(b) cross-layer pole relation,True,Tokenization fixes the position; the unit of analysis is the residual representation carried at that position; it is read across layers 0 to output. The token is not the unit.,The corpus named the dichotomy; the model processed that naming; the measurement recorded the processing; a human interprets the record.,"The corpus named the dichotomy wet / dry; the model processed that naming; the measurement recorded, at layer 8, cosine_AB_carrier(wet|dry) = 0.8002 (corroboration only); a human interprets the record.",
cloth_wet_dry,control,scalar_collapse,wet / dry,8,midpoint_t,damp,0.19181,True,(a) seated-midpoint,True,Tokenization fixes the position; the unit of analysis is the residual representation carried at that position; it is read across layers 0 to output. The token is not the unit.,The corpus named the dichotomy; the model processed that naming; the measurement recorded the processing; a human interprets the record.,"The corpus named the dichotomy wet / dry; the model processed that naming; the measurement recorded, at layer 8, midpoint_t(damp) = 0.1918 (corroboration only); a human interprets the record.",
cloth_wet_dry,control,scalar_collapse,wet / dry,8,midpoint_perp_norm,damp,0.818505,True,(a) seated-midpoint,True,Tokenization fixes the position; the unit of analysis is the residual representation carried at that position; it is read across layers 0 to output. The token is not the unit.,The corpus named the dichotomy; the model processed that naming; the measurement recorded the processing; a human interprets the record.,"The corpus named the dichotomy wet / dry; the model processed that naming; the measurement recorded, at layer 8, midpoint_perp_norm(damp) = 0.8185 (corroboration only); a human interprets the record.",
cloth_wet_dry,control,scalar_collapse,wet / dry,8,cosine_midpoint_A,damp,0.87479,True,(a) seated-midpoint,True,Tokenization fixes the position; the unit of analysis is the residual representation carried at that position; it is read across layers 0 to output. The token is not the unit.,The corpus named the dichotomy; the model processed that naming; the measurement recorded the processing; a human interprets the record.,"The corpus named the dichotomy wet / dry; the model processed that naming; the measurement recorded, at layer 8, cosine_midpoint_A(damp) = 0.8748 (corroboration only); a human interprets the record.",
cloth_wet_dry,control,scalar_collapse,wet / dry,8,cosine_midpoint_B,damp,0.757349,True,(a) seated-midpoint,True,Tokenization fixes the position; the unit of analysis is the residual representation carried at that position; it is read across layers 0 to output. The token is not the unit.,The corpus named the dichotomy; the model processed that naming; the measurement recorded the processing; a human interprets the record.,"The corpus named the dichotomy wet / dry; the model processed that naming; the measurement recorded, at layer 8, cosine_midpoint_B(damp) = 0.7573 (corroboration only); a human interprets the record.",
cloth_wet_dry,control,scalar_collapse,wet / dry,8,excluded_perp_norm,moist,0.82774,True,(b) cross-layer pole relation,False,Tokenization fixes the position; the unit of analysis is the residual representation carried at that position; it is read across layers 0 to output. The token is not the unit.,The corpus named the dichotomy; the model processed that naming; the measurement recorded the processing; a human interprets the record.,"The corpus named the dichotomy wet / dry; the model processed that naming; the measurement recorded, at layer 8, excluded_perp_norm(moist) = 0.8277; a human interprets the record.",
cloth_wet_dry,control,scalar_collapse,wet / dry,8,excluded_t,moist,0.286823,True,(b) cross-layer pole relation,False,Tokenization fixes the position; the unit of analysis is the residual representation carried at that position; it is read across layers 0 to output. The token is not the unit.,The corpus named the dichotomy; the model processed that naming; the measurement recorded the processing; a human interprets the record.,"The corpus named the dichotomy wet / dry; the model processed that naming; the measurement recorded, at layer 8, excluded_t(moist) = 0.2868; a human interprets the record.",
cloth_wet_dry,control,scalar_collapse,wet / dry,8,excluded_perp_norm,humid,1.05253,True,(b) cross-layer pole relation,False,Tokenization fixes the position; the unit of analysis is the residual representation carried at that position; it is read across layers 0 to output. The token is not the unit.,The corpus named the dichotomy; the model processed that naming; the measurement recorded the processing; a human interprets the record.,"The corpus named the dichotomy wet / dry; the model processed that naming; the measurement recorded, at layer 8, excluded_perp_norm(humid) = 1.0525; a human interprets the record.",
cloth_wet_dry,control,scalar_collapse,wet / dry,8,excluded_t,humid,0.379982,True,(b) cross-layer pole relation,False,Tokenization fixes the position; the unit of analysis is the residual representation carried at that position; it is read across layers 0 to output. The token is not the unit.,The corpus named the dichotomy; the model processed that naming; the measurement recorded the processing; a human interprets the record.,"The corpus named the dichotomy wet / dry; the model processed that naming; the measurement recorded, at layer 8, excluded_t(humid) = 0.3800; a human interprets the record.",
cloth_wet_dry,control,scalar_collapse,wet / dry,8,excluded_perp_norm,soggy,0.986852,True,(b) cross-layer pole relation,False,Tokenization fixes the position; the unit of analysis is the residual representation carried at that position; it is read across layers 0 to output. The token is not the unit.,The corpus named the dichotomy; the model processed that naming; the measurement recorded the processing; a human interprets the record.,"The corpus named the dichotomy wet / dry; the model processed that naming; the measurement recorded, at layer 8, excluded_perp_norm(soggy) = 0.9869; a human interprets the record.",
cloth_wet_dry,control,scalar_collapse,wet / dry,8,excluded_t,soggy,0.278456,True,(b) cross-layer pole relation,False,Tokenization fixes the position; the unit of analysis is the residual representation carried at that position; it is read across layers 0 to output. The token is not the unit.,The corpus named the dichotomy; the model processed that naming; the measurement recorded the processing; a human interprets the record.,"The corpus named the dichotomy wet / dry; the model processed that naming; the measurement recorded, at layer 8, excluded_t(soggy) = 0.2785; a human interprets the record.",
cloth_wet_dry,control,scalar_collapse,wet / dry,8,remainder_ratio,excluded_set,0.955707,True,(b) cross-layer pole relation,False,Tokenization fixes the position; the unit of analysis is the residual representation carried at that position; it is read across layers 0 to output. The token is not the unit.,The corpus named the dichotomy; the model processed that naming; the measurement recorded the processing; a human interprets the record.,"The corpus named the dichotomy wet / dry; the model processed that naming; the measurement recorded, at layer 8, remainder_ratio(excluded_set) = 0.9557; a human interprets the record.",
cloth_wet_dry,control,scalar_collapse,wet / dry,9,cosine_AB_named,wet|dry,0.743791,True,(b) cross-layer pole relation,True,Tokenization fixes the position; the unit of analysis is the residual representation carried at that position; it is read across layers 0 to output. The token is not the unit.,The corpus named the dichotomy; the model processed that naming; the measurement recorded the processing; a human interprets the record.,"The corpus named the dichotomy wet / dry; the model processed that naming; the measurement recorded, at layer 9, cosine_AB_named(wet|dry) = 0.7438 (corroboration only); a human interprets the record.",
cloth_wet_dry,control,scalar_collapse,wet / dry,9,cosine_AB_carrier,wet|dry,0.813355,True,(b) cross-layer pole relation,True,Tokenization fixes the position; the unit of analysis is the residual representation carried at that position; it is read across layers 0 to output. The token is not the unit.,The corpus named the dichotomy; the model processed that naming; the measurement recorded the processing; a human interprets the record.,"The corpus named the dichotomy wet / dry; the model processed that naming; the measurement recorded, at layer 9, cosine_AB_carrier(wet|dry) = 0.8134 (corroboration only); a human interprets the record.",
cloth_wet_dry,control,scalar_collapse,wet / dry,9,midpoint_t,damp,0.156662,True,(a) seated-midpoint,True,Tokenization fixes the position; the unit of analysis is the residual representation carried at that position; it is read across layers 0 to output. The token is not the unit.,The corpus named the dichotomy; the model processed that naming; the measurement recorded the processing; a human interprets the record.,"The corpus named the dichotomy wet / dry; the model processed that naming; the measurement recorded, at layer 9, midpoint_t(damp) = 0.1567 (corroboration only); a human interprets the record.",
cloth_wet_dry,control,scalar_collapse,wet / dry,9,midpoint_perp_norm,damp,0.773939,True,(a) seated-midpoint,True,Tokenization fixes the position; the unit of analysis is the residual representation carried at that position; it is read across layers 0 to output. The token is not the unit.,The corpus named the dichotomy; the model processed that naming; the measurement recorded the processing; a human interprets the record.,"The corpus named the dichotomy wet / dry; the model processed that naming; the measurement recorded, at layer 9, midpoint_perp_norm(damp) = 0.7739 (corroboration only); a human interprets the record.",
cloth_wet_dry,control,scalar_collapse,wet / dry,9,cosine_midpoint_A,damp,0.896698,True,(a) seated-midpoint,True,Tokenization fixes the position; the unit of analysis is the residual representation carried at that position; it is read across layers 0 to output. The token is not the unit.,The corpus named the dichotomy; the model processed that naming; the measurement recorded the processing; a human interprets the record.,"The corpus named the dichotomy wet / dry; the model processed that naming; the measurement recorded, at layer 9, cosine_midpoint_A(damp) = 0.8967 (corroboration only); a human interprets the record.",
cloth_wet_dry,control,scalar_collapse,wet / dry,9,cosine_midpoint_B,damp,0.773192,True,(a) seated-midpoint,True,Tokenization fixes the position; the unit of analysis is the residual representation carried at that position; it is read across layers 0 to output. The token is not the unit.,The corpus named the dichotomy; the model processed that naming; the measurement recorded the processing; a human interprets the record.,"The corpus named the dichotomy wet / dry; the model processed that naming; the measurement recorded, at layer 9, cosine_midpoint_B(damp) = 0.7732 (corroboration only); a human interprets the record.",
cloth_wet_dry,control,scalar_collapse,wet / dry,9,excluded_perp_norm,moist,0.788712,True,(b) cross-layer pole relation,False,Tokenization fixes the position; the unit of analysis is the residual representation carried at that position; it is read across layers 0 to output. The token is not the unit.,The corpus named the dichotomy; the model processed that naming; the measurement recorded the processing; a human interprets the record.,"The corpus named the dichotomy wet / dry; the model processed that naming; the measurement recorded, at layer 9, excluded_perp_norm(moist) = 0.7887; a human interprets the record.",
cloth_wet_dry,control,scalar_collapse,wet / dry,9,excluded_t,moist,0.235996,True,(b) cross-layer pole relation,False,Tokenization fixes the position; the unit of analysis is the residual representation carried at that position; it is read across layers 0 to output. The token is not the unit.,The corpus named the dichotomy; the model processed that naming; the measurement recorded the processing; a human interprets the record.,"The corpus named the dichotomy wet / dry; the model processed that naming; the measurement recorded, at layer 9, excluded_t(moist) = 0.2360; a human interprets the record.",
cloth_wet_dry,control,scalar_collapse,wet / dry,9,excluded_perp_norm,humid,1.017461,True,(b) cross-layer pole relation,False,Tokenization fixes the position; the unit of analysis is the residual representation carried at that position; it is read across layers 0 to output. The token is not the unit.,The corpus named the dichotomy; the model processed that naming; the measurement recorded the processing; a human interprets the record.,"The corpus named the dichotomy wet / dry; the model processed that naming; the measurement recorded, at layer 9, excluded_perp_norm(humid) = 1.0175; a human interprets the record.",
cloth_wet_dry,control,scalar_collapse,wet / dry,9,excluded_t,humid,0.318751,True,(b) cross-layer pole relation,False,Tokenization fixes the position; the unit of analysis is the residual representation carried at that position; it is read across layers 0 to output. The token is not the unit.,The corpus named the dichotomy; the model processed that naming; the measurement recorded the processing; a human interprets the record.,"The corpus named the dichotomy wet / dry; the model processed that naming; the measurement recorded, at layer 9, excluded_t(humid) = 0.3188; a human interprets the record.",
cloth_wet_dry,control,scalar_collapse,wet / dry,9,excluded_perp_norm,soggy,0.952311,True,(b) cross-layer pole relation,False,Tokenization fixes the position; the unit of analysis is the residual representation carried at that position; it is read across layers 0 to output. The token is not the unit.,The corpus named the dichotomy; the model processed that naming; the measurement recorded the processing; a human interprets the record.,"The corpus named the dichotomy wet / dry; the model processed that naming; the measurement recorded, at layer 9, excluded_perp_norm(soggy) = 0.9523; a human interprets the record.",
cloth_wet_dry,control,scalar_collapse,wet / dry,9,excluded_t,soggy,0.228554,True,(b) cross-layer pole relation,False,Tokenization fixes the position; the unit of analysis is the residual representation carried at that position; it is read across layers 0 to output. The token is not the unit.,The corpus named the dichotomy; the model processed that naming; the measurement recorded the processing; a human interprets the record.,"The corpus named the dichotomy wet / dry; the model processed that naming; the measurement recorded, at layer 9, excluded_t(soggy) = 0.2286; a human interprets the record.",
cloth_wet_dry,control,scalar_collapse,wet / dry,9,remainder_ratio,excluded_set,0.919495,True,(b) cross-layer pole relation,False,Tokenization fixes the position; the unit of analysis is the residual representation carried at that position; it is read across layers 0 to output. The token is not the unit.,The corpus named the dichotomy; the model processed that naming; the measurement recorded the processing; a human interprets the record.,"The corpus named the dichotomy wet / dry; the model processed that naming; the measurement recorded, at layer 9, remainder_ratio(excluded_set) = 0.9195; a human interprets the record.",
cloth_wet_dry,control,scalar_collapse,wet / dry,10,cosine_AB_named,wet|dry,0.756352,True,(b) cross-layer pole relation,True,Tokenization fixes the position; the unit of analysis is the residual representation carried at that position; it is read across layers 0 to output. The token is not the unit.,The corpus named the dichotomy; the model processed that naming; the measurement recorded the processing; a human interprets the record.,"The corpus named the dichotomy wet / dry; the model processed that naming; the measurement recorded, at layer 10, cosine_AB_named(wet|dry) = 0.7564 (corroboration only); a human interprets the record.",
cloth_wet_dry,control,scalar_collapse,wet / dry,10,cosine_AB_carrier,wet|dry,0.815248,True,(b) cross-layer pole relation,True,Tokenization fixes the position; the unit of analysis is the residual representation carried at that position; it is read across layers 0 to output. The token is not the unit.,The corpus named the dichotomy; the model processed that naming; the measurement recorded the processing; a human interprets the record.,"The corpus named the dichotomy wet / dry; the model processed that naming; the measurement recorded, at layer 10, cosine_AB_carrier(wet|dry) = 0.8152 (corroboration only); a human interprets the record.",
cloth_wet_dry,control,scalar_collapse,wet / dry,10,midpoint_t,damp,0.142963,True,(a) seated-midpoint,True,Tokenization fixes the position; the unit of analysis is the residual representation carried at that position; it is read across layers 0 to output. The token is not the unit.,The corpus named the dichotomy; the model processed that naming; the measurement recorded the processing; a human interprets the record.,"The corpus named the dichotomy wet / dry; the model processed that naming; the measurement recorded, at layer 10, midpoint_t(damp) = 0.1430 (corroboration only); a human interprets the record.",
cloth_wet_dry,control,scalar_collapse,wet / dry,10,midpoint_perp_norm,damp,0.722618,True,(a) seated-midpoint,True,Tokenization fixes the position; the unit of analysis is the residual representation carried at that position; it is read across layers 0 to output. The token is not the unit.,The corpus named the dichotomy; the model processed that naming; the measurement recorded the processing; a human interprets the record.,"The corpus named the dichotomy wet / dry; the model processed that naming; the measurement recorded, at layer 10, midpoint_perp_norm(damp) = 0.7226 (corroboration only); a human interprets the record.",
cloth_wet_dry,control,scalar_collapse,wet / dry,10,cosine_midpoint_A,damp,0.913414,True,(a) seated-midpoint,True,Tokenization fixes the position; the unit of analysis is the residual representation carried at that position; it is read across layers 0 to output. The token is not the unit.,The corpus named the dichotomy; the model processed that naming; the measurement recorded the processing; a human interprets the record.,"The corpus named the dichotomy wet / dry; the model processed that naming; the measurement recorded, at layer 10, cosine_midpoint_A(damp) = 0.9134 (corroboration only); a human interprets the record.",
cloth_wet_dry,control,scalar_collapse,wet / dry,10,cosine_midpoint_B,damp,0.78804,True,(a) seated-midpoint,True,Tokenization fixes the position; the unit of analysis is the residual representation carried at that position; it is read across layers 0 to output. The token is not the unit.,The corpus named the dichotomy; the model processed that naming; the measurement recorded the processing; a human interprets the record.,"The corpus named the dichotomy wet / dry; the model processed that naming; the measurement recorded, at layer 10, cosine_midpoint_B(damp) = 0.7880 (corroboration only); a human interprets the record.",
cloth_wet_dry,control,scalar_collapse,wet / dry,10,excluded_perp_norm,moist,0.740937,True,(b) cross-layer pole relation,False,Tokenization fixes the position; the unit of analysis is the residual representation carried at that position; it is read across layers 0 to output. The token is not the unit.,The corpus named the dichotomy; the model processed that naming; the measurement recorded the processing; a human interprets the record.,"The corpus named the dichotomy wet / dry; the model processed that naming; the measurement recorded, at layer 10, excluded_perp_norm(moist) = 0.7409; a human interprets the record.",
cloth_wet_dry,control,scalar_collapse,wet / dry,10,excluded_t,moist,0.205376,True,(b) cross-layer pole relation,False,Tokenization fixes the position; the unit of analysis is the residual representation carried at that position; it is read across layers 0 to output. The token is not the unit.,The corpus named the dichotomy; the model processed that naming; the measurement recorded the processing; a human interprets the record.,"The corpus named the dichotomy wet / dry; the model processed that naming; the measurement recorded, at layer 10, excluded_t(moist) = 0.2054; a human interprets the record.",
cloth_wet_dry,control,scalar_collapse,wet / dry,10,excluded_perp_norm,humid,0.967038,True,(b) cross-layer pole relation,False,Tokenization fixes the position; the unit of analysis is the residual representation carried at that position; it is read across layers 0 to output. The token is not the unit.,The corpus named the dichotomy; the model processed that naming; the measurement recorded the processing; a human interprets the record.,"The corpus named the dichotomy wet / dry; the model processed that naming; the measurement recorded, at layer 10, excluded_perp_norm(humid) = 0.9670; a human interprets the record.",
cloth_wet_dry,control,scalar_collapse,wet / dry,10,excluded_t,humid,0.28594,True,(b) cross-layer pole relation,False,Tokenization fixes the position; the unit of analysis is the residual representation carried at that position; it is read across layers 0 to output. The token is not the unit.,The corpus named the dichotomy; the model processed that naming; the measurement recorded the processing; a human interprets the record.,"The corpus named the dichotomy wet / dry; the model processed that naming; the measurement recorded, at layer 10, excluded_t(humid) = 0.2859; a human interprets the record.",
cloth_wet_dry,control,scalar_collapse,wet / dry,10,excluded_perp_norm,soggy,0.907709,True,(b) cross-layer pole relation,False,Tokenization fixes the position; the unit of analysis is the residual representation carried at that position; it is read across layers 0 to output. The token is not the unit.,The corpus named the dichotomy; the model processed that naming; the measurement recorded the processing; a human interprets the record.,"The corpus named the dichotomy wet / dry; the model processed that naming; the measurement recorded, at layer 10, excluded_perp_norm(soggy) = 0.9077; a human interprets the record.",
cloth_wet_dry,control,scalar_collapse,wet / dry,10,excluded_t,soggy,0.21441,True,(b) cross-layer pole relation,False,Tokenization fixes the position; the unit of analysis is the residual representation carried at that position; it is read across layers 0 to output. The token is not the unit.,The corpus named the dichotomy; the model processed that naming; the measurement recorded the processing; a human interprets the record.,"The corpus named the dichotomy wet / dry; the model processed that naming; the measurement recorded, at layer 10, excluded_t(soggy) = 0.2144; a human interprets the record.",
cloth_wet_dry,control,scalar_collapse,wet / dry,10,remainder_ratio,excluded_set,0.871895,True,(b) cross-layer pole relation,False,Tokenization fixes the position; the unit of analysis is the residual representation carried at that position; it is read across layers 0 to output. The token is not the unit.,The corpus named the dichotomy; the model processed that naming; the measurement recorded the processing; a human interprets the record.,"The corpus named the dichotomy wet / dry; the model processed that naming; the measurement recorded, at layer 10, remainder_ratio(excluded_set) = 0.8719; a human interprets the record.",
cloth_wet_dry,control,scalar_collapse,wet / dry,11,cosine_AB_named,wet|dry,0.748602,True,(b) cross-layer pole relation,True,Tokenization fixes the position; the unit of analysis is the residual representation carried at that position; it is read across layers 0 to output. The token is not the unit.,The corpus named the dichotomy; the model processed that naming; the measurement recorded the processing; a human interprets the record.,"The corpus named the dichotomy wet / dry; the model processed that naming; the measurement recorded, at layer 11, cosine_AB_named(wet|dry) = 0.7486 (corroboration only); a human interprets the record.",
cloth_wet_dry,control,scalar_collapse,wet / dry,11,cosine_AB_carrier,wet|dry,0.827546,True,(b) cross-layer pole relation,True,Tokenization fixes the position; the unit of analysis is the residual representation carried at that position; it is read across layers 0 to output. The token is not the unit.,The corpus named the dichotomy; the model processed that naming; the measurement recorded the processing; a human interprets the record.,"The corpus named the dichotomy wet / dry; the model processed that naming; the measurement recorded, at layer 11, cosine_AB_carrier(wet|dry) = 0.8275 (corroboration only); a human interprets the record.",
cloth_wet_dry,control,scalar_collapse,wet / dry,11,midpoint_t,damp,0.125903,True,(a) seated-midpoint,True,Tokenization fixes the position; the unit of analysis is the residual representation carried at that position; it is read across layers 0 to output. The token is not the unit.,The corpus named the dichotomy; the model processed that naming; the measurement recorded the processing; a human interprets the record.,"The corpus named the dichotomy wet / dry; the model processed that naming; the measurement recorded, at layer 11, midpoint_t(damp) = 0.1259 (corroboration only); a human interprets the record.",
cloth_wet_dry,control,scalar_collapse,wet / dry,11,midpoint_perp_norm,damp,0.702093,True,(a) seated-midpoint,True,Tokenization fixes the position; the unit of analysis is the residual representation carried at that position; it is read across layers 0 to output. The token is not the unit.,The corpus named the dichotomy; the model processed that naming; the measurement recorded the processing; a human interprets the record.,"The corpus named the dichotomy wet / dry; the model processed that naming; the measurement recorded, at layer 11, midpoint_perp_norm(damp) = 0.7021 (corroboration only); a human interprets the record.",
cloth_wet_dry,control,scalar_collapse,wet / dry,11,cosine_midpoint_A,damp,0.923374,True,(a) seated-midpoint,True,Tokenization fixes the position; the unit of analysis is the residual representation carried at that position; it is read across layers 0 to output. The token is not the unit.,The corpus named the dichotomy; the model processed that naming; the measurement recorded the processing; a human interprets the record.,"The corpus named the dichotomy wet / dry; the model processed that naming; the measurement recorded, at layer 11, cosine_midpoint_A(damp) = 0.9234 (corroboration only); a human interprets the record.",
cloth_wet_dry,control,scalar_collapse,wet / dry,11,cosine_midpoint_B,damp,0.800604,True,(a) seated-midpoint,True,Tokenization fixes the position; the unit of analysis is the residual representation carried at that position; it is read across layers 0 to output. The token is not the unit.,The corpus named the dichotomy; the model processed that naming; the measurement recorded the processing; a human interprets the record.,"The corpus named the dichotomy wet / dry; the model processed that naming; the measurement recorded, at layer 11, cosine_midpoint_B(damp) = 0.8006 (corroboration only); a human interprets the record.",
cloth_wet_dry,control,scalar_collapse,wet / dry,11,excluded_perp_norm,moist,0.721061,True,(b) cross-layer pole relation,False,Tokenization fixes the position; the unit of analysis is the residual representation carried at that position; it is read across layers 0 to output. The token is not the unit.,The corpus named the dichotomy; the model processed that naming; the measurement recorded the processing; a human interprets the record.,"The corpus named the dichotomy wet / dry; the model processed that naming; the measurement recorded, at layer 11, excluded_perp_norm(moist) = 0.7211; a human interprets the record.",
cloth_wet_dry,control,scalar_collapse,wet / dry,11,excluded_t,moist,0.172226,True,(b) cross-layer pole relation,False,Tokenization fixes the position; the unit of analysis is the residual representation carried at that position; it is read across layers 0 to output. The token is not the unit.,The corpus named the dichotomy; the model processed that naming; the measurement recorded the processing; a human interprets the record.,"The corpus named the dichotomy wet / dry; the model processed that naming; the measurement recorded, at layer 11, excluded_t(moist) = 0.1722; a human interprets the record.",
cloth_wet_dry,control,scalar_collapse,wet / dry,11,excluded_perp_norm,humid,0.940763,True,(b) cross-layer pole relation,False,Tokenization fixes the position; the unit of analysis is the residual representation carried at that position; it is read across layers 0 to output. The token is not the unit.,The corpus named the dichotomy; the model processed that naming; the measurement recorded the processing; a human interprets the record.,"The corpus named the dichotomy wet / dry; the model processed that naming; the measurement recorded, at layer 11, excluded_perp_norm(humid) = 0.9408; a human interprets the record.",
cloth_wet_dry,control,scalar_collapse,wet / dry,11,excluded_t,humid,0.257471,True,(b) cross-layer pole relation,False,Tokenization fixes the position; the unit of analysis is the residual representation carried at that position; it is read across layers 0 to output. The token is not the unit.,The corpus named the dichotomy; the model processed that naming; the measurement recorded the processing; a human interprets the record.,"The corpus named the dichotomy wet / dry; the model processed that naming; the measurement recorded, at layer 11, excluded_t(humid) = 0.2575; a human interprets the record.",
cloth_wet_dry,control,scalar_collapse,wet / dry,11,excluded_perp_norm,soggy,0.888876,True,(b) cross-layer pole relation,False,Tokenization fixes the position; the unit of analysis is the residual representation carried at that position; it is read across layers 0 to output. The token is not the unit.,The corpus named the dichotomy; the model processed that naming; the measurement recorded the processing; a human interprets the record.,"The corpus named the dichotomy wet / dry; the model processed that naming; the measurement recorded, at layer 11, excluded_perp_norm(soggy) = 0.8889; a human interprets the record.",
cloth_wet_dry,control,scalar_collapse,wet / dry,11,excluded_t,soggy,0.20425,True,(b) cross-layer pole relation,False,Tokenization fixes the position; the unit of analysis is the residual representation carried at that position; it is read across layers 0 to output. The token is not the unit.,The corpus named the dichotomy; the model processed that naming; the measurement recorded the processing; a human interprets the record.,"The corpus named the dichotomy wet / dry; the model processed that naming; the measurement recorded, at layer 11, excluded_t(soggy) = 0.2042; a human interprets the record.",
cloth_wet_dry,control,scalar_collapse,wet / dry,11,remainder_ratio,excluded_set,0.850233,True,(b) cross-layer pole relation,False,Tokenization fixes the position; the unit of analysis is the residual representation carried at that position; it is read across layers 0 to output. The token is not the unit.,The corpus named the dichotomy; the model processed that naming; the measurement recorded the processing; a human interprets the record.,"The corpus named the dichotomy wet / dry; the model processed that naming; the measurement recorded, at layer 11, remainder_ratio(excluded_set) = 0.8502; a human interprets the record.",
cloth_wet_dry,control,scalar_collapse,wet / dry,12,cosine_AB_named,wet|dry,0.792439,True,(b) cross-layer pole relation,True,Tokenization fixes the position; the unit of analysis is the residual representation carried at that position; it is read across layers 0 to output. The token is not the unit.,The corpus named the dichotomy; the model processed that naming; the measurement recorded the processing; a human interprets the record.,"The corpus named the dichotomy wet / dry; the model processed that naming; the measurement recorded, at layer 12, cosine_AB_named(wet|dry) = 0.7924 (corroboration only); a human interprets the record.",
cloth_wet_dry,control,scalar_collapse,wet / dry,12,cosine_AB_carrier,wet|dry,0.8541,True,(b) cross-layer pole relation,True,Tokenization fixes the position; the unit of analysis is the residual representation carried at that position; it is read across layers 0 to output. The token is not the unit.,The corpus named the dichotomy; the model processed that naming; the measurement recorded the processing; a human interprets the record.,"The corpus named the dichotomy wet / dry; the model processed that naming; the measurement recorded, at layer 12, cosine_AB_carrier(wet|dry) = 0.8541 (corroboration only); a human interprets the record.",
cloth_wet_dry,control,scalar_collapse,wet / dry,12,midpoint_t,damp,0.08803,True,(a) seated-midpoint,True,Tokenization fixes the position; the unit of analysis is the residual representation carried at that position; it is read across layers 0 to output. The token is not the unit.,The corpus named the dichotomy; the model processed that naming; the measurement recorded the processing; a human interprets the record.,"The corpus named the dichotomy wet / dry; the model processed that naming; the measurement recorded, at layer 12, midpoint_t(damp) = 0.0880 (corroboration only); a human interprets the record.",
cloth_wet_dry,control,scalar_collapse,wet / dry,12,midpoint_perp_norm,damp,0.705477,True,(a) seated-midpoint,True,Tokenization fixes the position; the unit of analysis is the residual representation carried at that position; it is read across layers 0 to output. The token is not the unit.,The corpus named the dichotomy; the model processed that naming; the measurement recorded the processing; a human interprets the record.,"The corpus named the dichotomy wet / dry; the model processed that naming; the measurement recorded, at layer 12, midpoint_perp_norm(damp) = 0.7055 (corroboration only); a human interprets the record.",
cloth_wet_dry,control,scalar_collapse,wet / dry,12,cosine_midpoint_A,damp,0.938572,True,(a) seated-midpoint,True,Tokenization fixes the position; the unit of analysis is the residual representation carried at that position; it is read across layers 0 to output. The token is not the unit.,The corpus named the dichotomy; the model processed that naming; the measurement recorded the processing; a human interprets the record.,"The corpus named the dichotomy wet / dry; the model processed that naming; the measurement recorded, at layer 12, cosine_midpoint_A(damp) = 0.9386 (corroboration only); a human interprets the record.",
cloth_wet_dry,control,scalar_collapse,wet / dry,12,cosine_midpoint_B,damp,0.828728,True,(a) seated-midpoint,True,Tokenization fixes the position; the unit of analysis is the residual representation carried at that position; it is read across layers 0 to output. The token is not the unit.,The corpus named the dichotomy; the model processed that naming; the measurement recorded the processing; a human interprets the record.,"The corpus named the dichotomy wet / dry; the model processed that naming; the measurement recorded, at layer 12, cosine_midpoint_B(damp) = 0.8287 (corroboration only); a human interprets the record.",
cloth_wet_dry,control,scalar_collapse,wet / dry,12,excluded_perp_norm,moist,0.73491,True,(b) cross-layer pole relation,False,Tokenization fixes the position; the unit of analysis is the residual representation carried at that position; it is read across layers 0 to output. The token is not the unit.,The corpus named the dichotomy; the model processed that naming; the measurement recorded the processing; a human interprets the record.,"The corpus named the dichotomy wet / dry; the model processed that naming; the measurement recorded, at layer 12, excluded_perp_norm(moist) = 0.7349; a human interprets the record.",
cloth_wet_dry,control,scalar_collapse,wet / dry,12,excluded_t,moist,0.128968,True,(b) cross-layer pole relation,False,Tokenization fixes the position; the unit of analysis is the residual representation carried at that position; it is read across layers 0 to output. The token is not the unit.,The corpus named the dichotomy; the model processed that naming; the measurement recorded the processing; a human interprets the record.,"The corpus named the dichotomy wet / dry; the model processed that naming; the measurement recorded, at layer 12, excluded_t(moist) = 0.1290; a human interprets the record.",
cloth_wet_dry,control,scalar_collapse,wet / dry,12,excluded_perp_norm,humid,0.935654,True,(b) cross-layer pole relation,False,Tokenization fixes the position; the unit of analysis is the residual representation carried at that position; it is read across layers 0 to output. The token is not the unit.,The corpus named the dichotomy; the model processed that naming; the measurement recorded the processing; a human interprets the record.,"The corpus named the dichotomy wet / dry; the model processed that naming; the measurement recorded, at layer 12, excluded_perp_norm(humid) = 0.9357; a human interprets the record.",
cloth_wet_dry,control,scalar_collapse,wet / dry,12,excluded_t,humid,0.225992,True,(b) cross-layer pole relation,False,Tokenization fixes the position; the unit of analysis is the residual representation carried at that position; it is read across layers 0 to output. The token is not the unit.,The corpus named the dichotomy; the model processed that naming; the measurement recorded the processing; a human interprets the record.,"The corpus named the dichotomy wet / dry; the model processed that naming; the measurement recorded, at layer 12, excluded_t(humid) = 0.2260; a human interprets the record.",
cloth_wet_dry,control,scalar_collapse,wet / dry,12,excluded_perp_norm,soggy,0.875213,True,(b) cross-layer pole relation,False,Tokenization fixes the position; the unit of analysis is the residual representation carried at that position; it is read across layers 0 to output. The token is not the unit.,The corpus named the dichotomy; the model processed that naming; the measurement recorded the processing; a human interprets the record.,"The corpus named the dichotomy wet / dry; the model processed that naming; the measurement recorded, at layer 12, excluded_perp_norm(soggy) = 0.8752; a human interprets the record.",
cloth_wet_dry,control,scalar_collapse,wet / dry,12,excluded_t,soggy,0.164014,True,(b) cross-layer pole relation,False,Tokenization fixes the position; the unit of analysis is the residual representation carried at that position; it is read across layers 0 to output. The token is not the unit.,The corpus named the dichotomy; the model processed that naming; the measurement recorded the processing; a human interprets the record.,"The corpus named the dichotomy wet / dry; the model processed that naming; the measurement recorded, at layer 12, excluded_t(soggy) = 0.1640; a human interprets the record.",
cloth_wet_dry,control,scalar_collapse,wet / dry,12,remainder_ratio,excluded_set,0.848593,True,(b) cross-layer pole relation,False,Tokenization fixes the position; the unit of analysis is the residual representation carried at that position; it is read across layers 0 to output. The token is not the unit.,The corpus named the dichotomy; the model processed that naming; the measurement recorded the processing; a human interprets the record.,"The corpus named the dichotomy wet / dry; the model processed that naming; the measurement recorded, at layer 12, remainder_ratio(excluded_set) = 0.8486; a human interprets the record.",
cloth_wet_dry,control,scalar_collapse,wet / dry,13,cosine_AB_named,wet|dry,0.724134,True,(b) cross-layer pole relation,True,Tokenization fixes the position; the unit of analysis is the residual representation carried at that position; it is read across layers 0 to output. The token is not the unit.,The corpus named the dichotomy; the model processed that naming; the measurement recorded the processing; a human interprets the record.,"The corpus named the dichotomy wet / dry; the model processed that naming; the measurement recorded, at layer 13, cosine_AB_named(wet|dry) = 0.7241 (corroboration only); a human interprets the record.",
cloth_wet_dry,control,scalar_collapse,wet / dry,13,cosine_AB_carrier,wet|dry,0.83347,True,(b) cross-layer pole relation,True,Tokenization fixes the position; the unit of analysis is the residual representation carried at that position; it is read across layers 0 to output. The token is not the unit.,The corpus named the dichotomy; the model processed that naming; the measurement recorded the processing; a human interprets the record.,"The corpus named the dichotomy wet / dry; the model processed that naming; the measurement recorded, at layer 13, cosine_AB_carrier(wet|dry) = 0.8335 (corroboration only); a human interprets the record.",
cloth_wet_dry,control,scalar_collapse,wet / dry,13,midpoint_t,damp,0.111311,True,(a) seated-midpoint,True,Tokenization fixes the position; the unit of analysis is the residual representation carried at that position; it is read across layers 0 to output. The token is not the unit.,The corpus named the dichotomy; the model processed that naming; the measurement recorded the processing; a human interprets the record.,"The corpus named the dichotomy wet / dry; the model processed that naming; the measurement recorded, at layer 13, midpoint_t(damp) = 0.1113 (corroboration only); a human interprets the record.",
cloth_wet_dry,control,scalar_collapse,wet / dry,13,midpoint_perp_norm,damp,0.715799,True,(a) seated-midpoint,True,Tokenization fixes the position; the unit of analysis is the residual representation carried at that position; it is read across layers 0 to output. The token is not the unit.,The corpus named the dichotomy; the model processed that naming; the measurement recorded the processing; a human interprets the record.,"The corpus named the dichotomy wet / dry; the model processed that naming; the measurement recorded, at layer 13, midpoint_perp_norm(damp) = 0.7158 (corroboration only); a human interprets the record.",
cloth_wet_dry,control,scalar_collapse,wet / dry,13,cosine_midpoint_A,damp,0.923388,True,(a) seated-midpoint,True,Tokenization fixes the position; the unit of analysis is the residual representation carried at that position; it is read across layers 0 to output. The token is not the unit.,The corpus named the dichotomy; the model processed that naming; the measurement recorded the processing; a human interprets the record.,"The corpus named the dichotomy wet / dry; the model processed that naming; the measurement recorded, at layer 13, cosine_midpoint_A(damp) = 0.9234 (corroboration only); a human interprets the record.",
cloth_wet_dry,control,scalar_collapse,wet / dry,13,cosine_midpoint_B,damp,0.802268,True,(a) seated-midpoint,True,Tokenization fixes the position; the unit of analysis is the residual representation carried at that position; it is read across layers 0 to output. The token is not the unit.,The corpus named the dichotomy; the model processed that naming; the measurement recorded the processing; a human interprets the record.,"The corpus named the dichotomy wet / dry; the model processed that naming; the measurement recorded, at layer 13, cosine_midpoint_B(damp) = 0.8023 (corroboration only); a human interprets the record.",
cloth_wet_dry,control,scalar_collapse,wet / dry,13,excluded_perp_norm,moist,0.756639,True,(b) cross-layer pole relation,False,Tokenization fixes the position; the unit of analysis is the residual representation carried at that position; it is read across layers 0 to output. The token is not the unit.,The corpus named the dichotomy; the model processed that naming; the measurement recorded the processing; a human interprets the record.,"The corpus named the dichotomy wet / dry; the model processed that naming; the measurement recorded, at layer 13, excluded_perp_norm(moist) = 0.7566; a human interprets the record.",
cloth_wet_dry,control,scalar_collapse,wet / dry,13,excluded_t,moist,0.167244,True,(b) cross-layer pole relation,False,Tokenization fixes the position; the unit of analysis is the residual representation carried at that position; it is read across layers 0 to output. The token is not the unit.,The corpus named the dichotomy; the model processed that naming; the measurement recorded the processing; a human interprets the record.,"The corpus named the dichotomy wet / dry; the model processed that naming; the measurement recorded, at layer 13, excluded_t(moist) = 0.1672; a human interprets the record.",
cloth_wet_dry,control,scalar_collapse,wet / dry,13,excluded_perp_norm,humid,0.983402,True,(b) cross-layer pole relation,False,Tokenization fixes the position; the unit of analysis is the residual representation carried at that position; it is read across layers 0 to output. The token is not the unit.,The corpus named the dichotomy; the model processed that naming; the measurement recorded the processing; a human interprets the record.,"The corpus named the dichotomy wet / dry; the model processed that naming; the measurement recorded, at layer 13, excluded_perp_norm(humid) = 0.9834; a human interprets the record.",
cloth_wet_dry,control,scalar_collapse,wet / dry,13,excluded_t,humid,0.228948,True,(b) cross-layer pole relation,False,Tokenization fixes the position; the unit of analysis is the residual representation carried at that position; it is read across layers 0 to output. The token is not the unit.,The corpus named the dichotomy; the model processed that naming; the measurement recorded the processing; a human interprets the record.,"The corpus named the dichotomy wet / dry; the model processed that naming; the measurement recorded, at layer 13, excluded_t(humid) = 0.2289; a human interprets the record.",
cloth_wet_dry,control,scalar_collapse,wet / dry,13,excluded_perp_norm,soggy,0.921751,True,(b) cross-layer pole relation,False,Tokenization fixes the position; the unit of analysis is the residual representation carried at that position; it is read across layers 0 to output. The token is not the unit.,The corpus named the dichotomy; the model processed that naming; the measurement recorded the processing; a human interprets the record.,"The corpus named the dichotomy wet / dry; the model processed that naming; the measurement recorded, at layer 13, excluded_perp_norm(soggy) = 0.9218; a human interprets the record.",
cloth_wet_dry,control,scalar_collapse,wet / dry,13,excluded_t,soggy,0.177528,True,(b) cross-layer pole relation,False,Tokenization fixes the position; the unit of analysis is the residual representation carried at that position; it is read across layers 0 to output. The token is not the unit.,The corpus named the dichotomy; the model processed that naming; the measurement recorded the processing; a human interprets the record.,"The corpus named the dichotomy wet / dry; the model processed that naming; the measurement recorded, at layer 13, excluded_t(soggy) = 0.1775; a human interprets the record.",
cloth_wet_dry,control,scalar_collapse,wet / dry,13,remainder_ratio,excluded_set,0.887264,True,(b) cross-layer pole relation,False,Tokenization fixes the position; the unit of analysis is the residual representation carried at that position; it is read across layers 0 to output. The token is not the unit.,The corpus named the dichotomy; the model processed that naming; the measurement recorded the processing; a human interprets the record.,"The corpus named the dichotomy wet / dry; the model processed that naming; the measurement recorded, at layer 13, remainder_ratio(excluded_set) = 0.8873; a human interprets the record.",
cloth_wet_dry,control,scalar_collapse,wet / dry,14,cosine_AB_named,wet|dry,0.762038,True,(b) cross-layer pole relation,True,Tokenization fixes the position; the unit of analysis is the residual representation carried at that position; it is read across layers 0 to output. The token is not the unit.,The corpus named the dichotomy; the model processed that naming; the measurement recorded the processing; a human interprets the record.,"The corpus named the dichotomy wet / dry; the model processed that naming; the measurement recorded, at layer 14, cosine_AB_named(wet|dry) = 0.7620 (corroboration only); a human interprets the record.",
cloth_wet_dry,control,scalar_collapse,wet / dry,14,cosine_AB_carrier,wet|dry,0.858239,True,(b) cross-layer pole relation,True,Tokenization fixes the position; the unit of analysis is the residual representation carried at that position; it is read across layers 0 to output. The token is not the unit.,The corpus named the dichotomy; the model processed that naming; the measurement recorded the processing; a human interprets the record.,"The corpus named the dichotomy wet / dry; the model processed that naming; the measurement recorded, at layer 14, cosine_AB_carrier(wet|dry) = 0.8582 (corroboration only); a human interprets the record.",
cloth_wet_dry,control,scalar_collapse,wet / dry,14,midpoint_t,damp,0.104943,True,(a) seated-midpoint,True,Tokenization fixes the position; the unit of analysis is the residual representation carried at that position; it is read across layers 0 to output. The token is not the unit.,The corpus named the dichotomy; the model processed that naming; the measurement recorded the processing; a human interprets the record.,"The corpus named the dichotomy wet / dry; the model processed that naming; the measurement recorded, at layer 14, midpoint_t(damp) = 0.1049 (corroboration only); a human interprets the record.",
cloth_wet_dry,control,scalar_collapse,wet / dry,14,midpoint_perp_norm,damp,0.701298,True,(a) seated-midpoint,True,Tokenization fixes the position; the unit of analysis is the residual representation carried at that position; it is read across layers 0 to output. The token is not the unit.,The corpus named the dichotomy; the model processed that naming; the measurement recorded the processing; a human interprets the record.,"The corpus named the dichotomy wet / dry; the model processed that naming; the measurement recorded, at layer 14, midpoint_perp_norm(damp) = 0.7013 (corroboration only); a human interprets the record.",
cloth_wet_dry,control,scalar_collapse,wet / dry,14,cosine_midpoint_A,damp,0.938346,True,(a) seated-midpoint,True,Tokenization fixes the position; the unit of analysis is the residual representation carried at that position; it is read across layers 0 to output. The token is not the unit.,The corpus named the dichotomy; the model processed that naming; the measurement recorded the processing; a human interprets the record.,"The corpus named the dichotomy wet / dry; the model processed that naming; the measurement recorded, at layer 14, cosine_midpoint_A(damp) = 0.9383 (corroboration only); a human interprets the record.",
cloth_wet_dry,control,scalar_collapse,wet / dry,14,cosine_midpoint_B,damp,0.834177,True,(a) seated-midpoint,True,Tokenization fixes the position; the unit of analysis is the residual representation carried at that position; it is read across layers 0 to output. The token is not the unit.,The corpus named the dichotomy; the model processed that naming; the measurement recorded the processing; a human interprets the record.,"The corpus named the dichotomy wet / dry; the model processed that naming; the measurement recorded, at layer 14, cosine_midpoint_B(damp) = 0.8342 (corroboration only); a human interprets the record.",
cloth_wet_dry,control,scalar_collapse,wet / dry,14,excluded_perp_norm,moist,0.729179,True,(b) cross-layer pole relation,False,Tokenization fixes the position; the unit of analysis is the residual representation carried at that position; it is read across layers 0 to output. The token is not the unit.,The corpus named the dichotomy; the model processed that naming; the measurement recorded the processing; a human interprets the record.,"The corpus named the dichotomy wet / dry; the model processed that naming; the measurement recorded, at layer 14, excluded_perp_norm(moist) = 0.7292; a human interprets the record.",
cloth_wet_dry,control,scalar_collapse,wet / dry,14,excluded_t,moist,0.151838,True,(b) cross-layer pole relation,False,Tokenization fixes the position; the unit of analysis is the residual representation carried at that position; it is read across layers 0 to output. The token is not the unit.,The corpus named the dichotomy; the model processed that naming; the measurement recorded the processing; a human interprets the record.,"The corpus named the dichotomy wet / dry; the model processed that naming; the measurement recorded, at layer 14, excluded_t(moist) = 0.1518; a human interprets the record.",
cloth_wet_dry,control,scalar_collapse,wet / dry,14,excluded_perp_norm,humid,0.940705,True,(b) cross-layer pole relation,False,Tokenization fixes the position; the unit of analysis is the residual representation carried at that position; it is read across layers 0 to output. The token is not the unit.,The corpus named the dichotomy; the model processed that naming; the measurement recorded the processing; a human interprets the record.,"The corpus named the dichotomy wet / dry; the model processed that naming; the measurement recorded, at layer 14, excluded_perp_norm(humid) = 0.9407; a human interprets the record.",
cloth_wet_dry,control,scalar_collapse,wet / dry,14,excluded_t,humid,0.201284,True,(b) cross-layer pole relation,False,Tokenization fixes the position; the unit of analysis is the residual representation carried at that position; it is read across layers 0 to output. The token is not the unit.,The corpus named the dichotomy; the model processed that naming; the measurement recorded the processing; a human interprets the record.,"The corpus named the dichotomy wet / dry; the model processed that naming; the measurement recorded, at layer 14, excluded_t(humid) = 0.2013; a human interprets the record.",
cloth_wet_dry,control,scalar_collapse,wet / dry,14,excluded_perp_norm,soggy,0.88844,True,(b) cross-layer pole relation,False,Tokenization fixes the position; the unit of analysis is the residual representation carried at that position; it is read across layers 0 to output. The token is not the unit.,The corpus named the dichotomy; the model processed that naming; the measurement recorded the processing; a human interprets the record.,"The corpus named the dichotomy wet / dry; the model processed that naming; the measurement recorded, at layer 14, excluded_perp_norm(soggy) = 0.8884; a human interprets the record.",
cloth_wet_dry,control,scalar_collapse,wet / dry,14,excluded_t,soggy,0.129161,True,(b) cross-layer pole relation,False,Tokenization fixes the position; the unit of analysis is the residual representation carried at that position; it is read across layers 0 to output. The token is not the unit.,The corpus named the dichotomy; the model processed that naming; the measurement recorded the processing; a human interprets the record.,"The corpus named the dichotomy wet / dry; the model processed that naming; the measurement recorded, at layer 14, excluded_t(soggy) = 0.1292; a human interprets the record.",
cloth_wet_dry,control,scalar_collapse,wet / dry,14,remainder_ratio,excluded_set,0.852775,True,(b) cross-layer pole relation,False,Tokenization fixes the position; the unit of analysis is the residual representation carried at that position; it is read across layers 0 to output. The token is not the unit.,The corpus named the dichotomy; the model processed that naming; the measurement recorded the processing; a human interprets the record.,"The corpus named the dichotomy wet / dry; the model processed that naming; the measurement recorded, at layer 14, remainder_ratio(excluded_set) = 0.8528; a human interprets the record.",
cloth_wet_dry,control,scalar_collapse,wet / dry,15,cosine_AB_named,wet|dry,0.785988,True,(b) cross-layer pole relation,True,Tokenization fixes the position; the unit of analysis is the residual representation carried at that position; it is read across layers 0 to output. The token is not the unit.,The corpus named the dichotomy; the model processed that naming; the measurement recorded the processing; a human interprets the record.,"The corpus named the dichotomy wet / dry; the model processed that naming; the measurement recorded, at layer 15, cosine_AB_named(wet|dry) = 0.7860 (corroboration only); a human interprets the record.",
cloth_wet_dry,control,scalar_collapse,wet / dry,15,cosine_AB_carrier,wet|dry,0.854654,True,(b) cross-layer pole relation,True,Tokenization fixes the position; the unit of analysis is the residual representation carried at that position; it is read across layers 0 to output. The token is not the unit.,The corpus named the dichotomy; the model processed that naming; the measurement recorded the processing; a human interprets the record.,"The corpus named the dichotomy wet / dry; the model processed that naming; the measurement recorded, at layer 15, cosine_AB_carrier(wet|dry) = 0.8547 (corroboration only); a human interprets the record.",
cloth_wet_dry,control,scalar_collapse,wet / dry,15,midpoint_t,damp,0.131419,True,(a) seated-midpoint,True,Tokenization fixes the position; the unit of analysis is the residual representation carried at that position; it is read across layers 0 to output. The token is not the unit.,The corpus named the dichotomy; the model processed that naming; the measurement recorded the processing; a human interprets the record.,"The corpus named the dichotomy wet / dry; the model processed that naming; the measurement recorded, at layer 15, midpoint_t(damp) = 0.1314 (corroboration only); a human interprets the record.",
cloth_wet_dry,control,scalar_collapse,wet / dry,15,midpoint_perp_norm,damp,0.680317,True,(a) seated-midpoint,True,Tokenization fixes the position; the unit of analysis is the residual representation carried at that position; it is read across layers 0 to output. The token is not the unit.,The corpus named the dichotomy; the model processed that naming; the measurement recorded the processing; a human interprets the record.,"The corpus named the dichotomy wet / dry; the model processed that naming; the measurement recorded, at layer 15, midpoint_perp_norm(damp) = 0.6803 (corroboration only); a human interprets the record.",
cloth_wet_dry,control,scalar_collapse,wet / dry,15,cosine_midpoint_A,damp,0.937727,True,(a) seated-midpoint,True,Tokenization fixes the position; the unit of analysis is the residual representation carried at that position; it is read across layers 0 to output. The token is not the unit.,The corpus named the dichotomy; the model processed that naming; the measurement recorded the processing; a human interprets the record.,"The corpus named the dichotomy wet / dry; the model processed that naming; the measurement recorded, at layer 15, cosine_midpoint_A(damp) = 0.9377 (corroboration only); a human interprets the record.",
cloth_wet_dry,control,scalar_collapse,wet / dry,15,cosine_midpoint_B,damp,0.833727,True,(a) seated-midpoint,True,Tokenization fixes the position; the unit of analysis is the residual representation carried at that position; it is read across layers 0 to output. The token is not the unit.,The corpus named the dichotomy; the model processed that naming; the measurement recorded the processing; a human interprets the record.,"The corpus named the dichotomy wet / dry; the model processed that naming; the measurement recorded, at layer 15, cosine_midpoint_B(damp) = 0.8337 (corroboration only); a human interprets the record.",
cloth_wet_dry,control,scalar_collapse,wet / dry,15,excluded_perp_norm,moist,0.729367,True,(b) cross-layer pole relation,False,Tokenization fixes the position; the unit of analysis is the residual representation carried at that position; it is read across layers 0 to output. The token is not the unit.,The corpus named the dichotomy; the model processed that naming; the measurement recorded the processing; a human interprets the record.,"The corpus named the dichotomy wet / dry; the model processed that naming; the measurement recorded, at layer 15, excluded_perp_norm(moist) = 0.7294; a human interprets the record.",
cloth_wet_dry,control,scalar_collapse,wet / dry,15,excluded_t,moist,0.156172,True,(b) cross-layer pole relation,False,Tokenization fixes the position; the unit of analysis is the residual representation carried at that position; it is read across layers 0 to output. The token is not the unit.,The corpus named the dichotomy; the model processed that naming; the measurement recorded the processing; a human interprets the record.,"The corpus named the dichotomy wet / dry; the model processed that naming; the measurement recorded, at layer 15, excluded_t(moist) = 0.1562; a human interprets the record.",
cloth_wet_dry,control,scalar_collapse,wet / dry,15,excluded_perp_norm,humid,0.966101,True,(b) cross-layer pole relation,False,Tokenization fixes the position; the unit of analysis is the residual representation carried at that position; it is read across layers 0 to output. The token is not the unit.,The corpus named the dichotomy; the model processed that naming; the measurement recorded the processing; a human interprets the record.,"The corpus named the dichotomy wet / dry; the model processed that naming; the measurement recorded, at layer 15, excluded_perp_norm(humid) = 0.9661; a human interprets the record.",
cloth_wet_dry,control,scalar_collapse,wet / dry,15,excluded_t,humid,0.218203,True,(b) cross-layer pole relation,False,Tokenization fixes the position; the unit of analysis is the residual representation carried at that position; it is read across layers 0 to output. The token is not the unit.,The corpus named the dichotomy; the model processed that naming; the measurement recorded the processing; a human interprets the record.,"The corpus named the dichotomy wet / dry; the model processed that naming; the measurement recorded, at layer 15, excluded_t(humid) = 0.2182; a human interprets the record.",
cloth_wet_dry,control,scalar_collapse,wet / dry,15,excluded_perp_norm,soggy,0.89489,True,(b) cross-layer pole relation,False,Tokenization fixes the position; the unit of analysis is the residual representation carried at that position; it is read across layers 0 to output. The token is not the unit.,The corpus named the dichotomy; the model processed that naming; the measurement recorded the processing; a human interprets the record.,"The corpus named the dichotomy wet / dry; the model processed that naming; the measurement recorded, at layer 15, excluded_perp_norm(soggy) = 0.8949; a human interprets the record.",
cloth_wet_dry,control,scalar_collapse,wet / dry,15,excluded_t,soggy,0.125285,True,(b) cross-layer pole relation,False,Tokenization fixes the position; the unit of analysis is the residual representation carried at that position; it is read across layers 0 to output. The token is not the unit.,The corpus named the dichotomy; the model processed that naming; the measurement recorded the processing; a human interprets the record.,"The corpus named the dichotomy wet / dry; the model processed that naming; the measurement recorded, at layer 15, excluded_t(soggy) = 0.1253; a human interprets the record.",
cloth_wet_dry,control,scalar_collapse,wet / dry,15,remainder_ratio,excluded_set,0.863453,True,(b) cross-layer pole relation,False,Tokenization fixes the position; the unit of analysis is the residual representation carried at that position; it is read across layers 0 to output. The token is not the unit.,The corpus named the dichotomy; the model processed that naming; the measurement recorded the processing; a human interprets the record.,"The corpus named the dichotomy wet / dry; the model processed that naming; the measurement recorded, at layer 15, remainder_ratio(excluded_set) = 0.8635; a human interprets the record.",
cloth_wet_dry,control,scalar_collapse,wet / dry,16,cosine_AB_named,wet|dry,0.793263,True,(b) cross-layer pole relation,True,Tokenization fixes the position; the unit of analysis is the residual representation carried at that position; it is read across layers 0 to output. The token is not the unit.,The corpus named the dichotomy; the model processed that naming; the measurement recorded the processing; a human interprets the record.,"The corpus named the dichotomy wet / dry; the model processed that naming; the measurement recorded, at layer 16, cosine_AB_named(wet|dry) = 0.7933 (corroboration only); a human interprets the record.",
cloth_wet_dry,control,scalar_collapse,wet / dry,16,cosine_AB_carrier,wet|dry,0.862435,True,(b) cross-layer pole relation,True,Tokenization fixes the position; the unit of analysis is the residual representation carried at that position; it is read across layers 0 to output. The token is not the unit.,The corpus named the dichotomy; the model processed that naming; the measurement recorded the processing; a human interprets the record.,"The corpus named the dichotomy wet / dry; the model processed that naming; the measurement recorded, at layer 16, cosine_AB_carrier(wet|dry) = 0.8624 (corroboration only); a human interprets the record.",
cloth_wet_dry,control,scalar_collapse,wet / dry,16,midpoint_t,damp,0.131706,True,(a) seated-midpoint,True,Tokenization fixes the position; the unit of analysis is the residual representation carried at that position; it is read across layers 0 to output. The token is not the unit.,The corpus named the dichotomy; the model processed that naming; the measurement recorded the processing; a human interprets the record.,"The corpus named the dichotomy wet / dry; the model processed that naming; the measurement recorded, at layer 16, midpoint_t(damp) = 0.1317 (corroboration only); a human interprets the record.",
cloth_wet_dry,control,scalar_collapse,wet / dry,16,midpoint_perp_norm,damp,0.641667,True,(a) seated-midpoint,True,Tokenization fixes the position; the unit of analysis is the residual representation carried at that position; it is read across layers 0 to output. The token is not the unit.,The corpus named the dichotomy; the model processed that naming; the measurement recorded the processing; a human interprets the record.,"The corpus named the dichotomy wet / dry; the model processed that naming; the measurement recorded, at layer 16, midpoint_perp_norm(damp) = 0.6417 (corroboration only); a human interprets the record.",
cloth_wet_dry,control,scalar_collapse,wet / dry,16,cosine_midpoint_A,damp,0.946536,True,(a) seated-midpoint,True,Tokenization fixes the position; the unit of analysis is the residual representation carried at that position; it is read across layers 0 to output. The token is not the unit.,The corpus named the dichotomy; the model processed that naming; the measurement recorded the processing; a human interprets the record.,"The corpus named the dichotomy wet / dry; the model processed that naming; the measurement recorded, at layer 16, cosine_midpoint_A(damp) = 0.9465 (corroboration only); a human interprets the record.",
cloth_wet_dry,control,scalar_collapse,wet / dry,16,cosine_midpoint_B,damp,0.845394,True,(a) seated-midpoint,True,Tokenization fixes the position; the unit of analysis is the residual representation carried at that position; it is read across layers 0 to output. The token is not the unit.,The corpus named the dichotomy; the model processed that naming; the measurement recorded the processing; a human interprets the record.,"The corpus named the dichotomy wet / dry; the model processed that naming; the measurement recorded, at layer 16, cosine_midpoint_B(damp) = 0.8454 (corroboration only); a human interprets the record.",
cloth_wet_dry,control,scalar_collapse,wet / dry,16,excluded_perp_norm,moist,0.685723,True,(b) cross-layer pole relation,False,Tokenization fixes the position; the unit of analysis is the residual representation carried at that position; it is read across layers 0 to output. The token is not the unit.,The corpus named the dichotomy; the model processed that naming; the measurement recorded the processing; a human interprets the record.,"The corpus named the dichotomy wet / dry; the model processed that naming; the measurement recorded, at layer 16, excluded_perp_norm(moist) = 0.6857; a human interprets the record.",
cloth_wet_dry,control,scalar_collapse,wet / dry,16,excluded_t,moist,0.123534,True,(b) cross-layer pole relation,False,Tokenization fixes the position; the unit of analysis is the residual representation carried at that position; it is read across layers 0 to output. The token is not the unit.,The corpus named the dichotomy; the model processed that naming; the measurement recorded the processing; a human interprets the record.,"The corpus named the dichotomy wet / dry; the model processed that naming; the measurement recorded, at layer 16, excluded_t(moist) = 0.1235; a human interprets the record.",
cloth_wet_dry,control,scalar_collapse,wet / dry,16,excluded_perp_norm,humid,0.88907,True,(b) cross-layer pole relation,False,Tokenization fixes the position; the unit of analysis is the residual representation carried at that position; it is read across layers 0 to output. The token is not the unit.,The corpus named the dichotomy; the model processed that naming; the measurement recorded the processing; a human interprets the record.,"The corpus named the dichotomy wet / dry; the model processed that naming; the measurement recorded, at layer 16, excluded_perp_norm(humid) = 0.8891; a human interprets the record.",
cloth_wet_dry,control,scalar_collapse,wet / dry,16,excluded_t,humid,0.18554,True,(b) cross-layer pole relation,False,Tokenization fixes the position; the unit of analysis is the residual representation carried at that position; it is read across layers 0 to output. The token is not the unit.,The corpus named the dichotomy; the model processed that naming; the measurement recorded the processing; a human interprets the record.,"The corpus named the dichotomy wet / dry; the model processed that naming; the measurement recorded, at layer 16, excluded_t(humid) = 0.1855; a human interprets the record.",
cloth_wet_dry,control,scalar_collapse,wet / dry,16,excluded_perp_norm,soggy,0.839352,True,(b) cross-layer pole relation,False,Tokenization fixes the position; the unit of analysis is the residual representation carried at that position; it is read across layers 0 to output. The token is not the unit.,The corpus named the dichotomy; the model processed that naming; the measurement recorded the processing; a human interprets the record.,"The corpus named the dichotomy wet / dry; the model processed that naming; the measurement recorded, at layer 16, excluded_perp_norm(soggy) = 0.8394; a human interprets the record.",
cloth_wet_dry,control,scalar_collapse,wet / dry,16,excluded_t,soggy,0.076983,True,(b) cross-layer pole relation,False,Tokenization fixes the position; the unit of analysis is the residual representation carried at that position; it is read across layers 0 to output. The token is not the unit.,The corpus named the dichotomy; the model processed that naming; the measurement recorded the processing; a human interprets the record.,"The corpus named the dichotomy wet / dry; the model processed that naming; the measurement recorded, at layer 16, excluded_t(soggy) = 0.0770; a human interprets the record.",
cloth_wet_dry,control,scalar_collapse,wet / dry,16,remainder_ratio,excluded_set,0.804715,True,(b) cross-layer pole relation,False,Tokenization fixes the position; the unit of analysis is the residual representation carried at that position; it is read across layers 0 to output. The token is not the unit.,The corpus named the dichotomy; the model processed that naming; the measurement recorded the processing; a human interprets the record.,"The corpus named the dichotomy wet / dry; the model processed that naming; the measurement recorded, at layer 16, remainder_ratio(excluded_set) = 0.8047; a human interprets the record.",
cloth_wet_dry,control,scalar_collapse,wet / dry,17,cosine_AB_named,wet|dry,0.811199,True,(b) cross-layer pole relation,True,Tokenization fixes the position; the unit of analysis is the residual representation carried at that position; it is read across layers 0 to output. The token is not the unit.,The corpus named the dichotomy; the model processed that naming; the measurement recorded the processing; a human interprets the record.,"The corpus named the dichotomy wet / dry; the model processed that naming; the measurement recorded, at layer 17, cosine_AB_named(wet|dry) = 0.8112 (corroboration only); a human interprets the record.",
cloth_wet_dry,control,scalar_collapse,wet / dry,17,cosine_AB_carrier,wet|dry,0.853312,True,(b) cross-layer pole relation,True,Tokenization fixes the position; the unit of analysis is the residual representation carried at that position; it is read across layers 0 to output. The token is not the unit.,The corpus named the dichotomy; the model processed that naming; the measurement recorded the processing; a human interprets the record.,"The corpus named the dichotomy wet / dry; the model processed that naming; the measurement recorded, at layer 17, cosine_AB_carrier(wet|dry) = 0.8533 (corroboration only); a human interprets the record.",
cloth_wet_dry,control,scalar_collapse,wet / dry,17,midpoint_t,damp,0.147522,True,(a) seated-midpoint,True,Tokenization fixes the position; the unit of analysis is the residual representation carried at that position; it is read across layers 0 to output. The token is not the unit.,The corpus named the dichotomy; the model processed that naming; the measurement recorded the processing; a human interprets the record.,"The corpus named the dichotomy wet / dry; the model processed that naming; the measurement recorded, at layer 17, midpoint_t(damp) = 0.1475 (corroboration only); a human interprets the record.",
cloth_wet_dry,control,scalar_collapse,wet / dry,17,midpoint_perp_norm,damp,0.654184,True,(a) seated-midpoint,True,Tokenization fixes the position; the unit of analysis is the residual representation carried at that position; it is read across layers 0 to output. The token is not the unit.,The corpus named the dichotomy; the model processed that naming; the measurement recorded the processing; a human interprets the record.,"The corpus named the dichotomy wet / dry; the model processed that naming; the measurement recorded, at layer 17, midpoint_perp_norm(damp) = 0.6542 (corroboration only); a human interprets the record.",
cloth_wet_dry,control,scalar_collapse,wet / dry,17,cosine_midpoint_A,damp,0.939459,True,(a) seated-midpoint,True,Tokenization fixes the position; the unit of analysis is the residual representation carried at that position; it is read across layers 0 to output. The token is not the unit.,The corpus named the dichotomy; the model processed that naming; the measurement recorded the processing; a human interprets the record.,"The corpus named the dichotomy wet / dry; the model processed that naming; the measurement recorded, at layer 17, cosine_midpoint_A(damp) = 0.9395 (corroboration only); a human interprets the record.",
cloth_wet_dry,control,scalar_collapse,wet / dry,17,cosine_midpoint_B,damp,0.834727,True,(a) seated-midpoint,True,Tokenization fixes the position; the unit of analysis is the residual representation carried at that position; it is read across layers 0 to output. The token is not the unit.,The corpus named the dichotomy; the model processed that naming; the measurement recorded the processing; a human interprets the record.,"The corpus named the dichotomy wet / dry; the model processed that naming; the measurement recorded, at layer 17, cosine_midpoint_B(damp) = 0.8347 (corroboration only); a human interprets the record.",
cloth_wet_dry,control,scalar_collapse,wet / dry,17,excluded_perp_norm,moist,0.671552,True,(b) cross-layer pole relation,False,Tokenization fixes the position; the unit of analysis is the residual representation carried at that position; it is read across layers 0 to output. The token is not the unit.,The corpus named the dichotomy; the model processed that naming; the measurement recorded the processing; a human interprets the record.,"The corpus named the dichotomy wet / dry; the model processed that naming; the measurement recorded, at layer 17, excluded_perp_norm(moist) = 0.6716; a human interprets the record.",
cloth_wet_dry,control,scalar_collapse,wet / dry,17,excluded_t,moist,0.115317,True,(b) cross-layer pole relation,False,Tokenization fixes the position; the unit of analysis is the residual representation carried at that position; it is read across layers 0 to output. The token is not the unit.,The corpus named the dichotomy; the model processed that naming; the measurement recorded the processing; a human interprets the record.,"The corpus named the dichotomy wet / dry; the model processed that naming; the measurement recorded, at layer 17, excluded_t(moist) = 0.1153; a human interprets the record.",
cloth_wet_dry,control,scalar_collapse,wet / dry,17,excluded_perp_norm,humid,0.864405,True,(b) cross-layer pole relation,False,Tokenization fixes the position; the unit of analysis is the residual representation carried at that position; it is read across layers 0 to output. The token is not the unit.,The corpus named the dichotomy; the model processed that naming; the measurement recorded the processing; a human interprets the record.,"The corpus named the dichotomy wet / dry; the model processed that naming; the measurement recorded, at layer 17, excluded_perp_norm(humid) = 0.8644; a human interprets the record.",
cloth_wet_dry,control,scalar_collapse,wet / dry,17,excluded_t,humid,0.160863,True,(b) cross-layer pole relation,False,Tokenization fixes the position; the unit of analysis is the residual representation carried at that position; it is read across layers 0 to output. The token is not the unit.,The corpus named the dichotomy; the model processed that naming; the measurement recorded the processing; a human interprets the record.,"The corpus named the dichotomy wet / dry; the model processed that naming; the measurement recorded, at layer 17, excluded_t(humid) = 0.1609; a human interprets the record.",
cloth_wet_dry,control,scalar_collapse,wet / dry,17,excluded_perp_norm,soggy,0.8114,True,(b) cross-layer pole relation,False,Tokenization fixes the position; the unit of analysis is the residual representation carried at that position; it is read across layers 0 to output. The token is not the unit.,The corpus named the dichotomy; the model processed that naming; the measurement recorded the processing; a human interprets the record.,"The corpus named the dichotomy wet / dry; the model processed that naming; the measurement recorded, at layer 17, excluded_perp_norm(soggy) = 0.8114; a human interprets the record.",
cloth_wet_dry,control,scalar_collapse,wet / dry,17,excluded_t,soggy,0.083369,True,(b) cross-layer pole relation,False,Tokenization fixes the position; the unit of analysis is the residual representation carried at that position; it is read across layers 0 to output. The token is not the unit.,The corpus named the dichotomy; the model processed that naming; the measurement recorded the processing; a human interprets the record.,"The corpus named the dichotomy wet / dry; the model processed that naming; the measurement recorded, at layer 17, excluded_t(soggy) = 0.0834; a human interprets the record.",
cloth_wet_dry,control,scalar_collapse,wet / dry,17,remainder_ratio,excluded_set,0.782452,True,(b) cross-layer pole relation,False,Tokenization fixes the position; the unit of analysis is the residual representation carried at that position; it is read across layers 0 to output. The token is not the unit.,The corpus named the dichotomy; the model processed that naming; the measurement recorded the processing; a human interprets the record.,"The corpus named the dichotomy wet / dry; the model processed that naming; the measurement recorded, at layer 17, remainder_ratio(excluded_set) = 0.7825; a human interprets the record.",
cloth_wet_dry,control,scalar_collapse,wet / dry,18,cosine_AB_named,wet|dry,0.814079,True,(b) cross-layer pole relation,True,Tokenization fixes the position; the unit of analysis is the residual representation carried at that position; it is read across layers 0 to output. The token is not the unit.,The corpus named the dichotomy; the model processed that naming; the measurement recorded the processing; a human interprets the record.,"The corpus named the dichotomy wet / dry; the model processed that naming; the measurement recorded, at layer 18, cosine_AB_named(wet|dry) = 0.8141 (corroboration only); a human interprets the record.",
cloth_wet_dry,control,scalar_collapse,wet / dry,18,cosine_AB_carrier,wet|dry,0.849445,True,(b) cross-layer pole relation,True,Tokenization fixes the position; the unit of analysis is the residual representation carried at that position; it is read across layers 0 to output. The token is not the unit.,The corpus named the dichotomy; the model processed that naming; the measurement recorded the processing; a human interprets the record.,"The corpus named the dichotomy wet / dry; the model processed that naming; the measurement recorded, at layer 18, cosine_AB_carrier(wet|dry) = 0.8494 (corroboration only); a human interprets the record.",
cloth_wet_dry,control,scalar_collapse,wet / dry,18,midpoint_t,damp,0.109137,True,(a) seated-midpoint,True,Tokenization fixes the position; the unit of analysis is the residual representation carried at that position; it is read across layers 0 to output. The token is not the unit.,The corpus named the dichotomy; the model processed that naming; the measurement recorded the processing; a human interprets the record.,"The corpus named the dichotomy wet / dry; the model processed that naming; the measurement recorded, at layer 18, midpoint_t(damp) = 0.1091 (corroboration only); a human interprets the record.",
cloth_wet_dry,control,scalar_collapse,wet / dry,18,midpoint_perp_norm,damp,0.685677,True,(a) seated-midpoint,True,Tokenization fixes the position; the unit of analysis is the residual representation carried at that position; it is read across layers 0 to output. The token is not the unit.,The corpus named the dichotomy; the model processed that naming; the measurement recorded the processing; a human interprets the record.,"The corpus named the dichotomy wet / dry; the model processed that naming; the measurement recorded, at layer 18, midpoint_perp_norm(damp) = 0.6857 (corroboration only); a human interprets the record.",
cloth_wet_dry,control,scalar_collapse,wet / dry,18,cosine_midpoint_A,damp,0.931246,True,(a) seated-midpoint,True,Tokenization fixes the position; the unit of analysis is the residual representation carried at that position; it is read across layers 0 to output. The token is not the unit.,The corpus named the dichotomy; the model processed that naming; the measurement recorded the processing; a human interprets the record.,"The corpus named the dichotomy wet / dry; the model processed that naming; the measurement recorded, at layer 18, cosine_midpoint_A(damp) = 0.9312 (corroboration only); a human interprets the record.",
cloth_wet_dry,control,scalar_collapse,wet / dry,18,cosine_midpoint_B,damp,0.811866,True,(a) seated-midpoint,True,Tokenization fixes the position; the unit of analysis is the residual representation carried at that position; it is read across layers 0 to output. The token is not the unit.,The corpus named the dichotomy; the model processed that naming; the measurement recorded the processing; a human interprets the record.,"The corpus named the dichotomy wet / dry; the model processed that naming; the measurement recorded, at layer 18, cosine_midpoint_B(damp) = 0.8119 (corroboration only); a human interprets the record.",
cloth_wet_dry,control,scalar_collapse,wet / dry,18,excluded_perp_norm,moist,0.685432,True,(b) cross-layer pole relation,False,Tokenization fixes the position; the unit of analysis is the residual representation carried at that position; it is read across layers 0 to output. The token is not the unit.,The corpus named the dichotomy; the model processed that naming; the measurement recorded the processing; a human interprets the record.,"The corpus named the dichotomy wet / dry; the model processed that naming; the measurement recorded, at layer 18, excluded_perp_norm(moist) = 0.6854; a human interprets the record.",
cloth_wet_dry,control,scalar_collapse,wet / dry,18,excluded_t,moist,0.077757,True,(b) cross-layer pole relation,False,Tokenization fixes the position; the unit of analysis is the residual representation carried at that position; it is read across layers 0 to output. The token is not the unit.,The corpus named the dichotomy; the model processed that naming; the measurement recorded the processing; a human interprets the record.,"The corpus named the dichotomy wet / dry; the model processed that naming; the measurement recorded, at layer 18, excluded_t(moist) = 0.0778; a human interprets the record.",
cloth_wet_dry,control,scalar_collapse,wet / dry,18,excluded_perp_norm,humid,0.909816,True,(b) cross-layer pole relation,False,Tokenization fixes the position; the unit of analysis is the residual representation carried at that position; it is read across layers 0 to output. The token is not the unit.,The corpus named the dichotomy; the model processed that naming; the measurement recorded the processing; a human interprets the record.,"The corpus named the dichotomy wet / dry; the model processed that naming; the measurement recorded, at layer 18, excluded_perp_norm(humid) = 0.9098; a human interprets the record.",
cloth_wet_dry,control,scalar_collapse,wet / dry,18,excluded_t,humid,0.11363,True,(b) cross-layer pole relation,False,Tokenization fixes the position; the unit of analysis is the residual representation carried at that position; it is read across layers 0 to output. The token is not the unit.,The corpus named the dichotomy; the model processed that naming; the measurement recorded the processing; a human interprets the record.,"The corpus named the dichotomy wet / dry; the model processed that naming; the measurement recorded, at layer 18, excluded_t(humid) = 0.1136; a human interprets the record.",
cloth_wet_dry,control,scalar_collapse,wet / dry,18,excluded_perp_norm,soggy,0.863892,True,(b) cross-layer pole relation,False,Tokenization fixes the position; the unit of analysis is the residual representation carried at that position; it is read across layers 0 to output. The token is not the unit.,The corpus named the dichotomy; the model processed that naming; the measurement recorded the processing; a human interprets the record.,"The corpus named the dichotomy wet / dry; the model processed that naming; the measurement recorded, at layer 18, excluded_perp_norm(soggy) = 0.8639; a human interprets the record.",
cloth_wet_dry,control,scalar_collapse,wet / dry,18,excluded_t,soggy,0.005718,True,(b) cross-layer pole relation,False,Tokenization fixes the position; the unit of analysis is the residual representation carried at that position; it is read across layers 0 to output. The token is not the unit.,The corpus named the dichotomy; the model processed that naming; the measurement recorded the processing; a human interprets the record.,"The corpus named the dichotomy wet / dry; the model processed that naming; the measurement recorded, at layer 18, excluded_t(soggy) = 0.0057; a human interprets the record.",
cloth_wet_dry,control,scalar_collapse,wet / dry,18,remainder_ratio,excluded_set,0.819713,True,(b) cross-layer pole relation,False,Tokenization fixes the position; the unit of analysis is the residual representation carried at that position; it is read across layers 0 to output. The token is not the unit.,The corpus named the dichotomy; the model processed that naming; the measurement recorded the processing; a human interprets the record.,"The corpus named the dichotomy wet / dry; the model processed that naming; the measurement recorded, at layer 18, remainder_ratio(excluded_set) = 0.8197; a human interprets the record.",
cloth_wet_dry,control,scalar_collapse,wet / dry,19,cosine_AB_named,wet|dry,0.783476,True,(b) cross-layer pole relation,True,Tokenization fixes the position; the unit of analysis is the residual representation carried at that position; it is read across layers 0 to output. The token is not the unit.,The corpus named the dichotomy; the model processed that naming; the measurement recorded the processing; a human interprets the record.,"The corpus named the dichotomy wet / dry; the model processed that naming; the measurement recorded, at layer 19, cosine_AB_named(wet|dry) = 0.7835 (corroboration only); a human interprets the record.",
cloth_wet_dry,control,scalar_collapse,wet / dry,19,cosine_AB_carrier,wet|dry,0.826525,True,(b) cross-layer pole relation,True,Tokenization fixes the position; the unit of analysis is the residual representation carried at that position; it is read across layers 0 to output. The token is not the unit.,The corpus named the dichotomy; the model processed that naming; the measurement recorded the processing; a human interprets the record.,"The corpus named the dichotomy wet / dry; the model processed that naming; the measurement recorded, at layer 19, cosine_AB_carrier(wet|dry) = 0.8265 (corroboration only); a human interprets the record.",
cloth_wet_dry,control,scalar_collapse,wet / dry,19,midpoint_t,damp,0.141158,True,(a) seated-midpoint,True,Tokenization fixes the position; the unit of analysis is the residual representation carried at that position; it is read across layers 0 to output. The token is not the unit.,The corpus named the dichotomy; the model processed that naming; the measurement recorded the processing; a human interprets the record.,"The corpus named the dichotomy wet / dry; the model processed that naming; the measurement recorded, at layer 19, midpoint_t(damp) = 0.1412 (corroboration only); a human interprets the record.",
cloth_wet_dry,control,scalar_collapse,wet / dry,19,midpoint_perp_norm,damp,0.65506,True,(a) seated-midpoint,True,Tokenization fixes the position; the unit of analysis is the residual representation carried at that position; it is read across layers 0 to output. The token is not the unit.,The corpus named the dichotomy; the model processed that naming; the measurement recorded the processing; a human interprets the record.,"The corpus named the dichotomy wet / dry; the model processed that naming; the measurement recorded, at layer 19, midpoint_perp_norm(damp) = 0.6551 (corroboration only); a human interprets the record.",
cloth_wet_dry,control,scalar_collapse,wet / dry,19,cosine_midpoint_A,damp,0.927513,True,(a) seated-midpoint,True,Tokenization fixes the position; the unit of analysis is the residual representation carried at that position; it is read across layers 0 to output. The token is not the unit.,The corpus named the dichotomy; the model processed that naming; the measurement recorded the processing; a human interprets the record.,"The corpus named the dichotomy wet / dry; the model processed that naming; the measurement recorded, at layer 19, cosine_midpoint_A(damp) = 0.9275 (corroboration only); a human interprets the record.",
cloth_wet_dry,control,scalar_collapse,wet / dry,19,cosine_midpoint_B,damp,0.796854,True,(a) seated-midpoint,True,Tokenization fixes the position; the unit of analysis is the residual representation carried at that position; it is read across layers 0 to output. The token is not the unit.,The corpus named the dichotomy; the model processed that naming; the measurement recorded the processing; a human interprets the record.,"The corpus named the dichotomy wet / dry; the model processed that naming; the measurement recorded, at layer 19, cosine_midpoint_B(damp) = 0.7969 (corroboration only); a human interprets the record.",
cloth_wet_dry,control,scalar_collapse,wet / dry,19,excluded_perp_norm,moist,0.687511,True,(b) cross-layer pole relation,False,Tokenization fixes the position; the unit of analysis is the residual representation carried at that position; it is read across layers 0 to output. The token is not the unit.,The corpus named the dichotomy; the model processed that naming; the measurement recorded the processing; a human interprets the record.,"The corpus named the dichotomy wet / dry; the model processed that naming; the measurement recorded, at layer 19, excluded_perp_norm(moist) = 0.6875; a human interprets the record.",
cloth_wet_dry,control,scalar_collapse,wet / dry,19,excluded_t,moist,0.103751,True,(b) cross-layer pole relation,False,Tokenization fixes the position; the unit of analysis is the residual representation carried at that position; it is read across layers 0 to output. The token is not the unit.,The corpus named the dichotomy; the model processed that naming; the measurement recorded the processing; a human interprets the record.,"The corpus named the dichotomy wet / dry; the model processed that naming; the measurement recorded, at layer 19, excluded_t(moist) = 0.1038; a human interprets the record.",
cloth_wet_dry,control,scalar_collapse,wet / dry,19,excluded_perp_norm,humid,0.856471,True,(b) cross-layer pole relation,False,Tokenization fixes the position; the unit of analysis is the residual representation carried at that position; it is read across layers 0 to output. The token is not the unit.,The corpus named the dichotomy; the model processed that naming; the measurement recorded the processing; a human interprets the record.,"The corpus named the dichotomy wet / dry; the model processed that naming; the measurement recorded, at layer 19, excluded_perp_norm(humid) = 0.8565; a human interprets the record.",
cloth_wet_dry,control,scalar_collapse,wet / dry,19,excluded_t,humid,0.162182,True,(b) cross-layer pole relation,False,Tokenization fixes the position; the unit of analysis is the residual representation carried at that position; it is read across layers 0 to output. The token is not the unit.,The corpus named the dichotomy; the model processed that naming; the measurement recorded the processing; a human interprets the record.,"The corpus named the dichotomy wet / dry; the model processed that naming; the measurement recorded, at layer 19, excluded_t(humid) = 0.1622; a human interprets the record.",
cloth_wet_dry,control,scalar_collapse,wet / dry,19,excluded_perp_norm,soggy,0.837111,True,(b) cross-layer pole relation,False,Tokenization fixes the position; the unit of analysis is the residual representation carried at that position; it is read across layers 0 to output. The token is not the unit.,The corpus named the dichotomy; the model processed that naming; the measurement recorded the processing; a human interprets the record.,"The corpus named the dichotomy wet / dry; the model processed that naming; the measurement recorded, at layer 19, excluded_perp_norm(soggy) = 0.8371; a human interprets the record.",
cloth_wet_dry,control,scalar_collapse,wet / dry,19,excluded_t,soggy,0.07944,True,(b) cross-layer pole relation,False,Tokenization fixes the position; the unit of analysis is the residual representation carried at that position; it is read across layers 0 to output. The token is not the unit.,The corpus named the dichotomy; the model processed that naming; the measurement recorded the processing; a human interprets the record.,"The corpus named the dichotomy wet / dry; the model processed that naming; the measurement recorded, at layer 19, excluded_t(soggy) = 0.0794; a human interprets the record.",
cloth_wet_dry,control,scalar_collapse,wet / dry,19,remainder_ratio,excluded_set,0.793698,True,(b) cross-layer pole relation,False,Tokenization fixes the position; the unit of analysis is the residual representation carried at that position; it is read across layers 0 to output. The token is not the unit.,The corpus named the dichotomy; the model processed that naming; the measurement recorded the processing; a human interprets the record.,"The corpus named the dichotomy wet / dry; the model processed that naming; the measurement recorded, at layer 19, remainder_ratio(excluded_set) = 0.7937; a human interprets the record.",
cloth_wet_dry,control,scalar_collapse,wet / dry,20,cosine_AB_named,wet|dry,0.784247,True,(b) cross-layer pole relation,True,Tokenization fixes the position; the unit of analysis is the residual representation carried at that position; it is read across layers 0 to output. The token is not the unit.,The corpus named the dichotomy; the model processed that naming; the measurement recorded the processing; a human interprets the record.,"The corpus named the dichotomy wet / dry; the model processed that naming; the measurement recorded, at layer 20, cosine_AB_named(wet|dry) = 0.7842 (corroboration only); a human interprets the record.",
cloth_wet_dry,control,scalar_collapse,wet / dry,20,cosine_AB_carrier,wet|dry,0.824323,True,(b) cross-layer pole relation,True,Tokenization fixes the position; the unit of analysis is the residual representation carried at that position; it is read across layers 0 to output. The token is not the unit.,The corpus named the dichotomy; the model processed that naming; the measurement recorded the processing; a human interprets the record.,"The corpus named the dichotomy wet / dry; the model processed that naming; the measurement recorded, at layer 20, cosine_AB_carrier(wet|dry) = 0.8243 (corroboration only); a human interprets the record.",
cloth_wet_dry,control,scalar_collapse,wet / dry,20,midpoint_t,damp,0.146846,True,(a) seated-midpoint,True,Tokenization fixes the position; the unit of analysis is the residual representation carried at that position; it is read across layers 0 to output. The token is not the unit.,The corpus named the dichotomy; the model processed that naming; the measurement recorded the processing; a human interprets the record.,"The corpus named the dichotomy wet / dry; the model processed that naming; the measurement recorded, at layer 20, midpoint_t(damp) = 0.1468 (corroboration only); a human interprets the record.",
cloth_wet_dry,control,scalar_collapse,wet / dry,20,midpoint_perp_norm,damp,0.643422,True,(a) seated-midpoint,True,Tokenization fixes the position; the unit of analysis is the residual representation carried at that position; it is read across layers 0 to output. The token is not the unit.,The corpus named the dichotomy; the model processed that naming; the measurement recorded the processing; a human interprets the record.,"The corpus named the dichotomy wet / dry; the model processed that naming; the measurement recorded, at layer 20, midpoint_perp_norm(damp) = 0.6434 (corroboration only); a human interprets the record.",
cloth_wet_dry,control,scalar_collapse,wet / dry,20,cosine_midpoint_A,damp,0.926593,True,(a) seated-midpoint,True,Tokenization fixes the position; the unit of analysis is the residual representation carried at that position; it is read across layers 0 to output. The token is not the unit.,The corpus named the dichotomy; the model processed that naming; the measurement recorded the processing; a human interprets the record.,"The corpus named the dichotomy wet / dry; the model processed that naming; the measurement recorded, at layer 20, cosine_midpoint_A(damp) = 0.9266 (corroboration only); a human interprets the record.",
cloth_wet_dry,control,scalar_collapse,wet / dry,20,cosine_midpoint_B,damp,0.795482,True,(a) seated-midpoint,True,Tokenization fixes the position; the unit of analysis is the residual representation carried at that position; it is read across layers 0 to output. The token is not the unit.,The corpus named the dichotomy; the model processed that naming; the measurement recorded the processing; a human interprets the record.,"The corpus named the dichotomy wet / dry; the model processed that naming; the measurement recorded, at layer 20, cosine_midpoint_B(damp) = 0.7955 (corroboration only); a human interprets the record.",
cloth_wet_dry,control,scalar_collapse,wet / dry,20,excluded_perp_norm,moist,0.676606,True,(b) cross-layer pole relation,False,Tokenization fixes the position; the unit of analysis is the residual representation carried at that position; it is read across layers 0 to output. The token is not the unit.,The corpus named the dichotomy; the model processed that naming; the measurement recorded the processing; a human interprets the record.,"The corpus named the dichotomy wet / dry; the model processed that naming; the measurement recorded, at layer 20, excluded_perp_norm(moist) = 0.6766; a human interprets the record.",
cloth_wet_dry,control,scalar_collapse,wet / dry,20,excluded_t,moist,0.115128,True,(b) cross-layer pole relation,False,Tokenization fixes the position; the unit of analysis is the residual representation carried at that position; it is read across layers 0 to output. The token is not the unit.,The corpus named the dichotomy; the model processed that naming; the measurement recorded the processing; a human interprets the record.,"The corpus named the dichotomy wet / dry; the model processed that naming; the measurement recorded, at layer 20, excluded_t(moist) = 0.1151; a human interprets the record.",
cloth_wet_dry,control,scalar_collapse,wet / dry,20,excluded_perp_norm,humid,0.833104,True,(b) cross-layer pole relation,False,Tokenization fixes the position; the unit of analysis is the residual representation carried at that position; it is read across layers 0 to output. The token is not the unit.,The corpus named the dichotomy; the model processed that naming; the measurement recorded the processing; a human interprets the record.,"The corpus named the dichotomy wet / dry; the model processed that naming; the measurement recorded, at layer 20, excluded_perp_norm(humid) = 0.8331; a human interprets the record.",
cloth_wet_dry,control,scalar_collapse,wet / dry,20,excluded_t,humid,0.173494,True,(b) cross-layer pole relation,False,Tokenization fixes the position; the unit of analysis is the residual representation carried at that position; it is read across layers 0 to output. The token is not the unit.,The corpus named the dichotomy; the model processed that naming; the measurement recorded the processing; a human interprets the record.,"The corpus named the dichotomy wet / dry; the model processed that naming; the measurement recorded, at layer 20, excluded_t(humid) = 0.1735; a human interprets the record.",
cloth_wet_dry,control,scalar_collapse,wet / dry,20,excluded_perp_norm,soggy,0.797957,True,(b) cross-layer pole relation,False,Tokenization fixes the position; the unit of analysis is the residual representation carried at that position; it is read across layers 0 to output. The token is not the unit.,The corpus named the dichotomy; the model processed that naming; the measurement recorded the processing; a human interprets the record.,"The corpus named the dichotomy wet / dry; the model processed that naming; the measurement recorded, at layer 20, excluded_perp_norm(soggy) = 0.7980; a human interprets the record.",
cloth_wet_dry,control,scalar_collapse,wet / dry,20,excluded_t,soggy,0.094911,True,(b) cross-layer pole relation,False,Tokenization fixes the position; the unit of analysis is the residual representation carried at that position; it is read across layers 0 to output. The token is not the unit.,The corpus named the dichotomy; the model processed that naming; the measurement recorded the processing; a human interprets the record.,"The corpus named the dichotomy wet / dry; the model processed that naming; the measurement recorded, at layer 20, excluded_t(soggy) = 0.0949; a human interprets the record.",
cloth_wet_dry,control,scalar_collapse,wet / dry,20,remainder_ratio,excluded_set,0.769222,True,(b) cross-layer pole relation,False,Tokenization fixes the position; the unit of analysis is the residual representation carried at that position; it is read across layers 0 to output. The token is not the unit.,The corpus named the dichotomy; the model processed that naming; the measurement recorded the processing; a human interprets the record.,"The corpus named the dichotomy wet / dry; the model processed that naming; the measurement recorded, at layer 20, remainder_ratio(excluded_set) = 0.7692; a human interprets the record.",
cloth_wet_dry,control,scalar_collapse,wet / dry,21,cosine_AB_named,wet|dry,0.790358,True,(b) cross-layer pole relation,True,Tokenization fixes the position; the unit of analysis is the residual representation carried at that position; it is read across layers 0 to output. The token is not the unit.,The corpus named the dichotomy; the model processed that naming; the measurement recorded the processing; a human interprets the record.,"The corpus named the dichotomy wet / dry; the model processed that naming; the measurement recorded, at layer 21, cosine_AB_named(wet|dry) = 0.7904 (corroboration only); a human interprets the record.",
cloth_wet_dry,control,scalar_collapse,wet / dry,21,cosine_AB_carrier,wet|dry,0.827213,True,(b) cross-layer pole relation,True,Tokenization fixes the position; the unit of analysis is the residual representation carried at that position; it is read across layers 0 to output. The token is not the unit.,The corpus named the dichotomy; the model processed that naming; the measurement recorded the processing; a human interprets the record.,"The corpus named the dichotomy wet / dry; the model processed that naming; the measurement recorded, at layer 21, cosine_AB_carrier(wet|dry) = 0.8272 (corroboration only); a human interprets the record.",
cloth_wet_dry,control,scalar_collapse,wet / dry,21,midpoint_t,damp,0.158372,True,(a) seated-midpoint,True,Tokenization fixes the position; the unit of analysis is the residual representation carried at that position; it is read across layers 0 to output. The token is not the unit.,The corpus named the dichotomy; the model processed that naming; the measurement recorded the processing; a human interprets the record.,"The corpus named the dichotomy wet / dry; the model processed that naming; the measurement recorded, at layer 21, midpoint_t(damp) = 0.1584 (corroboration only); a human interprets the record.",
cloth_wet_dry,control,scalar_collapse,wet / dry,21,midpoint_perp_norm,damp,0.687501,True,(a) seated-midpoint,True,Tokenization fixes the position; the unit of analysis is the residual representation carried at that position; it is read across layers 0 to output. The token is not the unit.,The corpus named the dichotomy; the model processed that naming; the measurement recorded the processing; a human interprets the record.,"The corpus named the dichotomy wet / dry; the model processed that naming; the measurement recorded, at layer 21, midpoint_perp_norm(damp) = 0.6875 (corroboration only); a human interprets the record.",
cloth_wet_dry,control,scalar_collapse,wet / dry,21,cosine_midpoint_A,damp,0.917765,True,(a) seated-midpoint,True,Tokenization fixes the position; the unit of analysis is the residual representation carried at that position; it is read across layers 0 to output. The token is not the unit.,The corpus named the dichotomy; the model processed that naming; the measurement recorded the processing; a human interprets the record.,"The corpus named the dichotomy wet / dry; the model processed that naming; the measurement recorded, at layer 21, cosine_midpoint_A(damp) = 0.9178 (corroboration only); a human interprets the record.",
cloth_wet_dry,control,scalar_collapse,wet / dry,21,cosine_midpoint_B,damp,0.79554,True,(a) seated-midpoint,True,Tokenization fixes the position; the unit of analysis is the residual representation carried at that position; it is read across layers 0 to output. The token is not the unit.,The corpus named the dichotomy; the model processed that naming; the measurement recorded the processing; a human interprets the record.,"The corpus named the dichotomy wet / dry; the model processed that naming; the measurement recorded, at layer 21, cosine_midpoint_B(damp) = 0.7955 (corroboration only); a human interprets the record.",
cloth_wet_dry,control,scalar_collapse,wet / dry,21,excluded_perp_norm,moist,0.707552,True,(b) cross-layer pole relation,False,Tokenization fixes the position; the unit of analysis is the residual representation carried at that position; it is read across layers 0 to output. The token is not the unit.,The corpus named the dichotomy; the model processed that naming; the measurement recorded the processing; a human interprets the record.,"The corpus named the dichotomy wet / dry; the model processed that naming; the measurement recorded, at layer 21, excluded_perp_norm(moist) = 0.7076; a human interprets the record.",
cloth_wet_dry,control,scalar_collapse,wet / dry,21,excluded_t,moist,0.131567,True,(b) cross-layer pole relation,False,Tokenization fixes the position; the unit of analysis is the residual representation carried at that position; it is read across layers 0 to output. The token is not the unit.,The corpus named the dichotomy; the model processed that naming; the measurement recorded the processing; a human interprets the record.,"The corpus named the dichotomy wet / dry; the model processed that naming; the measurement recorded, at layer 21, excluded_t(moist) = 0.1316; a human interprets the record.",
cloth_wet_dry,control,scalar_collapse,wet / dry,21,excluded_perp_norm,humid,0.83269,True,(b) cross-layer pole relation,False,Tokenization fixes the position; the unit of analysis is the residual representation carried at that position; it is read across layers 0 to output. The token is not the unit.,The corpus named the dichotomy; the model processed that naming; the measurement recorded the processing; a human interprets the record.,"The corpus named the dichotomy wet / dry; the model processed that naming; the measurement recorded, at layer 21, excluded_perp_norm(humid) = 0.8327; a human interprets the record.",
cloth_wet_dry,control,scalar_collapse,wet / dry,21,excluded_t,humid,0.190077,True,(b) cross-layer pole relation,False,Tokenization fixes the position; the unit of analysis is the residual representation carried at that position; it is read across layers 0 to output. The token is not the unit.,The corpus named the dichotomy; the model processed that naming; the measurement recorded the processing; a human interprets the record.,"The corpus named the dichotomy wet / dry; the model processed that naming; the measurement recorded, at layer 21, excluded_t(humid) = 0.1901; a human interprets the record.",
cloth_wet_dry,control,scalar_collapse,wet / dry,21,excluded_perp_norm,soggy,0.816613,True,(b) cross-layer pole relation,False,Tokenization fixes the position; the unit of analysis is the residual representation carried at that position; it is read across layers 0 to output. The token is not the unit.,The corpus named the dichotomy; the model processed that naming; the measurement recorded the processing; a human interprets the record.,"The corpus named the dichotomy wet / dry; the model processed that naming; the measurement recorded, at layer 21, excluded_perp_norm(soggy) = 0.8166; a human interprets the record.",
cloth_wet_dry,control,scalar_collapse,wet / dry,21,excluded_t,soggy,0.117591,True,(b) cross-layer pole relation,False,Tokenization fixes the position; the unit of analysis is the residual representation carried at that position; it is read across layers 0 to output. The token is not the unit.,The corpus named the dichotomy; the model processed that naming; the measurement recorded the processing; a human interprets the record.,"The corpus named the dichotomy wet / dry; the model processed that naming; the measurement recorded, at layer 21, excluded_t(soggy) = 0.1176; a human interprets the record.",
cloth_wet_dry,control,scalar_collapse,wet / dry,21,remainder_ratio,excluded_set,0.785618,True,(b) cross-layer pole relation,False,Tokenization fixes the position; the unit of analysis is the residual representation carried at that position; it is read across layers 0 to output. The token is not the unit.,The corpus named the dichotomy; the model processed that naming; the measurement recorded the processing; a human interprets the record.,"The corpus named the dichotomy wet / dry; the model processed that naming; the measurement recorded, at layer 21, remainder_ratio(excluded_set) = 0.7856; a human interprets the record.",
cloth_wet_dry,control,scalar_collapse,wet / dry,22,cosine_AB_named,wet|dry,0.804448,True,(b) cross-layer pole relation,True,Tokenization fixes the position; the unit of analysis is the residual representation carried at that position; it is read across layers 0 to output. The token is not the unit.,The corpus named the dichotomy; the model processed that naming; the measurement recorded the processing; a human interprets the record.,"The corpus named the dichotomy wet / dry; the model processed that naming; the measurement recorded, at layer 22, cosine_AB_named(wet|dry) = 0.8044 (corroboration only); a human interprets the record.",
cloth_wet_dry,control,scalar_collapse,wet / dry,22,cosine_AB_carrier,wet|dry,0.831843,True,(b) cross-layer pole relation,True,Tokenization fixes the position; the unit of analysis is the residual representation carried at that position; it is read across layers 0 to output. The token is not the unit.,The corpus named the dichotomy; the model processed that naming; the measurement recorded the processing; a human interprets the record.,"The corpus named the dichotomy wet / dry; the model processed that naming; the measurement recorded, at layer 22, cosine_AB_carrier(wet|dry) = 0.8318 (corroboration only); a human interprets the record.",
cloth_wet_dry,control,scalar_collapse,wet / dry,22,midpoint_t,damp,0.152614,True,(a) seated-midpoint,True,Tokenization fixes the position; the unit of analysis is the residual representation carried at that position; it is read across layers 0 to output. The token is not the unit.,The corpus named the dichotomy; the model processed that naming; the measurement recorded the processing; a human interprets the record.,"The corpus named the dichotomy wet / dry; the model processed that naming; the measurement recorded, at layer 22, midpoint_t(damp) = 0.1526 (corroboration only); a human interprets the record.",
cloth_wet_dry,control,scalar_collapse,wet / dry,22,midpoint_perp_norm,damp,0.674561,True,(a) seated-midpoint,True,Tokenization fixes the position; the unit of analysis is the residual representation carried at that position; it is read across layers 0 to output. The token is not the unit.,The corpus named the dichotomy; the model processed that naming; the measurement recorded the processing; a human interprets the record.,"The corpus named the dichotomy wet / dry; the model processed that naming; the measurement recorded, at layer 22, midpoint_perp_norm(damp) = 0.6746 (corroboration only); a human interprets the record.",
cloth_wet_dry,control,scalar_collapse,wet / dry,22,cosine_midpoint_A,damp,0.922967,True,(a) seated-midpoint,True,Tokenization fixes the position; the unit of analysis is the residual representation carried at that position; it is read across layers 0 to output. The token is not the unit.,The corpus named the dichotomy; the model processed that naming; the measurement recorded the processing; a human interprets the record.,"The corpus named the dichotomy wet / dry; the model processed that naming; the measurement recorded, at layer 22, cosine_midpoint_A(damp) = 0.9230 (corroboration only); a human interprets the record.",
cloth_wet_dry,control,scalar_collapse,wet / dry,22,cosine_midpoint_B,damp,0.804201,True,(a) seated-midpoint,True,Tokenization fixes the position; the unit of analysis is the residual representation carried at that position; it is read across layers 0 to output. The token is not the unit.,The corpus named the dichotomy; the model processed that naming; the measurement recorded the processing; a human interprets the record.,"The corpus named the dichotomy wet / dry; the model processed that naming; the measurement recorded, at layer 22, cosine_midpoint_B(damp) = 0.8042 (corroboration only); a human interprets the record.",
cloth_wet_dry,control,scalar_collapse,wet / dry,22,excluded_perp_norm,moist,0.691879,True,(b) cross-layer pole relation,False,Tokenization fixes the position; the unit of analysis is the residual representation carried at that position; it is read across layers 0 to output. The token is not the unit.,The corpus named the dichotomy; the model processed that naming; the measurement recorded the processing; a human interprets the record.,"The corpus named the dichotomy wet / dry; the model processed that naming; the measurement recorded, at layer 22, excluded_perp_norm(moist) = 0.6919; a human interprets the record.",
cloth_wet_dry,control,scalar_collapse,wet / dry,22,excluded_t,moist,0.13419,True,(b) cross-layer pole relation,False,Tokenization fixes the position; the unit of analysis is the residual representation carried at that position; it is read across layers 0 to output. The token is not the unit.,The corpus named the dichotomy; the model processed that naming; the measurement recorded the processing; a human interprets the record.,"The corpus named the dichotomy wet / dry; the model processed that naming; the measurement recorded, at layer 22, excluded_t(moist) = 0.1342; a human interprets the record.",
cloth_wet_dry,control,scalar_collapse,wet / dry,22,excluded_perp_norm,humid,0.815337,True,(b) cross-layer pole relation,False,Tokenization fixes the position; the unit of analysis is the residual representation carried at that position; it is read across layers 0 to output. The token is not the unit.,The corpus named the dichotomy; the model processed that naming; the measurement recorded the processing; a human interprets the record.,"The corpus named the dichotomy wet / dry; the model processed that naming; the measurement recorded, at layer 22, excluded_perp_norm(humid) = 0.8153; a human interprets the record.",
cloth_wet_dry,control,scalar_collapse,wet / dry,22,excluded_t,humid,0.190034,True,(b) cross-layer pole relation,False,Tokenization fixes the position; the unit of analysis is the residual representation carried at that position; it is read across layers 0 to output. The token is not the unit.,The corpus named the dichotomy; the model processed that naming; the measurement recorded the processing; a human interprets the record.,"The corpus named the dichotomy wet / dry; the model processed that naming; the measurement recorded, at layer 22, excluded_t(humid) = 0.1900; a human interprets the record.",
cloth_wet_dry,control,scalar_collapse,wet / dry,22,excluded_perp_norm,soggy,0.803935,True,(b) cross-layer pole relation,False,Tokenization fixes the position; the unit of analysis is the residual representation carried at that position; it is read across layers 0 to output. The token is not the unit.,The corpus named the dichotomy; the model processed that naming; the measurement recorded the processing; a human interprets the record.,"The corpus named the dichotomy wet / dry; the model processed that naming; the measurement recorded, at layer 22, excluded_perp_norm(soggy) = 0.8039; a human interprets the record.",
cloth_wet_dry,control,scalar_collapse,wet / dry,22,excluded_t,soggy,0.098695,True,(b) cross-layer pole relation,False,Tokenization fixes the position; the unit of analysis is the residual representation carried at that position; it is read across layers 0 to output. The token is not the unit.,The corpus named the dichotomy; the model processed that naming; the measurement recorded the processing; a human interprets the record.,"The corpus named the dichotomy wet / dry; the model processed that naming; the measurement recorded, at layer 22, excluded_t(soggy) = 0.0987; a human interprets the record.",
cloth_wet_dry,control,scalar_collapse,wet / dry,22,remainder_ratio,excluded_set,0.770383,True,(b) cross-layer pole relation,False,Tokenization fixes the position; the unit of analysis is the residual representation carried at that position; it is read across layers 0 to output. The token is not the unit.,The corpus named the dichotomy; the model processed that naming; the measurement recorded the processing; a human interprets the record.,"The corpus named the dichotomy wet / dry; the model processed that naming; the measurement recorded, at layer 22, remainder_ratio(excluded_set) = 0.7704; a human interprets the record.",
cloth_wet_dry,control,scalar_collapse,wet / dry,23,cosine_AB_named,wet|dry,0.820072,True,(b) cross-layer pole relation,True,Tokenization fixes the position; the unit of analysis is the residual representation carried at that position; it is read across layers 0 to output. The token is not the unit.,The corpus named the dichotomy; the model processed that naming; the measurement recorded the processing; a human interprets the record.,"The corpus named the dichotomy wet / dry; the model processed that naming; the measurement recorded, at layer 23, cosine_AB_named(wet|dry) = 0.8201 (corroboration only); a human interprets the record.",
cloth_wet_dry,control,scalar_collapse,wet / dry,23,cosine_AB_carrier,wet|dry,0.834898,True,(b) cross-layer pole relation,True,Tokenization fixes the position; the unit of analysis is the residual representation carried at that position; it is read across layers 0 to output. The token is not the unit.,The corpus named the dichotomy; the model processed that naming; the measurement recorded the processing; a human interprets the record.,"The corpus named the dichotomy wet / dry; the model processed that naming; the measurement recorded, at layer 23, cosine_AB_carrier(wet|dry) = 0.8349 (corroboration only); a human interprets the record.",
cloth_wet_dry,control,scalar_collapse,wet / dry,23,midpoint_t,damp,0.148942,True,(a) seated-midpoint,True,Tokenization fixes the position; the unit of analysis is the residual representation carried at that position; it is read across layers 0 to output. The token is not the unit.,The corpus named the dichotomy; the model processed that naming; the measurement recorded the processing; a human interprets the record.,"The corpus named the dichotomy wet / dry; the model processed that naming; the measurement recorded, at layer 23, midpoint_t(damp) = 0.1489 (corroboration only); a human interprets the record.",
cloth_wet_dry,control,scalar_collapse,wet / dry,23,midpoint_perp_norm,damp,0.661531,True,(a) seated-midpoint,True,Tokenization fixes the position; the unit of analysis is the residual representation carried at that position; it is read across layers 0 to output. The token is not the unit.,The corpus named the dichotomy; the model processed that naming; the measurement recorded the processing; a human interprets the record.,"The corpus named the dichotomy wet / dry; the model processed that naming; the measurement recorded, at layer 23, midpoint_perp_norm(damp) = 0.6615 (corroboration only); a human interprets the record.",
cloth_wet_dry,control,scalar_collapse,wet / dry,23,cosine_midpoint_A,damp,0.925172,True,(a) seated-midpoint,True,Tokenization fixes the position; the unit of analysis is the residual representation carried at that position; it is read across layers 0 to output. The token is not the unit.,The corpus named the dichotomy; the model processed that naming; the measurement recorded the processing; a human interprets the record.,"The corpus named the dichotomy wet / dry; the model processed that naming; the measurement recorded, at layer 23, cosine_midpoint_A(damp) = 0.9252 (corroboration only); a human interprets the record.",
cloth_wet_dry,control,scalar_collapse,wet / dry,23,cosine_midpoint_B,damp,0.80606,True,(a) seated-midpoint,True,Tokenization fixes the position; the unit of analysis is the residual representation carried at that position; it is read across layers 0 to output. The token is not the unit.,The corpus named the dichotomy; the model processed that naming; the measurement recorded the processing; a human interprets the record.,"The corpus named the dichotomy wet / dry; the model processed that naming; the measurement recorded, at layer 23, cosine_midpoint_B(damp) = 0.8061 (corroboration only); a human interprets the record.",
cloth_wet_dry,control,scalar_collapse,wet / dry,23,excluded_perp_norm,moist,0.670519,True,(b) cross-layer pole relation,False,Tokenization fixes the position; the unit of analysis is the residual representation carried at that position; it is read across layers 0 to output. The token is not the unit.,The corpus named the dichotomy; the model processed that naming; the measurement recorded the processing; a human interprets the record.,"The corpus named the dichotomy wet / dry; the model processed that naming; the measurement recorded, at layer 23, excluded_perp_norm(moist) = 0.6705; a human interprets the record.",
cloth_wet_dry,control,scalar_collapse,wet / dry,23,excluded_t,moist,0.127625,True,(b) cross-layer pole relation,False,Tokenization fixes the position; the unit of analysis is the residual representation carried at that position; it is read across layers 0 to output. The token is not the unit.,The corpus named the dichotomy; the model processed that naming; the measurement recorded the processing; a human interprets the record.,"The corpus named the dichotomy wet / dry; the model processed that naming; the measurement recorded, at layer 23, excluded_t(moist) = 0.1276; a human interprets the record.",
cloth_wet_dry,control,scalar_collapse,wet / dry,23,excluded_perp_norm,humid,0.796443,True,(b) cross-layer pole relation,False,Tokenization fixes the position; the unit of analysis is the residual representation carried at that position; it is read across layers 0 to output. The token is not the unit.,The corpus named the dichotomy; the model processed that naming; the measurement recorded the processing; a human interprets the record.,"The corpus named the dichotomy wet / dry; the model processed that naming; the measurement recorded, at layer 23, excluded_perp_norm(humid) = 0.7964; a human interprets the record.",
cloth_wet_dry,control,scalar_collapse,wet / dry,23,excluded_t,humid,0.201355,True,(b) cross-layer pole relation,False,Tokenization fixes the position; the unit of analysis is the residual representation carried at that position; it is read across layers 0 to output. The token is not the unit.,The corpus named the dichotomy; the model processed that naming; the measurement recorded the processing; a human interprets the record.,"The corpus named the dichotomy wet / dry; the model processed that naming; the measurement recorded, at layer 23, excluded_t(humid) = 0.2014; a human interprets the record.",
cloth_wet_dry,control,scalar_collapse,wet / dry,23,excluded_perp_norm,soggy,0.795273,True,(b) cross-layer pole relation,False,Tokenization fixes the position; the unit of analysis is the residual representation carried at that position; it is read across layers 0 to output. The token is not the unit.,The corpus named the dichotomy; the model processed that naming; the measurement recorded the processing; a human interprets the record.,"The corpus named the dichotomy wet / dry; the model processed that naming; the measurement recorded, at layer 23, excluded_perp_norm(soggy) = 0.7953; a human interprets the record.",
cloth_wet_dry,control,scalar_collapse,wet / dry,23,excluded_t,soggy,0.107792,True,(b) cross-layer pole relation,False,Tokenization fixes the position; the unit of analysis is the residual representation carried at that position; it is read across layers 0 to output. The token is not the unit.,The corpus named the dichotomy; the model processed that naming; the measurement recorded the processing; a human interprets the record.,"The corpus named the dichotomy wet / dry; the model processed that naming; the measurement recorded, at layer 23, excluded_t(soggy) = 0.1078; a human interprets the record.",
cloth_wet_dry,control,scalar_collapse,wet / dry,23,remainder_ratio,excluded_set,0.754078,True,(b) cross-layer pole relation,False,Tokenization fixes the position; the unit of analysis is the residual representation carried at that position; it is read across layers 0 to output. The token is not the unit.,The corpus named the dichotomy; the model processed that naming; the measurement recorded the processing; a human interprets the record.,"The corpus named the dichotomy wet / dry; the model processed that naming; the measurement recorded, at layer 23, remainder_ratio(excluded_set) = 0.7541; a human interprets the record.",
cloth_wet_dry,control,scalar_collapse,wet / dry,24,cosine_AB_named,wet|dry,0.827987,True,(b) cross-layer pole relation,True,Tokenization fixes the position; the unit of analysis is the residual representation carried at that position; it is read across layers 0 to output. The token is not the unit.,The corpus named the dichotomy; the model processed that naming; the measurement recorded the processing; a human interprets the record.,"The corpus named the dichotomy wet / dry; the model processed that naming; the measurement recorded, at layer 24, cosine_AB_named(wet|dry) = 0.8280 (corroboration only); a human interprets the record.",
cloth_wet_dry,control,scalar_collapse,wet / dry,24,cosine_AB_carrier,wet|dry,0.834678,True,(b) cross-layer pole relation,True,Tokenization fixes the position; the unit of analysis is the residual representation carried at that position; it is read across layers 0 to output. The token is not the unit.,The corpus named the dichotomy; the model processed that naming; the measurement recorded the processing; a human interprets the record.,"The corpus named the dichotomy wet / dry; the model processed that naming; the measurement recorded, at layer 24, cosine_AB_carrier(wet|dry) = 0.8347 (corroboration only); a human interprets the record.",
cloth_wet_dry,control,scalar_collapse,wet / dry,24,midpoint_t,damp,0.168476,True,(a) seated-midpoint,True,Tokenization fixes the position; the unit of analysis is the residual representation carried at that position; it is read across layers 0 to output. The token is not the unit.,The corpus named the dichotomy; the model processed that naming; the measurement recorded the processing; a human interprets the record.,"The corpus named the dichotomy wet / dry; the model processed that naming; the measurement recorded, at layer 24, midpoint_t(damp) = 0.1685 (corroboration only); a human interprets the record.",
cloth_wet_dry,control,scalar_collapse,wet / dry,24,midpoint_perp_norm,damp,0.660476,True,(a) seated-midpoint,True,Tokenization fixes the position; the unit of analysis is the residual representation carried at that position; it is read across layers 0 to output. The token is not the unit.,The corpus named the dichotomy; the model processed that naming; the measurement recorded the processing; a human interprets the record.,"The corpus named the dichotomy wet / dry; the model processed that naming; the measurement recorded, at layer 24, midpoint_perp_norm(damp) = 0.6605 (corroboration only); a human interprets the record.",
cloth_wet_dry,control,scalar_collapse,wet / dry,24,cosine_midpoint_A,damp,0.924536,True,(a) seated-midpoint,True,Tokenization fixes the position; the unit of analysis is the residual representation carried at that position; it is read across layers 0 to output. The token is not the unit.,The corpus named the dichotomy; the model processed that naming; the measurement recorded the processing; a human interprets the record.,"The corpus named the dichotomy wet / dry; the model processed that naming; the measurement recorded, at layer 24, cosine_midpoint_A(damp) = 0.9245 (corroboration only); a human interprets the record.",
cloth_wet_dry,control,scalar_collapse,wet / dry,24,cosine_midpoint_B,damp,0.808522,True,(a) seated-midpoint,True,Tokenization fixes the position; the unit of analysis is the residual representation carried at that position; it is read across layers 0 to output. The token is not the unit.,The corpus named the dichotomy; the model processed that naming; the measurement recorded the processing; a human interprets the record.,"The corpus named the dichotomy wet / dry; the model processed that naming; the measurement recorded, at layer 24, cosine_midpoint_B(damp) = 0.8085 (corroboration only); a human interprets the record.",
cloth_wet_dry,control,scalar_collapse,wet / dry,24,excluded_perp_norm,moist,0.661258,True,(b) cross-layer pole relation,False,Tokenization fixes the position; the unit of analysis is the residual representation carried at that position; it is read across layers 0 to output. The token is not the unit.,The corpus named the dichotomy; the model processed that naming; the measurement recorded the processing; a human interprets the record.,"The corpus named the dichotomy wet / dry; the model processed that naming; the measurement recorded, at layer 24, excluded_perp_norm(moist) = 0.6613; a human interprets the record.",
cloth_wet_dry,control,scalar_collapse,wet / dry,24,excluded_t,moist,0.134529,True,(b) cross-layer pole relation,False,Tokenization fixes the position; the unit of analysis is the residual representation carried at that position; it is read across layers 0 to output. The token is not the unit.,The corpus named the dichotomy; the model processed that naming; the measurement recorded the processing; a human interprets the record.,"The corpus named the dichotomy wet / dry; the model processed that naming; the measurement recorded, at layer 24, excluded_t(moist) = 0.1345; a human interprets the record.",
cloth_wet_dry,control,scalar_collapse,wet / dry,24,excluded_perp_norm,humid,0.776457,True,(b) cross-layer pole relation,False,Tokenization fixes the position; the unit of analysis is the residual representation carried at that position; it is read across layers 0 to output. The token is not the unit.,The corpus named the dichotomy; the model processed that naming; the measurement recorded the processing; a human interprets the record.,"The corpus named the dichotomy wet / dry; the model processed that naming; the measurement recorded, at layer 24, excluded_perp_norm(humid) = 0.7765; a human interprets the record.",
cloth_wet_dry,control,scalar_collapse,wet / dry,24,excluded_t,humid,0.195066,True,(b) cross-layer pole relation,False,Tokenization fixes the position; the unit of analysis is the residual representation carried at that position; it is read across layers 0 to output. The token is not the unit.,The corpus named the dichotomy; the model processed that naming; the measurement recorded the processing; a human interprets the record.,"The corpus named the dichotomy wet / dry; the model processed that naming; the measurement recorded, at layer 24, excluded_t(humid) = 0.1951; a human interprets the record.",
cloth_wet_dry,control,scalar_collapse,wet / dry,24,excluded_perp_norm,soggy,0.766695,True,(b) cross-layer pole relation,False,Tokenization fixes the position; the unit of analysis is the residual representation carried at that position; it is read across layers 0 to output. The token is not the unit.,The corpus named the dichotomy; the model processed that naming; the measurement recorded the processing; a human interprets the record.,"The corpus named the dichotomy wet / dry; the model processed that naming; the measurement recorded, at layer 24, excluded_perp_norm(soggy) = 0.7667; a human interprets the record.",
cloth_wet_dry,control,scalar_collapse,wet / dry,24,excluded_t,soggy,0.0979,True,(b) cross-layer pole relation,False,Tokenization fixes the position; the unit of analysis is the residual representation carried at that position; it is read across layers 0 to output. The token is not the unit.,The corpus named the dichotomy; the model processed that naming; the measurement recorded the processing; a human interprets the record.,"The corpus named the dichotomy wet / dry; the model processed that naming; the measurement recorded, at layer 24, excluded_t(soggy) = 0.0979; a human interprets the record.",
cloth_wet_dry,control,scalar_collapse,wet / dry,24,remainder_ratio,excluded_set,0.734803,True,(b) cross-layer pole relation,False,Tokenization fixes the position; the unit of analysis is the residual representation carried at that position; it is read across layers 0 to output. The token is not the unit.,The corpus named the dichotomy; the model processed that naming; the measurement recorded the processing; a human interprets the record.,"The corpus named the dichotomy wet / dry; the model processed that naming; the measurement recorded, at layer 24, remainder_ratio(excluded_set) = 0.7348; a human interprets the record.",
cloth_wet_dry,control,scalar_collapse,wet / dry,25,cosine_AB_named,wet|dry,0.829667,True,(b) cross-layer pole relation,True,Tokenization fixes the position; the unit of analysis is the residual representation carried at that position; it is read across layers 0 to output. The token is not the unit.,The corpus named the dichotomy; the model processed that naming; the measurement recorded the processing; a human interprets the record.,"The corpus named the dichotomy wet / dry; the model processed that naming; the measurement recorded, at layer 25, cosine_AB_named(wet|dry) = 0.8297 (corroboration only); a human interprets the record.",
cloth_wet_dry,control,scalar_collapse,wet / dry,25,cosine_AB_carrier,wet|dry,0.832818,True,(b) cross-layer pole relation,True,Tokenization fixes the position; the unit of analysis is the residual representation carried at that position; it is read across layers 0 to output. The token is not the unit.,The corpus named the dichotomy; the model processed that naming; the measurement recorded the processing; a human interprets the record.,"The corpus named the dichotomy wet / dry; the model processed that naming; the measurement recorded, at layer 25, cosine_AB_carrier(wet|dry) = 0.8328 (corroboration only); a human interprets the record.",
cloth_wet_dry,control,scalar_collapse,wet / dry,25,midpoint_t,damp,0.226844,True,(a) seated-midpoint,True,Tokenization fixes the position; the unit of analysis is the residual representation carried at that position; it is read across layers 0 to output. The token is not the unit.,The corpus named the dichotomy; the model processed that naming; the measurement recorded the processing; a human interprets the record.,"The corpus named the dichotomy wet / dry; the model processed that naming; the measurement recorded, at layer 25, midpoint_t(damp) = 0.2268 (corroboration only); a human interprets the record.",
cloth_wet_dry,control,scalar_collapse,wet / dry,25,midpoint_perp_norm,damp,0.647766,True,(a) seated-midpoint,True,Tokenization fixes the position; the unit of analysis is the residual representation carried at that position; it is read across layers 0 to output. The token is not the unit.,The corpus named the dichotomy; the model processed that naming; the measurement recorded the processing; a human interprets the record.,"The corpus named the dichotomy wet / dry; the model processed that naming; the measurement recorded, at layer 25, midpoint_perp_norm(damp) = 0.6478 (corroboration only); a human interprets the record.",
cloth_wet_dry,control,scalar_collapse,wet / dry,25,cosine_midpoint_A,damp,0.921378,True,(a) seated-midpoint,True,Tokenization fixes the position; the unit of analysis is the residual representation carried at that position; it is read across layers 0 to output. The token is not the unit.,The corpus named the dichotomy; the model processed that naming; the measurement recorded the processing; a human interprets the record.,"The corpus named the dichotomy wet / dry; the model processed that naming; the measurement recorded, at layer 25, cosine_midpoint_A(damp) = 0.9214 (corroboration only); a human interprets the record.",
cloth_wet_dry,control,scalar_collapse,wet / dry,25,cosine_midpoint_B,damp,0.822634,True,(a) seated-midpoint,True,Tokenization fixes the position; the unit of analysis is the residual representation carried at that position; it is read across layers 0 to output. The token is not the unit.,The corpus named the dichotomy; the model processed that naming; the measurement recorded the processing; a human interprets the record.,"The corpus named the dichotomy wet / dry; the model processed that naming; the measurement recorded, at layer 25, cosine_midpoint_B(damp) = 0.8226 (corroboration only); a human interprets the record.",
cloth_wet_dry,control,scalar_collapse,wet / dry,25,excluded_perp_norm,moist,0.67433,True,(b) cross-layer pole relation,False,Tokenization fixes the position; the unit of analysis is the residual representation carried at that position; it is read across layers 0 to output. The token is not the unit.,The corpus named the dichotomy; the model processed that naming; the measurement recorded the processing; a human interprets the record.,"The corpus named the dichotomy wet / dry; the model processed that naming; the measurement recorded, at layer 25, excluded_perp_norm(moist) = 0.6743; a human interprets the record.",
cloth_wet_dry,control,scalar_collapse,wet / dry,25,excluded_t,moist,0.175132,True,(b) cross-layer pole relation,False,Tokenization fixes the position; the unit of analysis is the residual representation carried at that position; it is read across layers 0 to output. The token is not the unit.,The corpus named the dichotomy; the model processed that naming; the measurement recorded the processing; a human interprets the record.,"The corpus named the dichotomy wet / dry; the model processed that naming; the measurement recorded, at layer 25, excluded_t(moist) = 0.1751; a human interprets the record.",
cloth_wet_dry,control,scalar_collapse,wet / dry,25,excluded_perp_norm,humid,0.772632,True,(b) cross-layer pole relation,False,Tokenization fixes the position; the unit of analysis is the residual representation carried at that position; it is read across layers 0 to output. The token is not the unit.,The corpus named the dichotomy; the model processed that naming; the measurement recorded the processing; a human interprets the record.,"The corpus named the dichotomy wet / dry; the model processed that naming; the measurement recorded, at layer 25, excluded_perp_norm(humid) = 0.7726; a human interprets the record.",
cloth_wet_dry,control,scalar_collapse,wet / dry,25,excluded_t,humid,0.240518,True,(b) cross-layer pole relation,False,Tokenization fixes the position; the unit of analysis is the residual representation carried at that position; it is read across layers 0 to output. The token is not the unit.,The corpus named the dichotomy; the model processed that naming; the measurement recorded the processing; a human interprets the record.,"The corpus named the dichotomy wet / dry; the model processed that naming; the measurement recorded, at layer 25, excluded_t(humid) = 0.2405; a human interprets the record.",
cloth_wet_dry,control,scalar_collapse,wet / dry,25,excluded_perp_norm,soggy,0.766741,True,(b) cross-layer pole relation,False,Tokenization fixes the position; the unit of analysis is the residual representation carried at that position; it is read across layers 0 to output. The token is not the unit.,The corpus named the dichotomy; the model processed that naming; the measurement recorded the processing; a human interprets the record.,"The corpus named the dichotomy wet / dry; the model processed that naming; the measurement recorded, at layer 25, excluded_perp_norm(soggy) = 0.7667; a human interprets the record.",
cloth_wet_dry,control,scalar_collapse,wet / dry,25,excluded_t,soggy,0.143471,True,(b) cross-layer pole relation,False,Tokenization fixes the position; the unit of analysis is the residual representation carried at that position; it is read across layers 0 to output. The token is not the unit.,The corpus named the dichotomy; the model processed that naming; the measurement recorded the processing; a human interprets the record.,"The corpus named the dichotomy wet / dry; the model processed that naming; the measurement recorded, at layer 25, excluded_t(soggy) = 0.1435; a human interprets the record.",
cloth_wet_dry,control,scalar_collapse,wet / dry,25,remainder_ratio,excluded_set,0.737901,True,(b) cross-layer pole relation,False,Tokenization fixes the position; the unit of analysis is the residual representation carried at that position; it is read across layers 0 to output. The token is not the unit.,The corpus named the dichotomy; the model processed that naming; the measurement recorded the processing; a human interprets the record.,"The corpus named the dichotomy wet / dry; the model processed that naming; the measurement recorded, at layer 25, remainder_ratio(excluded_set) = 0.7379; a human interprets the record.",
cloth_wet_dry,control,scalar_collapse,wet / dry,26,cosine_AB_named,wet|dry,0.781288,True,(b) cross-layer pole relation,True,Tokenization fixes the position; the unit of analysis is the residual representation carried at that position; it is read across layers 0 to output. The token is not the unit.,The corpus named the dichotomy; the model processed that naming; the measurement recorded the processing; a human interprets the record.,"The corpus named the dichotomy wet / dry; the model processed that naming; the measurement recorded, at layer 26, cosine_AB_named(wet|dry) = 0.7813 (corroboration only); a human interprets the record.",
cloth_wet_dry,control,scalar_collapse,wet / dry,26,cosine_AB_carrier,wet|dry,0.795878,True,(b) cross-layer pole relation,True,Tokenization fixes the position; the unit of analysis is the residual representation carried at that position; it is read across layers 0 to output. The token is not the unit.,The corpus named the dichotomy; the model processed that naming; the measurement recorded the processing; a human interprets the record.,"The corpus named the dichotomy wet / dry; the model processed that naming; the measurement recorded, at layer 26, cosine_AB_carrier(wet|dry) = 0.7959 (corroboration only); a human interprets the record.",
cloth_wet_dry,control,scalar_collapse,wet / dry,26,midpoint_t,damp,0.306458,True,(a) seated-midpoint,True,Tokenization fixes the position; the unit of analysis is the residual representation carried at that position; it is read across layers 0 to output. The token is not the unit.,The corpus named the dichotomy; the model processed that naming; the measurement recorded the processing; a human interprets the record.,"The corpus named the dichotomy wet / dry; the model processed that naming; the measurement recorded, at layer 26, midpoint_t(damp) = 0.3065 (corroboration only); a human interprets the record.",
cloth_wet_dry,control,scalar_collapse,wet / dry,26,midpoint_perp_norm,damp,0.682843,True,(a) seated-midpoint,True,Tokenization fixes the position; the unit of analysis is the residual representation carried at that position; it is read across layers 0 to output. The token is not the unit.,The corpus named the dichotomy; the model processed that naming; the measurement recorded the processing; a human interprets the record.,"The corpus named the dichotomy wet / dry; the model processed that naming; the measurement recorded, at layer 26, midpoint_perp_norm(damp) = 0.6828 (corroboration only); a human interprets the record.",
cloth_wet_dry,control,scalar_collapse,wet / dry,26,cosine_midpoint_A,damp,0.887786,True,(a) seated-midpoint,True,Tokenization fixes the position; the unit of analysis is the residual representation carried at that position; it is read across layers 0 to output. The token is not the unit.,The corpus named the dichotomy; the model processed that naming; the measurement recorded the processing; a human interprets the record.,"The corpus named the dichotomy wet / dry; the model processed that naming; the measurement recorded, at layer 26, cosine_midpoint_A(damp) = 0.8878 (corroboration only); a human interprets the record.",
cloth_wet_dry,control,scalar_collapse,wet / dry,26,cosine_midpoint_B,damp,0.802404,True,(a) seated-midpoint,True,Tokenization fixes the position; the unit of analysis is the residual representation carried at that position; it is read across layers 0 to output. The token is not the unit.,The corpus named the dichotomy; the model processed that naming; the measurement recorded the processing; a human interprets the record.,"The corpus named the dichotomy wet / dry; the model processed that naming; the measurement recorded, at layer 26, cosine_midpoint_B(damp) = 0.8024 (corroboration only); a human interprets the record.",
cloth_wet_dry,control,scalar_collapse,wet / dry,26,excluded_perp_norm,moist,0.727158,True,(b) cross-layer pole relation,False,Tokenization fixes the position; the unit of analysis is the residual representation carried at that position; it is read across layers 0 to output. The token is not the unit.,The corpus named the dichotomy; the model processed that naming; the measurement recorded the processing; a human interprets the record.,"The corpus named the dichotomy wet / dry; the model processed that naming; the measurement recorded, at layer 26, excluded_perp_norm(moist) = 0.7272; a human interprets the record.",
cloth_wet_dry,control,scalar_collapse,wet / dry,26,excluded_t,moist,0.183878,True,(b) cross-layer pole relation,False,Tokenization fixes the position; the unit of analysis is the residual representation carried at that position; it is read across layers 0 to output. The token is not the unit.,The corpus named the dichotomy; the model processed that naming; the measurement recorded the processing; a human interprets the record.,"The corpus named the dichotomy wet / dry; the model processed that naming; the measurement recorded, at layer 26, excluded_t(moist) = 0.1839; a human interprets the record.",
cloth_wet_dry,control,scalar_collapse,wet / dry,26,excluded_perp_norm,humid,0.9938,True,(b) cross-layer pole relation,False,Tokenization fixes the position; the unit of analysis is the residual representation carried at that position; it is read across layers 0 to output. The token is not the unit.,The corpus named the dichotomy; the model processed that naming; the measurement recorded the processing; a human interprets the record.,"The corpus named the dichotomy wet / dry; the model processed that naming; the measurement recorded, at layer 26, excluded_perp_norm(humid) = 0.9938; a human interprets the record.",
cloth_wet_dry,control,scalar_collapse,wet / dry,26,excluded_t,humid,0.337559,True,(b) cross-layer pole relation,False,Tokenization fixes the position; the unit of analysis is the residual representation carried at that position; it is read across layers 0 to output. The token is not the unit.,The corpus named the dichotomy; the model processed that naming; the measurement recorded the processing; a human interprets the record.,"The corpus named the dichotomy wet / dry; the model processed that naming; the measurement recorded, at layer 26, excluded_t(humid) = 0.3376; a human interprets the record.",
cloth_wet_dry,control,scalar_collapse,wet / dry,26,excluded_perp_norm,soggy,0.834506,True,(b) cross-layer pole relation,False,Tokenization fixes the position; the unit of analysis is the residual representation carried at that position; it is read across layers 0 to output. The token is not the unit.,The corpus named the dichotomy; the model processed that naming; the measurement recorded the processing; a human interprets the record.,"The corpus named the dichotomy wet / dry; the model processed that naming; the measurement recorded, at layer 26, excluded_perp_norm(soggy) = 0.8345; a human interprets the record.",
cloth_wet_dry,control,scalar_collapse,wet / dry,26,excluded_t,soggy,0.13988,True,(b) cross-layer pole relation,False,Tokenization fixes the position; the unit of analysis is the residual representation carried at that position; it is read across layers 0 to output. The token is not the unit.,The corpus named the dichotomy; the model processed that naming; the measurement recorded the processing; a human interprets the record.,"The corpus named the dichotomy wet / dry; the model processed that naming; the measurement recorded, at layer 26, excluded_t(soggy) = 0.1399; a human interprets the record.",
cloth_wet_dry,control,scalar_collapse,wet / dry,26,remainder_ratio,excluded_set,0.851821,True,(b) cross-layer pole relation,False,Tokenization fixes the position; the unit of analysis is the residual representation carried at that position; it is read across layers 0 to output. The token is not the unit.,The corpus named the dichotomy; the model processed that naming; the measurement recorded the processing; a human interprets the record.,"The corpus named the dichotomy wet / dry; the model processed that naming; the measurement recorded, at layer 26, remainder_ratio(excluded_set) = 0.8518; a human interprets the record.",
null_table_reason,null,null_pair,(none -- null pair by construction),0,cosine_AB_named,table|reason,,False,(b) cross-layer pole relation,True,Tokenization fixes the position; the unit of analysis is the residual representation carried at that position; it is read across layers 0 to output. The token is not the unit.,The corpus named the dichotomy; the model processed that naming; the measurement recorded the processing; a human interprets the record.,"The corpus named the dichotomy (none -- null pair by construction); the model processed that naming; the measurement recorded, at layer 0, cosine_AB_named(table|reason) is undefined here (corroboration only); a human interprets the record. [No dichotomy frame (null pair by construction).]",No dichotomy frame (null pair by construction).
null_table_reason,null,null_pair,(none -- null pair by construction),0,cosine_AB_carrier,table|reason,0.051367,True,(b) cross-layer pole relation,True,Tokenization fixes the position; the unit of analysis is the residual representation carried at that position; it is read across layers 0 to output. The token is not the unit.,The corpus named the dichotomy; the model processed that naming; the measurement recorded the processing; a human interprets the record.,"The corpus named the dichotomy (none -- null pair by construction); the model processed that naming; the measurement recorded, at layer 0, cosine_AB_carrier(table|reason) = 0.0514 (corroboration only); a human interprets the record.",
null_table_reason,null,null_pair,(none -- null pair by construction),0,midpoint_t,(none),,False,(a) seated-midpoint,True,Tokenization fixes the position; the unit of analysis is the residual representation carried at that position; it is read across layers 0 to output. The token is not the unit.,The corpus named the dichotomy; the model processed that naming; the measurement recorded the processing; a human interprets the record.,"The corpus named the dichotomy (none -- null pair by construction); the model processed that naming; the measurement recorded, at layer 0, midpoint_t((none)) is undefined here (corroboration only); a human interprets the record. [No single-token midpoint exists for this unit by construction.]",No single-token midpoint exists for this unit by construction.
null_table_reason,null,null_pair,(none -- null pair by construction),0,remainder_ratio,excluded_set,,False,(b) cross-layer pole relation,False,Tokenization fixes the position; the unit of analysis is the residual representation carried at that position; it is read across layers 0 to output. The token is not the unit.,The corpus named the dichotomy; the model processed that naming; the measurement recorded the processing; a human interprets the record.,"The corpus named the dichotomy (none -- null pair by construction); the model processed that naming; the measurement recorded, at layer 0, remainder_ratio(excluded_set) is undefined here; a human interprets the record. [No excluded-term set (null pair anchors the floor).]",No excluded-term set (null pair anchors the floor).
null_table_reason,null,null_pair,(none -- null pair by construction),1,cosine_AB_named,table|reason,,False,(b) cross-layer pole relation,True,Tokenization fixes the position; the unit of analysis is the residual representation carried at that position; it is read across layers 0 to output. The token is not the unit.,The corpus named the dichotomy; the model processed that naming; the measurement recorded the processing; a human interprets the record.,"The corpus named the dichotomy (none -- null pair by construction); the model processed that naming; the measurement recorded, at layer 1, cosine_AB_named(table|reason) is undefined here (corroboration only); a human interprets the record. [No dichotomy frame (null pair by construction).]",No dichotomy frame (null pair by construction).
null_table_reason,null,null_pair,(none -- null pair by construction),1,cosine_AB_carrier,table|reason,0.20764,True,(b) cross-layer pole relation,True,Tokenization fixes the position; the unit of analysis is the residual representation carried at that position; it is read across layers 0 to output. The token is not the unit.,The corpus named the dichotomy; the model processed that naming; the measurement recorded the processing; a human interprets the record.,"The corpus named the dichotomy (none -- null pair by construction); the model processed that naming; the measurement recorded, at layer 1, cosine_AB_carrier(table|reason) = 0.2076 (corroboration only); a human interprets the record.",
null_table_reason,null,null_pair,(none -- null pair by construction),1,midpoint_t,(none),,False,(a) seated-midpoint,True,Tokenization fixes the position; the unit of analysis is the residual representation carried at that position; it is read across layers 0 to output. The token is not the unit.,The corpus named the dichotomy; the model processed that naming; the measurement recorded the processing; a human interprets the record.,"The corpus named the dichotomy (none -- null pair by construction); the model processed that naming; the measurement recorded, at layer 1, midpoint_t((none)) is undefined here (corroboration only); a human interprets the record. [No single-token midpoint exists for this unit by construction.]",No single-token midpoint exists for this unit by construction.
null_table_reason,null,null_pair,(none -- null pair by construction),1,remainder_ratio,excluded_set,,False,(b) cross-layer pole relation,False,Tokenization fixes the position; the unit of analysis is the residual representation carried at that position; it is read across layers 0 to output. The token is not the unit.,The corpus named the dichotomy; the model processed that naming; the measurement recorded the processing; a human interprets the record.,"The corpus named the dichotomy (none -- null pair by construction); the model processed that naming; the measurement recorded, at layer 1, remainder_ratio(excluded_set) is undefined here; a human interprets the record. [No excluded-term set (null pair anchors the floor).]",No excluded-term set (null pair anchors the floor).
null_table_reason,null,null_pair,(none -- null pair by construction),2,cosine_AB_named,table|reason,,False,(b) cross-layer pole relation,True,Tokenization fixes the position; the unit of analysis is the residual representation carried at that position; it is read across layers 0 to output. The token is not the unit.,The corpus named the dichotomy; the model processed that naming; the measurement recorded the processing; a human interprets the record.,"The corpus named the dichotomy (none -- null pair by construction); the model processed that naming; the measurement recorded, at layer 2, cosine_AB_named(table|reason) is undefined here (corroboration only); a human interprets the record. [No dichotomy frame (null pair by construction).]",No dichotomy frame (null pair by construction).
null_table_reason,null,null_pair,(none -- null pair by construction),2,cosine_AB_carrier,table|reason,0.250173,True,(b) cross-layer pole relation,True,Tokenization fixes the position; the unit of analysis is the residual representation carried at that position; it is read across layers 0 to output. The token is not the unit.,The corpus named the dichotomy; the model processed that naming; the measurement recorded the processing; a human interprets the record.,"The corpus named the dichotomy (none -- null pair by construction); the model processed that naming; the measurement recorded, at layer 2, cosine_AB_carrier(table|reason) = 0.2502 (corroboration only); a human interprets the record.",
null_table_reason,null,null_pair,(none -- null pair by construction),2,midpoint_t,(none),,False,(a) seated-midpoint,True,Tokenization fixes the position; the unit of analysis is the residual representation carried at that position; it is read across layers 0 to output. The token is not the unit.,The corpus named the dichotomy; the model processed that naming; the measurement recorded the processing; a human interprets the record.,"The corpus named the dichotomy (none -- null pair by construction); the model processed that naming; the measurement recorded, at layer 2, midpoint_t((none)) is undefined here (corroboration only); a human interprets the record. [No single-token midpoint exists for this unit by construction.]",No single-token midpoint exists for this unit by construction.
null_table_reason,null,null_pair,(none -- null pair by construction),2,remainder_ratio,excluded_set,,False,(b) cross-layer pole relation,False,Tokenization fixes the position; the unit of analysis is the residual representation carried at that position; it is read across layers 0 to output. The token is not the unit.,The corpus named the dichotomy; the model processed that naming; the measurement recorded the processing; a human interprets the record.,"The corpus named the dichotomy (none -- null pair by construction); the model processed that naming; the measurement recorded, at layer 2, remainder_ratio(excluded_set) is undefined here; a human interprets the record. [No excluded-term set (null pair anchors the floor).]",No excluded-term set (null pair anchors the floor).
null_table_reason,null,null_pair,(none -- null pair by construction),3,cosine_AB_named,table|reason,,False,(b) cross-layer pole relation,True,Tokenization fixes the position; the unit of analysis is the residual representation carried at that position; it is read across layers 0 to output. The token is not the unit.,The corpus named the dichotomy; the model processed that naming; the measurement recorded the processing; a human interprets the record.,"The corpus named the dichotomy (none -- null pair by construction); the model processed that naming; the measurement recorded, at layer 3, cosine_AB_named(table|reason) is undefined here (corroboration only); a human interprets the record. [No dichotomy frame (null pair by construction).]",No dichotomy frame (null pair by construction).
null_table_reason,null,null_pair,(none -- null pair by construction),3,cosine_AB_carrier,table|reason,0.270547,True,(b) cross-layer pole relation,True,Tokenization fixes the position; the unit of analysis is the residual representation carried at that position; it is read across layers 0 to output. The token is not the unit.,The corpus named the dichotomy; the model processed that naming; the measurement recorded the processing; a human interprets the record.,"The corpus named the dichotomy (none -- null pair by construction); the model processed that naming; the measurement recorded, at layer 3, cosine_AB_carrier(table|reason) = 0.2705 (corroboration only); a human interprets the record.",
null_table_reason,null,null_pair,(none -- null pair by construction),3,midpoint_t,(none),,False,(a) seated-midpoint,True,Tokenization fixes the position; the unit of analysis is the residual representation carried at that position; it is read across layers 0 to output. The token is not the unit.,The corpus named the dichotomy; the model processed that naming; the measurement recorded the processing; a human interprets the record.,"The corpus named the dichotomy (none -- null pair by construction); the model processed that naming; the measurement recorded, at layer 3, midpoint_t((none)) is undefined here (corroboration only); a human interprets the record. [No single-token midpoint exists for this unit by construction.]",No single-token midpoint exists for this unit by construction.
null_table_reason,null,null_pair,(none -- null pair by construction),3,remainder_ratio,excluded_set,,False,(b) cross-layer pole relation,False,Tokenization fixes the position; the unit of analysis is the residual representation carried at that position; it is read across layers 0 to output. The token is not the unit.,The corpus named the dichotomy; the model processed that naming; the measurement recorded the processing; a human interprets the record.,"The corpus named the dichotomy (none -- null pair by construction); the model processed that naming; the measurement recorded, at layer 3, remainder_ratio(excluded_set) is undefined here; a human interprets the record. [No excluded-term set (null pair anchors the floor).]",No excluded-term set (null pair anchors the floor).
null_table_reason,null,null_pair,(none -- null pair by construction),4,cosine_AB_named,table|reason,,False,(b) cross-layer pole relation,True,Tokenization fixes the position; the unit of analysis is the residual representation carried at that position; it is read across layers 0 to output. The token is not the unit.,The corpus named the dichotomy; the model processed that naming; the measurement recorded the processing; a human interprets the record.,"The corpus named the dichotomy (none -- null pair by construction); the model processed that naming; the measurement recorded, at layer 4, cosine_AB_named(table|reason) is undefined here (corroboration only); a human interprets the record. [No dichotomy frame (null pair by construction).]",No dichotomy frame (null pair by construction).
null_table_reason,null,null_pair,(none -- null pair by construction),4,cosine_AB_carrier,table|reason,0.317766,True,(b) cross-layer pole relation,True,Tokenization fixes the position; the unit of analysis is the residual representation carried at that position; it is read across layers 0 to output. The token is not the unit.,The corpus named the dichotomy; the model processed that naming; the measurement recorded the processing; a human interprets the record.,"The corpus named the dichotomy (none -- null pair by construction); the model processed that naming; the measurement recorded, at layer 4, cosine_AB_carrier(table|reason) = 0.3178 (corroboration only); a human interprets the record.",
null_table_reason,null,null_pair,(none -- null pair by construction),4,midpoint_t,(none),,False,(a) seated-midpoint,True,Tokenization fixes the position; the unit of analysis is the residual representation carried at that position; it is read across layers 0 to output. The token is not the unit.,The corpus named the dichotomy; the model processed that naming; the measurement recorded the processing; a human interprets the record.,"The corpus named the dichotomy (none -- null pair by construction); the model processed that naming; the measurement recorded, at layer 4, midpoint_t((none)) is undefined here (corroboration only); a human interprets the record. [No single-token midpoint exists for this unit by construction.]",No single-token midpoint exists for this unit by construction.
null_table_reason,null,null_pair,(none -- null pair by construction),4,remainder_ratio,excluded_set,,False,(b) cross-layer pole relation,False,Tokenization fixes the position; the unit of analysis is the residual representation carried at that position; it is read across layers 0 to output. The token is not the unit.,The corpus named the dichotomy; the model processed that naming; the measurement recorded the processing; a human interprets the record.,"The corpus named the dichotomy (none -- null pair by construction); the model processed that naming; the measurement recorded, at layer 4, remainder_ratio(excluded_set) is undefined here; a human interprets the record. [No excluded-term set (null pair anchors the floor).]",No excluded-term set (null pair anchors the floor).
null_table_reason,null,null_pair,(none -- null pair by construction),5,cosine_AB_named,table|reason,,False,(b) cross-layer pole relation,True,Tokenization fixes the position; the unit of analysis is the residual representation carried at that position; it is read across layers 0 to output. The token is not the unit.,The corpus named the dichotomy; the model processed that naming; the measurement recorded the processing; a human interprets the record.,"The corpus named the dichotomy (none -- null pair by construction); the model processed that naming; the measurement recorded, at layer 5, cosine_AB_named(table|reason) is undefined here (corroboration only); a human interprets the record. [No dichotomy frame (null pair by construction).]",No dichotomy frame (null pair by construction).
null_table_reason,null,null_pair,(none -- null pair by construction),5,cosine_AB_carrier,table|reason,0.309196,True,(b) cross-layer pole relation,True,Tokenization fixes the position; the unit of analysis is the residual representation carried at that position; it is read across layers 0 to output. The token is not the unit.,The corpus named the dichotomy; the model processed that naming; the measurement recorded the processing; a human interprets the record.,"The corpus named the dichotomy (none -- null pair by construction); the model processed that naming; the measurement recorded, at layer 5, cosine_AB_carrier(table|reason) = 0.3092 (corroboration only); a human interprets the record.",
null_table_reason,null,null_pair,(none -- null pair by construction),5,midpoint_t,(none),,False,(a) seated-midpoint,True,Tokenization fixes the position; the unit of analysis is the residual representation carried at that position; it is read across layers 0 to output. The token is not the unit.,The corpus named the dichotomy; the model processed that naming; the measurement recorded the processing; a human interprets the record.,"The corpus named the dichotomy (none -- null pair by construction); the model processed that naming; the measurement recorded, at layer 5, midpoint_t((none)) is undefined here (corroboration only); a human interprets the record. [No single-token midpoint exists for this unit by construction.]",No single-token midpoint exists for this unit by construction.
null_table_reason,null,null_pair,(none -- null pair by construction),5,remainder_ratio,excluded_set,,False,(b) cross-layer pole relation,False,Tokenization fixes the position; the unit of analysis is the residual representation carried at that position; it is read across layers 0 to output. The token is not the unit.,The corpus named the dichotomy; the model processed that naming; the measurement recorded the processing; a human interprets the record.,"The corpus named the dichotomy (none -- null pair by construction); the model processed that naming; the measurement recorded, at layer 5, remainder_ratio(excluded_set) is undefined here; a human interprets the record. [No excluded-term set (null pair anchors the floor).]",No excluded-term set (null pair anchors the floor).
null_table_reason,null,null_pair,(none -- null pair by construction),6,cosine_AB_named,table|reason,,False,(b) cross-layer pole relation,True,Tokenization fixes the position; the unit of analysis is the residual representation carried at that position; it is read across layers 0 to output. The token is not the unit.,The corpus named the dichotomy; the model processed that naming; the measurement recorded the processing; a human interprets the record.,"The corpus named the dichotomy (none -- null pair by construction); the model processed that naming; the measurement recorded, at layer 6, cosine_AB_named(table|reason) is undefined here (corroboration only); a human interprets the record. [No dichotomy frame (null pair by construction).]",No dichotomy frame (null pair by construction).
null_table_reason,null,null_pair,(none -- null pair by construction),6,cosine_AB_carrier,table|reason,0.331163,True,(b) cross-layer pole relation,True,Tokenization fixes the position; the unit of analysis is the residual representation carried at that position; it is read across layers 0 to output. The token is not the unit.,The corpus named the dichotomy; the model processed that naming; the measurement recorded the processing; a human interprets the record.,"The corpus named the dichotomy (none -- null pair by construction); the model processed that naming; the measurement recorded, at layer 6, cosine_AB_carrier(table|reason) = 0.3312 (corroboration only); a human interprets the record.",
null_table_reason,null,null_pair,(none -- null pair by construction),6,midpoint_t,(none),,False,(a) seated-midpoint,True,Tokenization fixes the position; the unit of analysis is the residual representation carried at that position; it is read across layers 0 to output. The token is not the unit.,The corpus named the dichotomy; the model processed that naming; the measurement recorded the processing; a human interprets the record.,"The corpus named the dichotomy (none -- null pair by construction); the model processed that naming; the measurement recorded, at layer 6, midpoint_t((none)) is undefined here (corroboration only); a human interprets the record. [No single-token midpoint exists for this unit by construction.]",No single-token midpoint exists for this unit by construction.
null_table_reason,null,null_pair,(none -- null pair by construction),6,remainder_ratio,excluded_set,,False,(b) cross-layer pole relation,False,Tokenization fixes the position; the unit of analysis is the residual representation carried at that position; it is read across layers 0 to output. The token is not the unit.,The corpus named the dichotomy; the model processed that naming; the measurement recorded the processing; a human interprets the record.,"The corpus named the dichotomy (none -- null pair by construction); the model processed that naming; the measurement recorded, at layer 6, remainder_ratio(excluded_set) is undefined here; a human interprets the record. [No excluded-term set (null pair anchors the floor).]",No excluded-term set (null pair anchors the floor).
null_table_reason,null,null_pair,(none -- null pair by construction),7,cosine_AB_named,table|reason,,False,(b) cross-layer pole relation,True,Tokenization fixes the position; the unit of analysis is the residual representation carried at that position; it is read across layers 0 to output. The token is not the unit.,The corpus named the dichotomy; the model processed that naming; the measurement recorded the processing; a human interprets the record.,"The corpus named the dichotomy (none -- null pair by construction); the model processed that naming; the measurement recorded, at layer 7, cosine_AB_named(table|reason) is undefined here (corroboration only); a human interprets the record. [No dichotomy frame (null pair by construction).]",No dichotomy frame (null pair by construction).
null_table_reason,null,null_pair,(none -- null pair by construction),7,cosine_AB_carrier,table|reason,0.321223,True,(b) cross-layer pole relation,True,Tokenization fixes the position; the unit of analysis is the residual representation carried at that position; it is read across layers 0 to output. The token is not the unit.,The corpus named the dichotomy; the model processed that naming; the measurement recorded the processing; a human interprets the record.,"The corpus named the dichotomy (none -- null pair by construction); the model processed that naming; the measurement recorded, at layer 7, cosine_AB_carrier(table|reason) = 0.3212 (corroboration only); a human interprets the record.",
null_table_reason,null,null_pair,(none -- null pair by construction),7,midpoint_t,(none),,False,(a) seated-midpoint,True,Tokenization fixes the position; the unit of analysis is the residual representation carried at that position; it is read across layers 0 to output. The token is not the unit.,The corpus named the dichotomy; the model processed that naming; the measurement recorded the processing; a human interprets the record.,"The corpus named the dichotomy (none -- null pair by construction); the model processed that naming; the measurement recorded, at layer 7, midpoint_t((none)) is undefined here (corroboration only); a human interprets the record. [No single-token midpoint exists for this unit by construction.]",No single-token midpoint exists for this unit by construction.
null_table_reason,null,null_pair,(none -- null pair by construction),7,remainder_ratio,excluded_set,,False,(b) cross-layer pole relation,False,Tokenization fixes the position; the unit of analysis is the residual representation carried at that position; it is read across layers 0 to output. The token is not the unit.,The corpus named the dichotomy; the model processed that naming; the measurement recorded the processing; a human interprets the record.,"The corpus named the dichotomy (none -- null pair by construction); the model processed that naming; the measurement recorded, at layer 7, remainder_ratio(excluded_set) is undefined here; a human interprets the record. [No excluded-term set (null pair anchors the floor).]",No excluded-term set (null pair anchors the floor).
null_table_reason,null,null_pair,(none -- null pair by construction),8,cosine_AB_named,table|reason,,False,(b) cross-layer pole relation,True,Tokenization fixes the position; the unit of analysis is the residual representation carried at that position; it is read across layers 0 to output. The token is not the unit.,The corpus named the dichotomy; the model processed that naming; the measurement recorded the processing; a human interprets the record.,"The corpus named the dichotomy (none -- null pair by construction); the model processed that naming; the measurement recorded, at layer 8, cosine_AB_named(table|reason) is undefined here (corroboration only); a human interprets the record. [No dichotomy frame (null pair by construction).]",No dichotomy frame (null pair by construction).
null_table_reason,null,null_pair,(none -- null pair by construction),8,cosine_AB_carrier,table|reason,0.363915,True,(b) cross-layer pole relation,True,Tokenization fixes the position; the unit of analysis is the residual representation carried at that position; it is read across layers 0 to output. The token is not the unit.,The corpus named the dichotomy; the model processed that naming; the measurement recorded the processing; a human interprets the record.,"The corpus named the dichotomy (none -- null pair by construction); the model processed that naming; the measurement recorded, at layer 8, cosine_AB_carrier(table|reason) = 0.3639 (corroboration only); a human interprets the record.",
null_table_reason,null,null_pair,(none -- null pair by construction),8,midpoint_t,(none),,False,(a) seated-midpoint,True,Tokenization fixes the position; the unit of analysis is the residual representation carried at that position; it is read across layers 0 to output. The token is not the unit.,The corpus named the dichotomy; the model processed that naming; the measurement recorded the processing; a human interprets the record.,"The corpus named the dichotomy (none -- null pair by construction); the model processed that naming; the measurement recorded, at layer 8, midpoint_t((none)) is undefined here (corroboration only); a human interprets the record. [No single-token midpoint exists for this unit by construction.]",No single-token midpoint exists for this unit by construction.
null_table_reason,null,null_pair,(none -- null pair by construction),8,remainder_ratio,excluded_set,,False,(b) cross-layer pole relation,False,Tokenization fixes the position; the unit of analysis is the residual representation carried at that position; it is read across layers 0 to output. The token is not the unit.,The corpus named the dichotomy; the model processed that naming; the measurement recorded the processing; a human interprets the record.,"The corpus named the dichotomy (none -- null pair by construction); the model processed that naming; the measurement recorded, at layer 8, remainder_ratio(excluded_set) is undefined here; a human interprets the record. [No excluded-term set (null pair anchors the floor).]",No excluded-term set (null pair anchors the floor).
null_table_reason,null,null_pair,(none -- null pair by construction),9,cosine_AB_named,table|reason,,False,(b) cross-layer pole relation,True,Tokenization fixes the position; the unit of analysis is the residual representation carried at that position; it is read across layers 0 to output. The token is not the unit.,The corpus named the dichotomy; the model processed that naming; the measurement recorded the processing; a human interprets the record.,"The corpus named the dichotomy (none -- null pair by construction); the model processed that naming; the measurement recorded, at layer 9, cosine_AB_named(table|reason) is undefined here (corroboration only); a human interprets the record. [No dichotomy frame (null pair by construction).]",No dichotomy frame (null pair by construction).
null_table_reason,null,null_pair,(none -- null pair by construction),9,cosine_AB_carrier,table|reason,0.358452,True,(b) cross-layer pole relation,True,Tokenization fixes the position; the unit of analysis is the residual representation carried at that position; it is read across layers 0 to output. The token is not the unit.,The corpus named the dichotomy; the model processed that naming; the measurement recorded the processing; a human interprets the record.,"The corpus named the dichotomy (none -- null pair by construction); the model processed that naming; the measurement recorded, at layer 9, cosine_AB_carrier(table|reason) = 0.3585 (corroboration only); a human interprets the record.",
null_table_reason,null,null_pair,(none -- null pair by construction),9,midpoint_t,(none),,False,(a) seated-midpoint,True,Tokenization fixes the position; the unit of analysis is the residual representation carried at that position; it is read across layers 0 to output. The token is not the unit.,The corpus named the dichotomy; the model processed that naming; the measurement recorded the processing; a human interprets the record.,"The corpus named the dichotomy (none -- null pair by construction); the model processed that naming; the measurement recorded, at layer 9, midpoint_t((none)) is undefined here (corroboration only); a human interprets the record. [No single-token midpoint exists for this unit by construction.]",No single-token midpoint exists for this unit by construction.
null_table_reason,null,null_pair,(none -- null pair by construction),9,remainder_ratio,excluded_set,,False,(b) cross-layer pole relation,False,Tokenization fixes the position; the unit of analysis is the residual representation carried at that position; it is read across layers 0 to output. The token is not the unit.,The corpus named the dichotomy; the model processed that naming; the measurement recorded the processing; a human interprets the record.,"The corpus named the dichotomy (none -- null pair by construction); the model processed that naming; the measurement recorded, at layer 9, remainder_ratio(excluded_set) is undefined here; a human interprets the record. [No excluded-term set (null pair anchors the floor).]",No excluded-term set (null pair anchors the floor).
null_table_reason,null,null_pair,(none -- null pair by construction),10,cosine_AB_named,table|reason,,False,(b) cross-layer pole relation,True,Tokenization fixes the position; the unit of analysis is the residual representation carried at that position; it is read across layers 0 to output. The token is not the unit.,The corpus named the dichotomy; the model processed that naming; the measurement recorded the processing; a human interprets the record.,"The corpus named the dichotomy (none -- null pair by construction); the model processed that naming; the measurement recorded, at layer 10, cosine_AB_named(table|reason) is undefined here (corroboration only); a human interprets the record. [No dichotomy frame (null pair by construction).]",No dichotomy frame (null pair by construction).
null_table_reason,null,null_pair,(none -- null pair by construction),10,cosine_AB_carrier,table|reason,0.388768,True,(b) cross-layer pole relation,True,Tokenization fixes the position; the unit of analysis is the residual representation carried at that position; it is read across layers 0 to output. The token is not the unit.,The corpus named the dichotomy; the model processed that naming; the measurement recorded the processing; a human interprets the record.,"The corpus named the dichotomy (none -- null pair by construction); the model processed that naming; the measurement recorded, at layer 10, cosine_AB_carrier(table|reason) = 0.3888 (corroboration only); a human interprets the record.",
null_table_reason,null,null_pair,(none -- null pair by construction),10,midpoint_t,(none),,False,(a) seated-midpoint,True,Tokenization fixes the position; the unit of analysis is the residual representation carried at that position; it is read across layers 0 to output. The token is not the unit.,The corpus named the dichotomy; the model processed that naming; the measurement recorded the processing; a human interprets the record.,"The corpus named the dichotomy (none -- null pair by construction); the model processed that naming; the measurement recorded, at layer 10, midpoint_t((none)) is undefined here (corroboration only); a human interprets the record. [No single-token midpoint exists for this unit by construction.]",No single-token midpoint exists for this unit by construction.
null_table_reason,null,null_pair,(none -- null pair by construction),10,remainder_ratio,excluded_set,,False,(b) cross-layer pole relation,False,Tokenization fixes the position; the unit of analysis is the residual representation carried at that position; it is read across layers 0 to output. The token is not the unit.,The corpus named the dichotomy; the model processed that naming; the measurement recorded the processing; a human interprets the record.,"The corpus named the dichotomy (none -- null pair by construction); the model processed that naming; the measurement recorded, at layer 10, remainder_ratio(excluded_set) is undefined here; a human interprets the record. [No excluded-term set (null pair anchors the floor).]",No excluded-term set (null pair anchors the floor).
null_table_reason,null,null_pair,(none -- null pair by construction),11,cosine_AB_named,table|reason,,False,(b) cross-layer pole relation,True,Tokenization fixes the position; the unit of analysis is the residual representation carried at that position; it is read across layers 0 to output. The token is not the unit.,The corpus named the dichotomy; the model processed that naming; the measurement recorded the processing; a human interprets the record.,"The corpus named the dichotomy (none -- null pair by construction); the model processed that naming; the measurement recorded, at layer 11, cosine_AB_named(table|reason) is undefined here (corroboration only); a human interprets the record. [No dichotomy frame (null pair by construction).]",No dichotomy frame (null pair by construction).
null_table_reason,null,null_pair,(none -- null pair by construction),11,cosine_AB_carrier,table|reason,0.353653,True,(b) cross-layer pole relation,True,Tokenization fixes the position; the unit of analysis is the residual representation carried at that position; it is read across layers 0 to output. The token is not the unit.,The corpus named the dichotomy; the model processed that naming; the measurement recorded the processing; a human interprets the record.,"The corpus named the dichotomy (none -- null pair by construction); the model processed that naming; the measurement recorded, at layer 11, cosine_AB_carrier(table|reason) = 0.3537 (corroboration only); a human interprets the record.",
null_table_reason,null,null_pair,(none -- null pair by construction),11,midpoint_t,(none),,False,(a) seated-midpoint,True,Tokenization fixes the position; the unit of analysis is the residual representation carried at that position; it is read across layers 0 to output. The token is not the unit.,The corpus named the dichotomy; the model processed that naming; the measurement recorded the processing; a human interprets the record.,"The corpus named the dichotomy (none -- null pair by construction); the model processed that naming; the measurement recorded, at layer 11, midpoint_t((none)) is undefined here (corroboration only); a human interprets the record. [No single-token midpoint exists for this unit by construction.]",No single-token midpoint exists for this unit by construction.
null_table_reason,null,null_pair,(none -- null pair by construction),11,remainder_ratio,excluded_set,,False,(b) cross-layer pole relation,False,Tokenization fixes the position; the unit of analysis is the residual representation carried at that position; it is read across layers 0 to output. The token is not the unit.,The corpus named the dichotomy; the model processed that naming; the measurement recorded the processing; a human interprets the record.,"The corpus named the dichotomy (none -- null pair by construction); the model processed that naming; the measurement recorded, at layer 11, remainder_ratio(excluded_set) is undefined here; a human interprets the record. [No excluded-term set (null pair anchors the floor).]",No excluded-term set (null pair anchors the floor).
null_table_reason,null,null_pair,(none -- null pair by construction),12,cosine_AB_named,table|reason,,False,(b) cross-layer pole relation,True,Tokenization fixes the position; the unit of analysis is the residual representation carried at that position; it is read across layers 0 to output. The token is not the unit.,The corpus named the dichotomy; the model processed that naming; the measurement recorded the processing; a human interprets the record.,"The corpus named the dichotomy (none -- null pair by construction); the model processed that naming; the measurement recorded, at layer 12, cosine_AB_named(table|reason) is undefined here (corroboration only); a human interprets the record. [No dichotomy frame (null pair by construction).]",No dichotomy frame (null pair by construction).
null_table_reason,null,null_pair,(none -- null pair by construction),12,cosine_AB_carrier,table|reason,0.424979,True,(b) cross-layer pole relation,True,Tokenization fixes the position; the unit of analysis is the residual representation carried at that position; it is read across layers 0 to output. The token is not the unit.,The corpus named the dichotomy; the model processed that naming; the measurement recorded the processing; a human interprets the record.,"The corpus named the dichotomy (none -- null pair by construction); the model processed that naming; the measurement recorded, at layer 12, cosine_AB_carrier(table|reason) = 0.4250 (corroboration only); a human interprets the record.",
null_table_reason,null,null_pair,(none -- null pair by construction),12,midpoint_t,(none),,False,(a) seated-midpoint,True,Tokenization fixes the position; the unit of analysis is the residual representation carried at that position; it is read across layers 0 to output. The token is not the unit.,The corpus named the dichotomy; the model processed that naming; the measurement recorded the processing; a human interprets the record.,"The corpus named the dichotomy (none -- null pair by construction); the model processed that naming; the measurement recorded, at layer 12, midpoint_t((none)) is undefined here (corroboration only); a human interprets the record. [No single-token midpoint exists for this unit by construction.]",No single-token midpoint exists for this unit by construction.
null_table_reason,null,null_pair,(none -- null pair by construction),12,remainder_ratio,excluded_set,,False,(b) cross-layer pole relation,False,Tokenization fixes the position; the unit of analysis is the residual representation carried at that position; it is read across layers 0 to output. The token is not the unit.,The corpus named the dichotomy; the model processed that naming; the measurement recorded the processing; a human interprets the record.,"The corpus named the dichotomy (none -- null pair by construction); the model processed that naming; the measurement recorded, at layer 12, remainder_ratio(excluded_set) is undefined here; a human interprets the record. [No excluded-term set (null pair anchors the floor).]",No excluded-term set (null pair anchors the floor).
null_table_reason,null,null_pair,(none -- null pair by construction),13,cosine_AB_named,table|reason,,False,(b) cross-layer pole relation,True,Tokenization fixes the position; the unit of analysis is the residual representation carried at that position; it is read across layers 0 to output. The token is not the unit.,The corpus named the dichotomy; the model processed that naming; the measurement recorded the processing; a human interprets the record.,"The corpus named the dichotomy (none -- null pair by construction); the model processed that naming; the measurement recorded, at layer 13, cosine_AB_named(table|reason) is undefined here (corroboration only); a human interprets the record. [No dichotomy frame (null pair by construction).]",No dichotomy frame (null pair by construction).
null_table_reason,null,null_pair,(none -- null pair by construction),13,cosine_AB_carrier,table|reason,0.390968,True,(b) cross-layer pole relation,True,Tokenization fixes the position; the unit of analysis is the residual representation carried at that position; it is read across layers 0 to output. The token is not the unit.,The corpus named the dichotomy; the model processed that naming; the measurement recorded the processing; a human interprets the record.,"The corpus named the dichotomy (none -- null pair by construction); the model processed that naming; the measurement recorded, at layer 13, cosine_AB_carrier(table|reason) = 0.3910 (corroboration only); a human interprets the record.",
null_table_reason,null,null_pair,(none -- null pair by construction),13,midpoint_t,(none),,False,(a) seated-midpoint,True,Tokenization fixes the position; the unit of analysis is the residual representation carried at that position; it is read across layers 0 to output. The token is not the unit.,The corpus named the dichotomy; the model processed that naming; the measurement recorded the processing; a human interprets the record.,"The corpus named the dichotomy (none -- null pair by construction); the model processed that naming; the measurement recorded, at layer 13, midpoint_t((none)) is undefined here (corroboration only); a human interprets the record. [No single-token midpoint exists for this unit by construction.]",No single-token midpoint exists for this unit by construction.
null_table_reason,null,null_pair,(none -- null pair by construction),13,remainder_ratio,excluded_set,,False,(b) cross-layer pole relation,False,Tokenization fixes the position; the unit of analysis is the residual representation carried at that position; it is read across layers 0 to output. The token is not the unit.,The corpus named the dichotomy; the model processed that naming; the measurement recorded the processing; a human interprets the record.,"The corpus named the dichotomy (none -- null pair by construction); the model processed that naming; the measurement recorded, at layer 13, remainder_ratio(excluded_set) is undefined here; a human interprets the record. [No excluded-term set (null pair anchors the floor).]",No excluded-term set (null pair anchors the floor).
null_table_reason,null,null_pair,(none -- null pair by construction),14,cosine_AB_named,table|reason,,False,(b) cross-layer pole relation,True,Tokenization fixes the position; the unit of analysis is the residual representation carried at that position; it is read across layers 0 to output. The token is not the unit.,The corpus named the dichotomy; the model processed that naming; the measurement recorded the processing; a human interprets the record.,"The corpus named the dichotomy (none -- null pair by construction); the model processed that naming; the measurement recorded, at layer 14, cosine_AB_named(table|reason) is undefined here (corroboration only); a human interprets the record. [No dichotomy frame (null pair by construction).]",No dichotomy frame (null pair by construction).
null_table_reason,null,null_pair,(none -- null pair by construction),14,cosine_AB_carrier,table|reason,0.397243,True,(b) cross-layer pole relation,True,Tokenization fixes the position; the unit of analysis is the residual representation carried at that position; it is read across layers 0 to output. The token is not the unit.,The corpus named the dichotomy; the model processed that naming; the measurement recorded the processing; a human interprets the record.,"The corpus named the dichotomy (none -- null pair by construction); the model processed that naming; the measurement recorded, at layer 14, cosine_AB_carrier(table|reason) = 0.3972 (corroboration only); a human interprets the record.",
null_table_reason,null,null_pair,(none -- null pair by construction),14,midpoint_t,(none),,False,(a) seated-midpoint,True,Tokenization fixes the position; the unit of analysis is the residual representation carried at that position; it is read across layers 0 to output. The token is not the unit.,The corpus named the dichotomy; the model processed that naming; the measurement recorded the processing; a human interprets the record.,"The corpus named the dichotomy (none -- null pair by construction); the model processed that naming; the measurement recorded, at layer 14, midpoint_t((none)) is undefined here (corroboration only); a human interprets the record. [No single-token midpoint exists for this unit by construction.]",No single-token midpoint exists for this unit by construction.
null_table_reason,null,null_pair,(none -- null pair by construction),14,remainder_ratio,excluded_set,,False,(b) cross-layer pole relation,False,Tokenization fixes the position; the unit of analysis is the residual representation carried at that position; it is read across layers 0 to output. The token is not the unit.,The corpus named the dichotomy; the model processed that naming; the measurement recorded the processing; a human interprets the record.,"The corpus named the dichotomy (none -- null pair by construction); the model processed that naming; the measurement recorded, at layer 14, remainder_ratio(excluded_set) is undefined here; a human interprets the record. [No excluded-term set (null pair anchors the floor).]",No excluded-term set (null pair anchors the floor).
null_table_reason,null,null_pair,(none -- null pair by construction),15,cosine_AB_named,table|reason,,False,(b) cross-layer pole relation,True,Tokenization fixes the position; the unit of analysis is the residual representation carried at that position; it is read across layers 0 to output. The token is not the unit.,The corpus named the dichotomy; the model processed that naming; the measurement recorded the processing; a human interprets the record.,"The corpus named the dichotomy (none -- null pair by construction); the model processed that naming; the measurement recorded, at layer 15, cosine_AB_named(table|reason) is undefined here (corroboration only); a human interprets the record. [No dichotomy frame (null pair by construction).]",No dichotomy frame (null pair by construction).
null_table_reason,null,null_pair,(none -- null pair by construction),15,cosine_AB_carrier,table|reason,0.425926,True,(b) cross-layer pole relation,True,Tokenization fixes the position; the unit of analysis is the residual representation carried at that position; it is read across layers 0 to output. The token is not the unit.,The corpus named the dichotomy; the model processed that naming; the measurement recorded the processing; a human interprets the record.,"The corpus named the dichotomy (none -- null pair by construction); the model processed that naming; the measurement recorded, at layer 15, cosine_AB_carrier(table|reason) = 0.4259 (corroboration only); a human interprets the record.",
null_table_reason,null,null_pair,(none -- null pair by construction),15,midpoint_t,(none),,False,(a) seated-midpoint,True,Tokenization fixes the position; the unit of analysis is the residual representation carried at that position; it is read across layers 0 to output. The token is not the unit.,The corpus named the dichotomy; the model processed that naming; the measurement recorded the processing; a human interprets the record.,"The corpus named the dichotomy (none -- null pair by construction); the model processed that naming; the measurement recorded, at layer 15, midpoint_t((none)) is undefined here (corroboration only); a human interprets the record. [No single-token midpoint exists for this unit by construction.]",No single-token midpoint exists for this unit by construction.
null_table_reason,null,null_pair,(none -- null pair by construction),15,remainder_ratio,excluded_set,,False,(b) cross-layer pole relation,False,Tokenization fixes the position; the unit of analysis is the residual representation carried at that position; it is read across layers 0 to output. The token is not the unit.,The corpus named the dichotomy; the model processed that naming; the measurement recorded the processing; a human interprets the record.,"The corpus named the dichotomy (none -- null pair by construction); the model processed that naming; the measurement recorded, at layer 15, remainder_ratio(excluded_set) is undefined here; a human interprets the record. [No excluded-term set (null pair anchors the floor).]",No excluded-term set (null pair anchors the floor).
null_table_reason,null,null_pair,(none -- null pair by construction),16,cosine_AB_named,table|reason,,False,(b) cross-layer pole relation,True,Tokenization fixes the position; the unit of analysis is the residual representation carried at that position; it is read across layers 0 to output. The token is not the unit.,The corpus named the dichotomy; the model processed that naming; the measurement recorded the processing; a human interprets the record.,"The corpus named the dichotomy (none -- null pair by construction); the model processed that naming; the measurement recorded, at layer 16, cosine_AB_named(table|reason) is undefined here (corroboration only); a human interprets the record. [No dichotomy frame (null pair by construction).]",No dichotomy frame (null pair by construction).
null_table_reason,null,null_pair,(none -- null pair by construction),16,cosine_AB_carrier,table|reason,0.413341,True,(b) cross-layer pole relation,True,Tokenization fixes the position; the unit of analysis is the residual representation carried at that position; it is read across layers 0 to output. The token is not the unit.,The corpus named the dichotomy; the model processed that naming; the measurement recorded the processing; a human interprets the record.,"The corpus named the dichotomy (none -- null pair by construction); the model processed that naming; the measurement recorded, at layer 16, cosine_AB_carrier(table|reason) = 0.4133 (corroboration only); a human interprets the record.",
null_table_reason,null,null_pair,(none -- null pair by construction),16,midpoint_t,(none),,False,(a) seated-midpoint,True,Tokenization fixes the position; the unit of analysis is the residual representation carried at that position; it is read across layers 0 to output. The token is not the unit.,The corpus named the dichotomy; the model processed that naming; the measurement recorded the processing; a human interprets the record.,"The corpus named the dichotomy (none -- null pair by construction); the model processed that naming; the measurement recorded, at layer 16, midpoint_t((none)) is undefined here (corroboration only); a human interprets the record. [No single-token midpoint exists for this unit by construction.]",No single-token midpoint exists for this unit by construction.
null_table_reason,null,null_pair,(none -- null pair by construction),16,remainder_ratio,excluded_set,,False,(b) cross-layer pole relation,False,Tokenization fixes the position; the unit of analysis is the residual representation carried at that position; it is read across layers 0 to output. The token is not the unit.,The corpus named the dichotomy; the model processed that naming; the measurement recorded the processing; a human interprets the record.,"The corpus named the dichotomy (none -- null pair by construction); the model processed that naming; the measurement recorded, at layer 16, remainder_ratio(excluded_set) is undefined here; a human interprets the record. [No excluded-term set (null pair anchors the floor).]",No excluded-term set (null pair anchors the floor).
null_table_reason,null,null_pair,(none -- null pair by construction),17,cosine_AB_named,table|reason,,False,(b) cross-layer pole relation,True,Tokenization fixes the position; the unit of analysis is the residual representation carried at that position; it is read across layers 0 to output. The token is not the unit.,The corpus named the dichotomy; the model processed that naming; the measurement recorded the processing; a human interprets the record.,"The corpus named the dichotomy (none -- null pair by construction); the model processed that naming; the measurement recorded, at layer 17, cosine_AB_named(table|reason) is undefined here (corroboration only); a human interprets the record. [No dichotomy frame (null pair by construction).]",No dichotomy frame (null pair by construction).
null_table_reason,null,null_pair,(none -- null pair by construction),17,cosine_AB_carrier,table|reason,0.460082,True,(b) cross-layer pole relation,True,Tokenization fixes the position; the unit of analysis is the residual representation carried at that position; it is read across layers 0 to output. The token is not the unit.,The corpus named the dichotomy; the model processed that naming; the measurement recorded the processing; a human interprets the record.,"The corpus named the dichotomy (none -- null pair by construction); the model processed that naming; the measurement recorded, at layer 17, cosine_AB_carrier(table|reason) = 0.4601 (corroboration only); a human interprets the record.",
null_table_reason,null,null_pair,(none -- null pair by construction),17,midpoint_t,(none),,False,(a) seated-midpoint,True,Tokenization fixes the position; the unit of analysis is the residual representation carried at that position; it is read across layers 0 to output. The token is not the unit.,The corpus named the dichotomy; the model processed that naming; the measurement recorded the processing; a human interprets the record.,"The corpus named the dichotomy (none -- null pair by construction); the model processed that naming; the measurement recorded, at layer 17, midpoint_t((none)) is undefined here (corroboration only); a human interprets the record. [No single-token midpoint exists for this unit by construction.]",No single-token midpoint exists for this unit by construction.
null_table_reason,null,null_pair,(none -- null pair by construction),17,remainder_ratio,excluded_set,,False,(b) cross-layer pole relation,False,Tokenization fixes the position; the unit of analysis is the residual representation carried at that position; it is read across layers 0 to output. The token is not the unit.,The corpus named the dichotomy; the model processed that naming; the measurement recorded the processing; a human interprets the record.,"The corpus named the dichotomy (none -- null pair by construction); the model processed that naming; the measurement recorded, at layer 17, remainder_ratio(excluded_set) is undefined here; a human interprets the record. [No excluded-term set (null pair anchors the floor).]",No excluded-term set (null pair anchors the floor).
null_table_reason,null,null_pair,(none -- null pair by construction),18,cosine_AB_named,table|reason,,False,(b) cross-layer pole relation,True,Tokenization fixes the position; the unit of analysis is the residual representation carried at that position; it is read across layers 0 to output. The token is not the unit.,The corpus named the dichotomy; the model processed that naming; the measurement recorded the processing; a human interprets the record.,"The corpus named the dichotomy (none -- null pair by construction); the model processed that naming; the measurement recorded, at layer 18, cosine_AB_named(table|reason) is undefined here (corroboration only); a human interprets the record. [No dichotomy frame (null pair by construction).]",No dichotomy frame (null pair by construction).
null_table_reason,null,null_pair,(none -- null pair by construction),18,cosine_AB_carrier,table|reason,0.471637,True,(b) cross-layer pole relation,True,Tokenization fixes the position; the unit of analysis is the residual representation carried at that position; it is read across layers 0 to output. The token is not the unit.,The corpus named the dichotomy; the model processed that naming; the measurement recorded the processing; a human interprets the record.,"The corpus named the dichotomy (none -- null pair by construction); the model processed that naming; the measurement recorded, at layer 18, cosine_AB_carrier(table|reason) = 0.4716 (corroboration only); a human interprets the record.",
null_table_reason,null,null_pair,(none -- null pair by construction),18,midpoint_t,(none),,False,(a) seated-midpoint,True,Tokenization fixes the position; the unit of analysis is the residual representation carried at that position; it is read across layers 0 to output. The token is not the unit.,The corpus named the dichotomy; the model processed that naming; the measurement recorded the processing; a human interprets the record.,"The corpus named the dichotomy (none -- null pair by construction); the model processed that naming; the measurement recorded, at layer 18, midpoint_t((none)) is undefined here (corroboration only); a human interprets the record. [No single-token midpoint exists for this unit by construction.]",No single-token midpoint exists for this unit by construction.
null_table_reason,null,null_pair,(none -- null pair by construction),18,remainder_ratio,excluded_set,,False,(b) cross-layer pole relation,False,Tokenization fixes the position; the unit of analysis is the residual representation carried at that position; it is read across layers 0 to output. The token is not the unit.,The corpus named the dichotomy; the model processed that naming; the measurement recorded the processing; a human interprets the record.,"The corpus named the dichotomy (none -- null pair by construction); the model processed that naming; the measurement recorded, at layer 18, remainder_ratio(excluded_set) is undefined here; a human interprets the record. [No excluded-term set (null pair anchors the floor).]",No excluded-term set (null pair anchors the floor).
null_table_reason,null,null_pair,(none -- null pair by construction),19,cosine_AB_named,table|reason,,False,(b) cross-layer pole relation,True,Tokenization fixes the position; the unit of analysis is the residual representation carried at that position; it is read across layers 0 to output. The token is not the unit.,The corpus named the dichotomy; the model processed that naming; the measurement recorded the processing; a human interprets the record.,"The corpus named the dichotomy (none -- null pair by construction); the model processed that naming; the measurement recorded, at layer 19, cosine_AB_named(table|reason) is undefined here (corroboration only); a human interprets the record. [No dichotomy frame (null pair by construction).]",No dichotomy frame (null pair by construction).
null_table_reason,null,null_pair,(none -- null pair by construction),19,cosine_AB_carrier,table|reason,0.42226,True,(b) cross-layer pole relation,True,Tokenization fixes the position; the unit of analysis is the residual representation carried at that position; it is read across layers 0 to output. The token is not the unit.,The corpus named the dichotomy; the model processed that naming; the measurement recorded the processing; a human interprets the record.,"The corpus named the dichotomy (none -- null pair by construction); the model processed that naming; the measurement recorded, at layer 19, cosine_AB_carrier(table|reason) = 0.4223 (corroboration only); a human interprets the record.",
null_table_reason,null,null_pair,(none -- null pair by construction),19,midpoint_t,(none),,False,(a) seated-midpoint,True,Tokenization fixes the position; the unit of analysis is the residual representation carried at that position; it is read across layers 0 to output. The token is not the unit.,The corpus named the dichotomy; the model processed that naming; the measurement recorded the processing; a human interprets the record.,"The corpus named the dichotomy (none -- null pair by construction); the model processed that naming; the measurement recorded, at layer 19, midpoint_t((none)) is undefined here (corroboration only); a human interprets the record. [No single-token midpoint exists for this unit by construction.]",No single-token midpoint exists for this unit by construction.
null_table_reason,null,null_pair,(none -- null pair by construction),19,remainder_ratio,excluded_set,,False,(b) cross-layer pole relation,False,Tokenization fixes the position; the unit of analysis is the residual representation carried at that position; it is read across layers 0 to output. The token is not the unit.,The corpus named the dichotomy; the model processed that naming; the measurement recorded the processing; a human interprets the record.,"The corpus named the dichotomy (none -- null pair by construction); the model processed that naming; the measurement recorded, at layer 19, remainder_ratio(excluded_set) is undefined here; a human interprets the record. [No excluded-term set (null pair anchors the floor).]",No excluded-term set (null pair anchors the floor).
null_table_reason,null,null_pair,(none -- null pair by construction),20,cosine_AB_named,table|reason,,False,(b) cross-layer pole relation,True,Tokenization fixes the position; the unit of analysis is the residual representation carried at that position; it is read across layers 0 to output. The token is not the unit.,The corpus named the dichotomy; the model processed that naming; the measurement recorded the processing; a human interprets the record.,"The corpus named the dichotomy (none -- null pair by construction); the model processed that naming; the measurement recorded, at layer 20, cosine_AB_named(table|reason) is undefined here (corroboration only); a human interprets the record. [No dichotomy frame (null pair by construction).]",No dichotomy frame (null pair by construction).
null_table_reason,null,null_pair,(none -- null pair by construction),20,cosine_AB_carrier,table|reason,0.403137,True,(b) cross-layer pole relation,True,Tokenization fixes the position; the unit of analysis is the residual representation carried at that position; it is read across layers 0 to output. The token is not the unit.,The corpus named the dichotomy; the model processed that naming; the measurement recorded the processing; a human interprets the record.,"The corpus named the dichotomy (none -- null pair by construction); the model processed that naming; the measurement recorded, at layer 20, cosine_AB_carrier(table|reason) = 0.4031 (corroboration only); a human interprets the record.",
null_table_reason,null,null_pair,(none -- null pair by construction),20,midpoint_t,(none),,False,(a) seated-midpoint,True,Tokenization fixes the position; the unit of analysis is the residual representation carried at that position; it is read across layers 0 to output. The token is not the unit.,The corpus named the dichotomy; the model processed that naming; the measurement recorded the processing; a human interprets the record.,"The corpus named the dichotomy (none -- null pair by construction); the model processed that naming; the measurement recorded, at layer 20, midpoint_t((none)) is undefined here (corroboration only); a human interprets the record. [No single-token midpoint exists for this unit by construction.]",No single-token midpoint exists for this unit by construction.
null_table_reason,null,null_pair,(none -- null pair by construction),20,remainder_ratio,excluded_set,,False,(b) cross-layer pole relation,False,Tokenization fixes the position; the unit of analysis is the residual representation carried at that position; it is read across layers 0 to output. The token is not the unit.,The corpus named the dichotomy; the model processed that naming; the measurement recorded the processing; a human interprets the record.,"The corpus named the dichotomy (none -- null pair by construction); the model processed that naming; the measurement recorded, at layer 20, remainder_ratio(excluded_set) is undefined here; a human interprets the record. [No excluded-term set (null pair anchors the floor).]",No excluded-term set (null pair anchors the floor).
null_table_reason,null,null_pair,(none -- null pair by construction),21,cosine_AB_named,table|reason,,False,(b) cross-layer pole relation,True,Tokenization fixes the position; the unit of analysis is the residual representation carried at that position; it is read across layers 0 to output. The token is not the unit.,The corpus named the dichotomy; the model processed that naming; the measurement recorded the processing; a human interprets the record.,"The corpus named the dichotomy (none -- null pair by construction); the model processed that naming; the measurement recorded, at layer 21, cosine_AB_named(table|reason) is undefined here (corroboration only); a human interprets the record. [No dichotomy frame (null pair by construction).]",No dichotomy frame (null pair by construction).
null_table_reason,null,null_pair,(none -- null pair by construction),21,cosine_AB_carrier,table|reason,0.441535,True,(b) cross-layer pole relation,True,Tokenization fixes the position; the unit of analysis is the residual representation carried at that position; it is read across layers 0 to output. The token is not the unit.,The corpus named the dichotomy; the model processed that naming; the measurement recorded the processing; a human interprets the record.,"The corpus named the dichotomy (none -- null pair by construction); the model processed that naming; the measurement recorded, at layer 21, cosine_AB_carrier(table|reason) = 0.4415 (corroboration only); a human interprets the record.",
null_table_reason,null,null_pair,(none -- null pair by construction),21,midpoint_t,(none),,False,(a) seated-midpoint,True,Tokenization fixes the position; the unit of analysis is the residual representation carried at that position; it is read across layers 0 to output. The token is not the unit.,The corpus named the dichotomy; the model processed that naming; the measurement recorded the processing; a human interprets the record.,"The corpus named the dichotomy (none -- null pair by construction); the model processed that naming; the measurement recorded, at layer 21, midpoint_t((none)) is undefined here (corroboration only); a human interprets the record. [No single-token midpoint exists for this unit by construction.]",No single-token midpoint exists for this unit by construction.
null_table_reason,null,null_pair,(none -- null pair by construction),21,remainder_ratio,excluded_set,,False,(b) cross-layer pole relation,False,Tokenization fixes the position; the unit of analysis is the residual representation carried at that position; it is read across layers 0 to output. The token is not the unit.,The corpus named the dichotomy; the model processed that naming; the measurement recorded the processing; a human interprets the record.,"The corpus named the dichotomy (none -- null pair by construction); the model processed that naming; the measurement recorded, at layer 21, remainder_ratio(excluded_set) is undefined here; a human interprets the record. [No excluded-term set (null pair anchors the floor).]",No excluded-term set (null pair anchors the floor).
null_table_reason,null,null_pair,(none -- null pair by construction),22,cosine_AB_named,table|reason,,False,(b) cross-layer pole relation,True,Tokenization fixes the position; the unit of analysis is the residual representation carried at that position; it is read across layers 0 to output. The token is not the unit.,The corpus named the dichotomy; the model processed that naming; the measurement recorded the processing; a human interprets the record.,"The corpus named the dichotomy (none -- null pair by construction); the model processed that naming; the measurement recorded, at layer 22, cosine_AB_named(table|reason) is undefined here (corroboration only); a human interprets the record. [No dichotomy frame (null pair by construction).]",No dichotomy frame (null pair by construction).
null_table_reason,null,null_pair,(none -- null pair by construction),22,cosine_AB_carrier,table|reason,0.433072,True,(b) cross-layer pole relation,True,Tokenization fixes the position; the unit of analysis is the residual representation carried at that position; it is read across layers 0 to output. The token is not the unit.,The corpus named the dichotomy; the model processed that naming; the measurement recorded the processing; a human interprets the record.,"The corpus named the dichotomy (none -- null pair by construction); the model processed that naming; the measurement recorded, at layer 22, cosine_AB_carrier(table|reason) = 0.4331 (corroboration only); a human interprets the record.",
null_table_reason,null,null_pair,(none -- null pair by construction),22,midpoint_t,(none),,False,(a) seated-midpoint,True,Tokenization fixes the position; the unit of analysis is the residual representation carried at that position; it is read across layers 0 to output. The token is not the unit.,The corpus named the dichotomy; the model processed that naming; the measurement recorded the processing; a human interprets the record.,"The corpus named the dichotomy (none -- null pair by construction); the model processed that naming; the measurement recorded, at layer 22, midpoint_t((none)) is undefined here (corroboration only); a human interprets the record. [No single-token midpoint exists for this unit by construction.]",No single-token midpoint exists for this unit by construction.
null_table_reason,null,null_pair,(none -- null pair by construction),22,remainder_ratio,excluded_set,,False,(b) cross-layer pole relation,False,Tokenization fixes the position; the unit of analysis is the residual representation carried at that position; it is read across layers 0 to output. The token is not the unit.,The corpus named the dichotomy; the model processed that naming; the measurement recorded the processing; a human interprets the record.,"The corpus named the dichotomy (none -- null pair by construction); the model processed that naming; the measurement recorded, at layer 22, remainder_ratio(excluded_set) is undefined here; a human interprets the record. [No excluded-term set (null pair anchors the floor).]",No excluded-term set (null pair anchors the floor).
null_table_reason,null,null_pair,(none -- null pair by construction),23,cosine_AB_named,table|reason,,False,(b) cross-layer pole relation,True,Tokenization fixes the position; the unit of analysis is the residual representation carried at that position; it is read across layers 0 to output. The token is not the unit.,The corpus named the dichotomy; the model processed that naming; the measurement recorded the processing; a human interprets the record.,"The corpus named the dichotomy (none -- null pair by construction); the model processed that naming; the measurement recorded, at layer 23, cosine_AB_named(table|reason) is undefined here (corroboration only); a human interprets the record. [No dichotomy frame (null pair by construction).]",No dichotomy frame (null pair by construction).
null_table_reason,null,null_pair,(none -- null pair by construction),23,cosine_AB_carrier,table|reason,0.460423,True,(b) cross-layer pole relation,True,Tokenization fixes the position; the unit of analysis is the residual representation carried at that position; it is read across layers 0 to output. The token is not the unit.,The corpus named the dichotomy; the model processed that naming; the measurement recorded the processing; a human interprets the record.,"The corpus named the dichotomy (none -- null pair by construction); the model processed that naming; the measurement recorded, at layer 23, cosine_AB_carrier(table|reason) = 0.4604 (corroboration only); a human interprets the record.",
null_table_reason,null,null_pair,(none -- null pair by construction),23,midpoint_t,(none),,False,(a) seated-midpoint,True,Tokenization fixes the position; the unit of analysis is the residual representation carried at that position; it is read across layers 0 to output. The token is not the unit.,The corpus named the dichotomy; the model processed that naming; the measurement recorded the processing; a human interprets the record.,"The corpus named the dichotomy (none -- null pair by construction); the model processed that naming; the measurement recorded, at layer 23, midpoint_t((none)) is undefined here (corroboration only); a human interprets the record. [No single-token midpoint exists for this unit by construction.]",No single-token midpoint exists for this unit by construction.
null_table_reason,null,null_pair,(none -- null pair by construction),23,remainder_ratio,excluded_set,,False,(b) cross-layer pole relation,False,Tokenization fixes the position; the unit of analysis is the residual representation carried at that position; it is read across layers 0 to output. The token is not the unit.,The corpus named the dichotomy; the model processed that naming; the measurement recorded the processing; a human interprets the record.,"The corpus named the dichotomy (none -- null pair by construction); the model processed that naming; the measurement recorded, at layer 23, remainder_ratio(excluded_set) is undefined here; a human interprets the record. [No excluded-term set (null pair anchors the floor).]",No excluded-term set (null pair anchors the floor).
null_table_reason,null,null_pair,(none -- null pair by construction),24,cosine_AB_named,table|reason,,False,(b) cross-layer pole relation,True,Tokenization fixes the position; the unit of analysis is the residual representation carried at that position; it is read across layers 0 to output. The token is not the unit.,The corpus named the dichotomy; the model processed that naming; the measurement recorded the processing; a human interprets the record.,"The corpus named the dichotomy (none -- null pair by construction); the model processed that naming; the measurement recorded, at layer 24, cosine_AB_named(table|reason) is undefined here (corroboration only); a human interprets the record. [No dichotomy frame (null pair by construction).]",No dichotomy frame (null pair by construction).
null_table_reason,null,null_pair,(none -- null pair by construction),24,cosine_AB_carrier,table|reason,0.480096,True,(b) cross-layer pole relation,True,Tokenization fixes the position; the unit of analysis is the residual representation carried at that position; it is read across layers 0 to output. The token is not the unit.,The corpus named the dichotomy; the model processed that naming; the measurement recorded the processing; a human interprets the record.,"The corpus named the dichotomy (none -- null pair by construction); the model processed that naming; the measurement recorded, at layer 24, cosine_AB_carrier(table|reason) = 0.4801 (corroboration only); a human interprets the record.",
null_table_reason,null,null_pair,(none -- null pair by construction),24,midpoint_t,(none),,False,(a) seated-midpoint,True,Tokenization fixes the position; the unit of analysis is the residual representation carried at that position; it is read across layers 0 to output. The token is not the unit.,The corpus named the dichotomy; the model processed that naming; the measurement recorded the processing; a human interprets the record.,"The corpus named the dichotomy (none -- null pair by construction); the model processed that naming; the measurement recorded, at layer 24, midpoint_t((none)) is undefined here (corroboration only); a human interprets the record. [No single-token midpoint exists for this unit by construction.]",No single-token midpoint exists for this unit by construction.
null_table_reason,null,null_pair,(none -- null pair by construction),24,remainder_ratio,excluded_set,,False,(b) cross-layer pole relation,False,Tokenization fixes the position; the unit of analysis is the residual representation carried at that position; it is read across layers 0 to output. The token is not the unit.,The corpus named the dichotomy; the model processed that naming; the measurement recorded the processing; a human interprets the record.,"The corpus named the dichotomy (none -- null pair by construction); the model processed that naming; the measurement recorded, at layer 24, remainder_ratio(excluded_set) is undefined here; a human interprets the record. [No excluded-term set (null pair anchors the floor).]",No excluded-term set (null pair anchors the floor).
null_table_reason,null,null_pair,(none -- null pair by construction),25,cosine_AB_named,table|reason,,False,(b) cross-layer pole relation,True,Tokenization fixes the position; the unit of analysis is the residual representation carried at that position; it is read across layers 0 to output. The token is not the unit.,The corpus named the dichotomy; the model processed that naming; the measurement recorded the processing; a human interprets the record.,"The corpus named the dichotomy (none -- null pair by construction); the model processed that naming; the measurement recorded, at layer 25, cosine_AB_named(table|reason) is undefined here (corroboration only); a human interprets the record. [No dichotomy frame (null pair by construction).]",No dichotomy frame (null pair by construction).
null_table_reason,null,null_pair,(none -- null pair by construction),25,cosine_AB_carrier,table|reason,0.517815,True,(b) cross-layer pole relation,True,Tokenization fixes the position; the unit of analysis is the residual representation carried at that position; it is read across layers 0 to output. The token is not the unit.,The corpus named the dichotomy; the model processed that naming; the measurement recorded the processing; a human interprets the record.,"The corpus named the dichotomy (none -- null pair by construction); the model processed that naming; the measurement recorded, at layer 25, cosine_AB_carrier(table|reason) = 0.5178 (corroboration only); a human interprets the record.",
null_table_reason,null,null_pair,(none -- null pair by construction),25,midpoint_t,(none),,False,(a) seated-midpoint,True,Tokenization fixes the position; the unit of analysis is the residual representation carried at that position; it is read across layers 0 to output. The token is not the unit.,The corpus named the dichotomy; the model processed that naming; the measurement recorded the processing; a human interprets the record.,"The corpus named the dichotomy (none -- null pair by construction); the model processed that naming; the measurement recorded, at layer 25, midpoint_t((none)) is undefined here (corroboration only); a human interprets the record. [No single-token midpoint exists for this unit by construction.]",No single-token midpoint exists for this unit by construction.
null_table_reason,null,null_pair,(none -- null pair by construction),25,remainder_ratio,excluded_set,,False,(b) cross-layer pole relation,False,Tokenization fixes the position; the unit of analysis is the residual representation carried at that position; it is read across layers 0 to output. The token is not the unit.,The corpus named the dichotomy; the model processed that naming; the measurement recorded the processing; a human interprets the record.,"The corpus named the dichotomy (none -- null pair by construction); the model processed that naming; the measurement recorded, at layer 25, remainder_ratio(excluded_set) is undefined here; a human interprets the record. [No excluded-term set (null pair anchors the floor).]",No excluded-term set (null pair anchors the floor).
null_table_reason,null,null_pair,(none -- null pair by construction),26,cosine_AB_named,table|reason,,False,(b) cross-layer pole relation,True,Tokenization fixes the position; the unit of analysis is the residual representation carried at that position; it is read across layers 0 to output. The token is not the unit.,The corpus named the dichotomy; the model processed that naming; the measurement recorded the processing; a human interprets the record.,"The corpus named the dichotomy (none -- null pair by construction); the model processed that naming; the measurement recorded, at layer 26, cosine_AB_named(table|reason) is undefined here (corroboration only); a human interprets the record. [No dichotomy frame (null pair by construction).]",No dichotomy frame (null pair by construction).
null_table_reason,null,null_pair,(none -- null pair by construction),26,cosine_AB_carrier,table|reason,0.500367,True,(b) cross-layer pole relation,True,Tokenization fixes the position; the unit of analysis is the residual representation carried at that position; it is read across layers 0 to output. The token is not the unit.,The corpus named the dichotomy; the model processed that naming; the measurement recorded the processing; a human interprets the record.,"The corpus named the dichotomy (none -- null pair by construction); the model processed that naming; the measurement recorded, at layer 26, cosine_AB_carrier(table|reason) = 0.5004 (corroboration only); a human interprets the record.",
null_table_reason,null,null_pair,(none -- null pair by construction),26,midpoint_t,(none),,False,(a) seated-midpoint,True,Tokenization fixes the position; the unit of analysis is the residual representation carried at that position; it is read across layers 0 to output. The token is not the unit.,The corpus named the dichotomy; the model processed that naming; the measurement recorded the processing; a human interprets the record.,"The corpus named the dichotomy (none -- null pair by construction); the model processed that naming; the measurement recorded, at layer 26, midpoint_t((none)) is undefined here (corroboration only); a human interprets the record. [No single-token midpoint exists for this unit by construction.]",No single-token midpoint exists for this unit by construction.
null_table_reason,null,null_pair,(none -- null pair by construction),26,remainder_ratio,excluded_set,,False,(b) cross-layer pole relation,False,Tokenization fixes the position; the unit of analysis is the residual representation carried at that position; it is read across layers 0 to output. The token is not the unit.,The corpus named the dichotomy; the model processed that naming; the measurement recorded the processing; a human interprets the record.,"The corpus named the dichotomy (none -- null pair by construction); the model processed that naming; the measurement recorded, at layer 26, remainder_ratio(excluded_set) is undefined here; a human interprets the record. [No excluded-term set (null pair anchors the floor).]",No excluded-term set (null pair anchors the floor).
